Model Name,Layer Index,Layer Name,Shape,Data Type,Parameters,Bytes,MB,grain128 Cycles (16250 cycles/byte),chacha20_poly1305 Cycles (170 cycles/byte),trivium Cycles (8000 cycles/byte)
mobile-VIT-float.onnx,0,net.mobilevit.encoder.layer.2.transformer.layer.0.layernorm_before.bias,[144],float32,144,576,0.000549,9360000,97920,4608000
mobile-VIT-float.onnx,1,net.mobilevit.encoder.layer.2.transformer.layer.0.layernorm_before.weight,[144],float32,144,576,0.000549,9360000,97920,4608000
mobile-VIT-float.onnx,2,net.mobilevit.encoder.layer.2.transformer.layer.0.attention.attention.query.bias,[144],float32,144,576,0.000549,9360000,97920,4608000
mobile-VIT-float.onnx,3,net.mobilevit.encoder.layer.2.transformer.layer.0.attention.attention.key.bias,[144],float32,144,576,0.000549,9360000,97920,4608000
mobile-VIT-float.onnx,4,net.mobilevit.encoder.layer.2.transformer.layer.0.attention.attention.value.bias,[144],float32,144,576,0.000549,9360000,97920,4608000
mobile-VIT-float.onnx,5,net.mobilevit.encoder.layer.2.transformer.layer.0.attention.output.dense.bias,[144],float32,144,576,0.000549,9360000,97920,4608000
mobile-VIT-float.onnx,6,net.mobilevit.encoder.layer.2.transformer.layer.0.layernorm_after.bias,[144],float32,144,576,0.000549,9360000,97920,4608000
mobile-VIT-float.onnx,7,net.mobilevit.encoder.layer.2.transformer.layer.0.layernorm_after.weight,[144],float32,144,576,0.000549,9360000,97920,4608000
mobile-VIT-float.onnx,8,net.mobilevit.encoder.layer.2.transformer.layer.0.output.dense.bias,[144],float32,144,576,0.000549,9360000,97920,4608000
mobile-VIT-float.onnx,9,net.mobilevit.encoder.layer.2.transformer.layer.1.layernorm_before.bias,[144],float32,144,576,0.000549,9360000,97920,4608000
mobile-VIT-float.onnx,10,net.mobilevit.encoder.layer.2.transformer.layer.1.layernorm_before.weight,[144],float32,144,576,0.000549,9360000,97920,4608000
mobile-VIT-float.onnx,11,net.mobilevit.encoder.layer.2.transformer.layer.1.attention.attention.query.bias,[144],float32,144,576,0.000549,9360000,97920,4608000
mobile-VIT-float.onnx,12,net.mobilevit.encoder.layer.2.transformer.layer.1.attention.attention.key.bias,[144],float32,144,576,0.000549,9360000,97920,4608000
mobile-VIT-float.onnx,13,net.mobilevit.encoder.layer.2.transformer.layer.1.attention.attention.value.bias,[144],float32,144,576,0.000549,9360000,97920,4608000
mobile-VIT-float.onnx,14,net.mobilevit.encoder.layer.2.transformer.layer.1.attention.output.dense.bias,[144],float32,144,576,0.000549,9360000,97920,4608000
mobile-VIT-float.onnx,15,net.mobilevit.encoder.layer.2.transformer.layer.1.layernorm_after.bias,[144],float32,144,576,0.000549,9360000,97920,4608000
mobile-VIT-float.onnx,16,net.mobilevit.encoder.layer.2.transformer.layer.1.layernorm_after.weight,[144],float32,144,576,0.000549,9360000,97920,4608000
mobile-VIT-float.onnx,17,net.mobilevit.encoder.layer.2.transformer.layer.1.output.dense.bias,[144],float32,144,576,0.000549,9360000,97920,4608000
mobile-VIT-float.onnx,18,net.mobilevit.encoder.layer.2.layernorm.bias,[144],float32,144,576,0.000549,9360000,97920,4608000
mobile-VIT-float.onnx,19,net.mobilevit.encoder.layer.2.layernorm.weight,[144],float32,144,576,0.000549,9360000,97920,4608000
mobile-VIT-float.onnx,20,net.mobilevit.encoder.layer.3.transformer.layer.0.layernorm_before.bias,[192],float32,192,768,0.000732,12480000,130560,6144000
mobile-VIT-float.onnx,21,net.mobilevit.encoder.layer.3.transformer.layer.0.layernorm_before.weight,[192],float32,192,768,0.000732,12480000,130560,6144000
mobile-VIT-float.onnx,22,net.mobilevit.encoder.layer.3.transformer.layer.0.attention.attention.query.bias,[192],float32,192,768,0.000732,12480000,130560,6144000
mobile-VIT-float.onnx,23,net.mobilevit.encoder.layer.3.transformer.layer.0.attention.attention.key.bias,[192],float32,192,768,0.000732,12480000,130560,6144000
mobile-VIT-float.onnx,24,net.mobilevit.encoder.layer.3.transformer.layer.0.attention.attention.value.bias,[192],float32,192,768,0.000732,12480000,130560,6144000
mobile-VIT-float.onnx,25,net.mobilevit.encoder.layer.3.transformer.layer.0.attention.output.dense.bias,[192],float32,192,768,0.000732,12480000,130560,6144000
mobile-VIT-float.onnx,26,net.mobilevit.encoder.layer.3.transformer.layer.0.layernorm_after.bias,[192],float32,192,768,0.000732,12480000,130560,6144000
mobile-VIT-float.onnx,27,net.mobilevit.encoder.layer.3.transformer.layer.0.layernorm_after.weight,[192],float32,192,768,0.000732,12480000,130560,6144000
mobile-VIT-float.onnx,28,net.mobilevit.encoder.layer.3.transformer.layer.0.output.dense.bias,[192],float32,192,768,0.000732,12480000,130560,6144000
mobile-VIT-float.onnx,29,net.mobilevit.encoder.layer.3.transformer.layer.1.layernorm_before.bias,[192],float32,192,768,0.000732,12480000,130560,6144000
mobile-VIT-float.onnx,30,net.mobilevit.encoder.layer.3.transformer.layer.1.layernorm_before.weight,[192],float32,192,768,0.000732,12480000,130560,6144000
mobile-VIT-float.onnx,31,net.mobilevit.encoder.layer.3.transformer.layer.1.attention.attention.query.bias,[192],float32,192,768,0.000732,12480000,130560,6144000
mobile-VIT-float.onnx,32,net.mobilevit.encoder.layer.3.transformer.layer.1.attention.attention.key.bias,[192],float32,192,768,0.000732,12480000,130560,6144000
mobile-VIT-float.onnx,33,net.mobilevit.encoder.layer.3.transformer.layer.1.attention.attention.value.bias,[192],float32,192,768,0.000732,12480000,130560,6144000
mobile-VIT-float.onnx,34,net.mobilevit.encoder.layer.3.transformer.layer.1.attention.output.dense.bias,[192],float32,192,768,0.000732,12480000,130560,6144000
mobile-VIT-float.onnx,35,net.mobilevit.encoder.layer.3.transformer.layer.1.layernorm_after.bias,[192],float32,192,768,0.000732,12480000,130560,6144000
mobile-VIT-float.onnx,36,net.mobilevit.encoder.layer.3.transformer.layer.1.layernorm_after.weight,[192],float32,192,768,0.000732,12480000,130560,6144000
mobile-VIT-float.onnx,37,net.mobilevit.encoder.layer.3.transformer.layer.1.output.dense.bias,[192],float32,192,768,0.000732,12480000,130560,6144000
mobile-VIT-float.onnx,38,net.mobilevit.encoder.layer.3.transformer.layer.2.layernorm_before.bias,[192],float32,192,768,0.000732,12480000,130560,6144000
mobile-VIT-float.onnx,39,net.mobilevit.encoder.layer.3.transformer.layer.2.layernorm_before.weight,[192],float32,192,768,0.000732,12480000,130560,6144000
mobile-VIT-float.onnx,40,net.mobilevit.encoder.layer.3.transformer.layer.2.attention.attention.query.bias,[192],float32,192,768,0.000732,12480000,130560,6144000
mobile-VIT-float.onnx,41,net.mobilevit.encoder.layer.3.transformer.layer.2.attention.attention.key.bias,[192],float32,192,768,0.000732,12480000,130560,6144000
mobile-VIT-float.onnx,42,net.mobilevit.encoder.layer.3.transformer.layer.2.attention.attention.value.bias,[192],float32,192,768,0.000732,12480000,130560,6144000
mobile-VIT-float.onnx,43,net.mobilevit.encoder.layer.3.transformer.layer.2.attention.output.dense.bias,[192],float32,192,768,0.000732,12480000,130560,6144000
mobile-VIT-float.onnx,44,net.mobilevit.encoder.layer.3.transformer.layer.2.layernorm_after.bias,[192],float32,192,768,0.000732,12480000,130560,6144000
mobile-VIT-float.onnx,45,net.mobilevit.encoder.layer.3.transformer.layer.2.layernorm_after.weight,[192],float32,192,768,0.000732,12480000,130560,6144000
mobile-VIT-float.onnx,46,net.mobilevit.encoder.layer.3.transformer.layer.2.output.dense.bias,[192],float32,192,768,0.000732,12480000,130560,6144000
mobile-VIT-float.onnx,47,net.mobilevit.encoder.layer.3.transformer.layer.3.layernorm_before.bias,[192],float32,192,768,0.000732,12480000,130560,6144000
mobile-VIT-float.onnx,48,net.mobilevit.encoder.layer.3.transformer.layer.3.layernorm_before.weight,[192],float32,192,768,0.000732,12480000,130560,6144000
mobile-VIT-float.onnx,49,net.mobilevit.encoder.layer.3.transformer.layer.3.attention.attention.query.bias,[192],float32,192,768,0.000732,12480000,130560,6144000
mobile-VIT-float.onnx,50,net.mobilevit.encoder.layer.3.transformer.layer.3.attention.attention.key.bias,[192],float32,192,768,0.000732,12480000,130560,6144000
mobile-VIT-float.onnx,51,net.mobilevit.encoder.layer.3.transformer.layer.3.attention.attention.value.bias,[192],float32,192,768,0.000732,12480000,130560,6144000
mobile-VIT-float.onnx,52,net.mobilevit.encoder.layer.3.transformer.layer.3.attention.output.dense.bias,[192],float32,192,768,0.000732,12480000,130560,6144000
mobile-VIT-float.onnx,53,net.mobilevit.encoder.layer.3.transformer.layer.3.layernorm_after.bias,[192],float32,192,768,0.000732,12480000,130560,6144000
mobile-VIT-float.onnx,54,net.mobilevit.encoder.layer.3.transformer.layer.3.layernorm_after.weight,[192],float32,192,768,0.000732,12480000,130560,6144000
mobile-VIT-float.onnx,55,net.mobilevit.encoder.layer.3.transformer.layer.3.output.dense.bias,[192],float32,192,768,0.000732,12480000,130560,6144000
mobile-VIT-float.onnx,56,net.mobilevit.encoder.layer.3.layernorm.bias,[192],float32,192,768,0.000732,12480000,130560,6144000
mobile-VIT-float.onnx,57,net.mobilevit.encoder.layer.3.layernorm.weight,[192],float32,192,768,0.000732,12480000,130560,6144000
mobile-VIT-float.onnx,58,net.mobilevit.encoder.layer.4.transformer.layer.0.layernorm_before.bias,[240],float32,240,960,0.000916,15600000,163200,7680000
mobile-VIT-float.onnx,59,net.mobilevit.encoder.layer.4.transformer.layer.0.layernorm_before.weight,[240],float32,240,960,0.000916,15600000,163200,7680000
mobile-VIT-float.onnx,60,net.mobilevit.encoder.layer.4.transformer.layer.0.attention.attention.query.bias,[240],float32,240,960,0.000916,15600000,163200,7680000
mobile-VIT-float.onnx,61,net.mobilevit.encoder.layer.4.transformer.layer.0.attention.attention.key.bias,[240],float32,240,960,0.000916,15600000,163200,7680000
mobile-VIT-float.onnx,62,net.mobilevit.encoder.layer.4.transformer.layer.0.attention.attention.value.bias,[240],float32,240,960,0.000916,15600000,163200,7680000
mobile-VIT-float.onnx,63,net.mobilevit.encoder.layer.4.transformer.layer.0.attention.output.dense.bias,[240],float32,240,960,0.000916,15600000,163200,7680000
mobile-VIT-float.onnx,64,net.mobilevit.encoder.layer.4.transformer.layer.0.layernorm_after.bias,[240],float32,240,960,0.000916,15600000,163200,7680000
mobile-VIT-float.onnx,65,net.mobilevit.encoder.layer.4.transformer.layer.0.layernorm_after.weight,[240],float32,240,960,0.000916,15600000,163200,7680000
mobile-VIT-float.onnx,66,net.mobilevit.encoder.layer.4.transformer.layer.0.output.dense.bias,[240],float32,240,960,0.000916,15600000,163200,7680000
mobile-VIT-float.onnx,67,net.mobilevit.encoder.layer.4.transformer.layer.1.layernorm_before.bias,[240],float32,240,960,0.000916,15600000,163200,7680000
mobile-VIT-float.onnx,68,net.mobilevit.encoder.layer.4.transformer.layer.1.layernorm_before.weight,[240],float32,240,960,0.000916,15600000,163200,7680000
mobile-VIT-float.onnx,69,net.mobilevit.encoder.layer.4.transformer.layer.1.attention.attention.query.bias,[240],float32,240,960,0.000916,15600000,163200,7680000
mobile-VIT-float.onnx,70,net.mobilevit.encoder.layer.4.transformer.layer.1.attention.attention.key.bias,[240],float32,240,960,0.000916,15600000,163200,7680000
mobile-VIT-float.onnx,71,net.mobilevit.encoder.layer.4.transformer.layer.1.attention.attention.value.bias,[240],float32,240,960,0.000916,15600000,163200,7680000
mobile-VIT-float.onnx,72,net.mobilevit.encoder.layer.4.transformer.layer.1.attention.output.dense.bias,[240],float32,240,960,0.000916,15600000,163200,7680000
mobile-VIT-float.onnx,73,net.mobilevit.encoder.layer.4.transformer.layer.1.layernorm_after.bias,[240],float32,240,960,0.000916,15600000,163200,7680000
mobile-VIT-float.onnx,74,net.mobilevit.encoder.layer.4.transformer.layer.1.layernorm_after.weight,[240],float32,240,960,0.000916,15600000,163200,7680000
mobile-VIT-float.onnx,75,net.mobilevit.encoder.layer.4.transformer.layer.1.output.dense.bias,[240],float32,240,960,0.000916,15600000,163200,7680000
mobile-VIT-float.onnx,76,net.mobilevit.encoder.layer.4.transformer.layer.2.layernorm_before.bias,[240],float32,240,960,0.000916,15600000,163200,7680000
mobile-VIT-float.onnx,77,net.mobilevit.encoder.layer.4.transformer.layer.2.layernorm_before.weight,[240],float32,240,960,0.000916,15600000,163200,7680000
mobile-VIT-float.onnx,78,net.mobilevit.encoder.layer.4.transformer.layer.2.attention.attention.query.bias,[240],float32,240,960,0.000916,15600000,163200,7680000
mobile-VIT-float.onnx,79,net.mobilevit.encoder.layer.4.transformer.layer.2.attention.attention.key.bias,[240],float32,240,960,0.000916,15600000,163200,7680000
mobile-VIT-float.onnx,80,net.mobilevit.encoder.layer.4.transformer.layer.2.attention.attention.value.bias,[240],float32,240,960,0.000916,15600000,163200,7680000
mobile-VIT-float.onnx,81,net.mobilevit.encoder.layer.4.transformer.layer.2.attention.output.dense.bias,[240],float32,240,960,0.000916,15600000,163200,7680000
mobile-VIT-float.onnx,82,net.mobilevit.encoder.layer.4.transformer.layer.2.layernorm_after.bias,[240],float32,240,960,0.000916,15600000,163200,7680000
mobile-VIT-float.onnx,83,net.mobilevit.encoder.layer.4.transformer.layer.2.layernorm_after.weight,[240],float32,240,960,0.000916,15600000,163200,7680000
mobile-VIT-float.onnx,84,net.mobilevit.encoder.layer.4.transformer.layer.2.output.dense.bias,[240],float32,240,960,0.000916,15600000,163200,7680000
mobile-VIT-float.onnx,85,net.mobilevit.encoder.layer.4.layernorm.bias,[240],float32,240,960,0.000916,15600000,163200,7680000
mobile-VIT-float.onnx,86,net.mobilevit.encoder.layer.4.layernorm.weight,[240],float32,240,960,0.000916,15600000,163200,7680000
mobile-VIT-float.onnx,87,onnx::Conv_1445,[16],float32,16,64,6.1e-05,1040000,10880,512000
mobile-VIT-float.onnx,88,onnx::Conv_1448,[64],float32,64,256,0.000244,4160000,43520,2048000
mobile-VIT-float.onnx,89,onnx::Conv_1451,[64],float32,64,256,0.000244,4160000,43520,2048000
mobile-VIT-float.onnx,90,onnx::Conv_1454,[32],float32,32,128,0.000122,2080000,21760,1024000
mobile-VIT-float.onnx,91,onnx::Conv_1457,[128],float32,128,512,0.000488,8320000,87040,4096000
mobile-VIT-float.onnx,92,onnx::Conv_1460,[128],float32,128,512,0.000488,8320000,87040,4096000
mobile-VIT-float.onnx,93,onnx::Conv_1463,[64],float32,64,256,0.000244,4160000,43520,2048000
mobile-VIT-float.onnx,94,onnx::Conv_1472,[64],float32,64,256,0.000244,4160000,43520,2048000
mobile-VIT-float.onnx,95,onnx::Conv_1481,[64],float32,64,256,0.000244,4160000,43520,2048000
mobile-VIT-float.onnx,96,onnx::Conv_1490,[96],float32,96,384,0.000366,6240000,65280,3072000
mobile-VIT-float.onnx,97,onnx::Conv_1493,[96],float32,96,384,0.000366,6240000,65280,3072000
mobile-VIT-float.onnx,98,onnx::Conv_1496,[96],float32,96,384,0.000366,6240000,65280,3072000
mobile-VIT-float.onnx,99,onnx::Conv_1499,[96],float32,96,384,0.000366,6240000,65280,3072000
mobile-VIT-float.onnx,100,onnx::Conv_1508,[128],float32,128,512,0.000488,8320000,87040,4096000
mobile-VIT-float.onnx,101,onnx::Conv_1511,[128],float32,128,512,0.000488,8320000,87040,4096000
mobile-VIT-float.onnx,102,onnx::Conv_1514,[128],float32,128,512,0.000488,8320000,87040,4096000
mobile-VIT-float.onnx,103,onnx::Conv_1517,[128],float32,128,512,0.000488,8320000,87040,4096000
mobile-VIT-float.onnx,104,onnx::Conv_1526,[160],float32,160,640,0.00061,10400000,108800,5120000
mobile-VIT-float.onnx,105,onnx::Conv_1529,[160],float32,160,640,0.00061,10400000,108800,5120000
mobile-VIT-float.onnx,106,onnx::Conv_1532,[160],float32,160,640,0.00061,10400000,108800,5120000
mobile-VIT-float.onnx,107,onnx::Conv_1535,[160],float32,160,640,0.00061,10400000,108800,5120000
mobile-VIT-float.onnx,108,/net/mobilevit/encoder/2/Concat_output_0,[4],int64,4,32,3.1e-05,520000,5440,256000
mobile-VIT-float.onnx,109,/net/mobilevit/encoder/2/Concat_1_output_0,[4],int64,4,32,3.1e-05,520000,5440,256000
mobile-VIT-float.onnx,110,/net/mobilevit/encoder/2/Concat_2_output_0,[3],int64,3,24,2.3e-05,390000,4080,192000
mobile-VIT-float.onnx,111,/net/mobilevit/encoder/2/transformer/0/attention/attention/Concat_output_0,[4],int64,4,32,3.1e-05,520000,5440,256000
mobile-VIT-float.onnx,112,/net/mobilevit/encoder/2/transformer/0/attention/attention/Constant_10_output_0,[],float32,0,4,4e-06,65000,680,32000
mobile-VIT-float.onnx,113,/net/mobilevit/encoder/2/transformer/0/attention/attention/Concat_3_output_0,[3],int64,3,24,2.3e-05,390000,4080,192000
mobile-VIT-float.onnx,114,/net/mobilevit/encoder/2/Concat_3_output_0,[4],int64,4,32,3.1e-05,520000,5440,256000
mobile-VIT-float.onnx,115,/net/mobilevit/encoder/2/Concat_4_output_0,[4],int64,4,32,3.1e-05,520000,5440,256000
mobile-VIT-float.onnx,116,/net/mobilevit/encoder/2/Concat_5_output_0,[4],int64,4,32,3.1e-05,520000,5440,256000
mobile-VIT-float.onnx,117,/net/mobilevit/encoder/3/Concat_output_0,[4],int64,4,32,3.1e-05,520000,5440,256000
mobile-VIT-float.onnx,118,/net/mobilevit/encoder/3/Concat_1_output_0,[4],int64,4,32,3.1e-05,520000,5440,256000
mobile-VIT-float.onnx,119,/net/mobilevit/encoder/3/Concat_2_output_0,[3],int64,3,24,2.3e-05,390000,4080,192000
mobile-VIT-float.onnx,120,/net/mobilevit/encoder/3/transformer/0/attention/attention/Concat_output_0,[4],int64,4,32,3.1e-05,520000,5440,256000
mobile-VIT-float.onnx,121,/net/mobilevit/encoder/3/transformer/0/attention/attention/Constant_10_output_0,[],float32,0,4,4e-06,65000,680,32000
mobile-VIT-float.onnx,122,/net/mobilevit/encoder/3/transformer/0/attention/attention/Concat_3_output_0,[3],int64,3,24,2.3e-05,390000,4080,192000
mobile-VIT-float.onnx,123,/net/mobilevit/encoder/3/Concat_3_output_0,[4],int64,4,32,3.1e-05,520000,5440,256000
mobile-VIT-float.onnx,124,/net/mobilevit/encoder/3/Concat_4_output_0,[4],int64,4,32,3.1e-05,520000,5440,256000
mobile-VIT-float.onnx,125,/net/mobilevit/encoder/3/Concat_5_output_0,[4],int64,4,32,3.1e-05,520000,5440,256000
mobile-VIT-float.onnx,126,/net/mobilevit/encoder/4/Concat_output_0,[4],int64,4,32,3.1e-05,520000,5440,256000
mobile-VIT-float.onnx,127,/net/mobilevit/encoder/4/Concat_1_output_0,[4],int64,4,32,3.1e-05,520000,5440,256000
mobile-VIT-float.onnx,128,/net/mobilevit/encoder/4/Concat_2_output_0,[3],int64,3,24,2.3e-05,390000,4080,192000
mobile-VIT-float.onnx,129,/net/mobilevit/encoder/4/transformer/0/attention/attention/Concat_output_0,[4],int64,4,32,3.1e-05,520000,5440,256000
mobile-VIT-float.onnx,130,/net/mobilevit/encoder/4/transformer/0/attention/attention/Constant_10_output_0,[],float32,0,4,4e-06,65000,680,32000
mobile-VIT-float.onnx,131,/net/mobilevit/encoder/4/transformer/0/attention/attention/Concat_3_output_0,[3],int64,3,24,2.3e-05,390000,4080,192000
mobile-VIT-float.onnx,132,/net/mobilevit/encoder/4/Concat_3_output_0,[4],int64,4,32,3.1e-05,520000,5440,256000
mobile-VIT-float.onnx,133,/net/mobilevit/encoder/4/Concat_4_output_0,[4],int64,4,32,3.1e-05,520000,5440,256000
mobile-VIT-float.onnx,134,/net/mobilevit/encoder/4/Concat_5_output_0,[4],int64,4,32,3.1e-05,520000,5440,256000
mobile-VIT-float.onnx,135,/net/mobilevit/Constant_output_0,[2],int64,2,16,1.5e-05,260000,2720,128000
mobile-VIT-float.onnx,136,_v_650,[3],int64,3,24,2.3e-05,390000,4080,192000
mobile-VIT-float.onnx,137,_v_664,[3],int64,3,24,2.3e-05,390000,4080,192000
mobile-VIT-float.onnx,138,_v_692,[3],int64,3,24,2.3e-05,390000,4080,192000
mobile-VIT-float.onnx,139,net.mobilevit.encoder.layer.2.conv_1x1.convolution.weight,"[144, 96, 1, 1]",float32,13824,55296,0.052734,898560000,9400320,442368000
mobile-VIT-float.onnx,140,net.mobilevit.encoder.layer.2.transformer.layer.0.intermediate.dense.bias,[288],float32,288,1152,0.001099,18720000,195840,9216000
mobile-VIT-float.onnx,141,net.mobilevit.encoder.layer.2.transformer.layer.1.intermediate.dense.bias,[288],float32,288,1152,0.001099,18720000,195840,9216000
mobile-VIT-float.onnx,142,net.mobilevit.encoder.layer.3.conv_1x1.convolution.weight,"[192, 128, 1, 1]",float32,24576,98304,0.09375,1597440000,16711680,786432000
mobile-VIT-float.onnx,143,net.mobilevit.encoder.layer.3.transformer.layer.0.intermediate.dense.bias,[384],float32,384,1536,0.001465,24960000,261120,12288000
mobile-VIT-float.onnx,144,net.mobilevit.encoder.layer.3.transformer.layer.1.intermediate.dense.bias,[384],float32,384,1536,0.001465,24960000,261120,12288000
mobile-VIT-float.onnx,145,net.mobilevit.encoder.layer.3.transformer.layer.2.intermediate.dense.bias,[384],float32,384,1536,0.001465,24960000,261120,12288000
mobile-VIT-float.onnx,146,net.mobilevit.encoder.layer.3.transformer.layer.3.intermediate.dense.bias,[384],float32,384,1536,0.001465,24960000,261120,12288000
mobile-VIT-float.onnx,147,net.mobilevit.encoder.layer.4.conv_1x1.convolution.weight,"[240, 160, 1, 1]",float32,38400,153600,0.146484,2496000000,26112000,1228800000
mobile-VIT-float.onnx,148,net.mobilevit.encoder.layer.4.transformer.layer.0.intermediate.dense.bias,[480],float32,480,1920,0.001831,31200000,326400,15360000
mobile-VIT-float.onnx,149,net.mobilevit.encoder.layer.4.transformer.layer.1.intermediate.dense.bias,[480],float32,480,1920,0.001831,31200000,326400,15360000
mobile-VIT-float.onnx,150,net.mobilevit.encoder.layer.4.transformer.layer.2.intermediate.dense.bias,[480],float32,480,1920,0.001831,31200000,326400,15360000
mobile-VIT-float.onnx,151,net.classifier.bias,[1000],float32,1000,4000,0.003815,65000000,680000,32000000
mobile-VIT-float.onnx,152,net.classifier.weight,"[1000, 640]",float32,640000,2560000,2.441406,41600000000,435200000,20480000000
mobile-VIT-float.onnx,153,onnx::Conv_1444,"[16, 3, 3, 3]",float32,432,1728,0.001648,28080000,293760,13824000
mobile-VIT-float.onnx,154,onnx::Conv_1447,"[64, 16, 1, 1]",float32,1024,4096,0.003906,66560000,696320,32768000
mobile-VIT-float.onnx,155,onnx::Conv_1450,"[64, 1, 3, 3]",float32,576,2304,0.002197,37440000,391680,18432000
mobile-VIT-float.onnx,156,onnx::Conv_1453,"[32, 64, 1, 1]",float32,2048,8192,0.007812,133120000,1392640,65536000
mobile-VIT-float.onnx,157,onnx::Conv_1456,"[128, 32, 1, 1]",float32,4096,16384,0.015625,266240000,2785280,131072000
mobile-VIT-float.onnx,158,onnx::Conv_1459,"[128, 1, 3, 3]",float32,1152,4608,0.004395,74880000,783360,36864000
mobile-VIT-float.onnx,159,onnx::Conv_1462,"[64, 128, 1, 1]",float32,8192,32768,0.03125,532480000,5570560,262144000
mobile-VIT-float.onnx,160,onnx::Conv_1465,"[256, 64, 1, 1]",float32,16384,65536,0.0625,1064960000,11141120,524288000
mobile-VIT-float.onnx,161,onnx::Conv_1466,[256],float32,256,1024,0.000977,16640000,174080,8192000
mobile-VIT-float.onnx,162,onnx::Conv_1468,"[256, 1, 3, 3]",float32,2304,9216,0.008789,149760000,1566720,73728000
mobile-VIT-float.onnx,163,onnx::Conv_1469,[256],float32,256,1024,0.000977,16640000,174080,8192000
mobile-VIT-float.onnx,164,onnx::Conv_1471,"[64, 256, 1, 1]",float32,16384,65536,0.0625,1064960000,11141120,524288000
mobile-VIT-float.onnx,165,onnx::Conv_1474,"[256, 64, 1, 1]",float32,16384,65536,0.0625,1064960000,11141120,524288000
mobile-VIT-float.onnx,166,onnx::Conv_1475,[256],float32,256,1024,0.000977,16640000,174080,8192000
mobile-VIT-float.onnx,167,onnx::Conv_1477,"[256, 1, 3, 3]",float32,2304,9216,0.008789,149760000,1566720,73728000
mobile-VIT-float.onnx,168,onnx::Conv_1478,[256],float32,256,1024,0.000977,16640000,174080,8192000
mobile-VIT-float.onnx,169,onnx::Conv_1480,"[64, 256, 1, 1]",float32,16384,65536,0.0625,1064960000,11141120,524288000
mobile-VIT-float.onnx,170,onnx::Conv_1483,"[256, 64, 1, 1]",float32,16384,65536,0.0625,1064960000,11141120,524288000
mobile-VIT-float.onnx,171,onnx::Conv_1484,[256],float32,256,1024,0.000977,16640000,174080,8192000
mobile-VIT-float.onnx,172,onnx::Conv_1486,"[256, 1, 3, 3]",float32,2304,9216,0.008789,149760000,1566720,73728000
mobile-VIT-float.onnx,173,onnx::Conv_1487,[256],float32,256,1024,0.000977,16640000,174080,8192000
mobile-VIT-float.onnx,174,onnx::Conv_1489,"[96, 256, 1, 1]",float32,24576,98304,0.09375,1597440000,16711680,786432000
mobile-VIT-float.onnx,175,onnx::Conv_1492,"[96, 96, 3, 3]",float32,82944,331776,0.316406,5391360000,56401920,2654208000
mobile-VIT-float.onnx,176,onnx::Conv_1495,"[96, 144, 1, 1]",float32,13824,55296,0.052734,898560000,9400320,442368000
mobile-VIT-float.onnx,177,onnx::Conv_1498,"[96, 192, 3, 3]",float32,165888,663552,0.632812,10782720000,112803840,5308416000
mobile-VIT-float.onnx,178,onnx::Conv_1501,"[384, 96, 1, 1]",float32,36864,147456,0.140625,2396160000,25067520,1179648000
mobile-VIT-float.onnx,179,onnx::Conv_1502,[384],float32,384,1536,0.001465,24960000,261120,12288000
mobile-VIT-float.onnx,180,onnx::Conv_1504,"[384, 1, 3, 3]",float32,3456,13824,0.013184,224640000,2350080,110592000
mobile-VIT-float.onnx,181,onnx::Conv_1505,[384],float32,384,1536,0.001465,24960000,261120,12288000
mobile-VIT-float.onnx,182,onnx::Conv_1507,"[128, 384, 1, 1]",float32,49152,196608,0.1875,3194880000,33423360,1572864000
mobile-VIT-float.onnx,183,onnx::Conv_1510,"[128, 128, 3, 3]",float32,147456,589824,0.5625,9584640000,100270080,4718592000
mobile-VIT-float.onnx,184,onnx::Conv_1513,"[128, 192, 1, 1]",float32,24576,98304,0.09375,1597440000,16711680,786432000
mobile-VIT-float.onnx,185,onnx::Conv_1516,"[128, 256, 3, 3]",float32,294912,1179648,1.125,19169280000,200540160,9437184000
mobile-VIT-float.onnx,186,onnx::Conv_1519,"[512, 128, 1, 1]",float32,65536,262144,0.25,4259840000,44564480,2097152000
mobile-VIT-float.onnx,187,onnx::Conv_1520,[512],float32,512,2048,0.001953,33280000,348160,16384000
mobile-VIT-float.onnx,188,onnx::Conv_1522,"[512, 1, 3, 3]",float32,4608,18432,0.017578,299520000,3133440,147456000
mobile-VIT-float.onnx,189,onnx::Conv_1523,[512],float32,512,2048,0.001953,33280000,348160,16384000
mobile-VIT-float.onnx,190,onnx::Conv_1525,"[160, 512, 1, 1]",float32,81920,327680,0.3125,5324800000,55705600,2621440000
mobile-VIT-float.onnx,191,onnx::Conv_1528,"[160, 160, 3, 3]",float32,230400,921600,0.878906,14976000000,156672000,7372800000
mobile-VIT-float.onnx,192,onnx::Conv_1531,"[160, 240, 1, 1]",float32,38400,153600,0.146484,2496000000,26112000,1228800000
mobile-VIT-float.onnx,193,onnx::Conv_1534,"[160, 320, 3, 3]",float32,460800,1843200,1.757812,29952000000,313344000,14745600000
mobile-VIT-float.onnx,194,onnx::Conv_1537,"[640, 160, 1, 1]",float32,102400,409600,0.390625,6656000000,69632000,3276800000
mobile-VIT-float.onnx,195,onnx::Conv_1538,[640],float32,640,2560,0.002441,41600000,435200,20480000
mobile-VIT-float.onnx,196,onnx::MatMul_1559,"[144, 144]",float32,20736,82944,0.079102,1347840000,14100480,663552000
mobile-VIT-float.onnx,197,onnx::MatMul_1560,"[144, 288]",float32,41472,165888,0.158203,2695680000,28200960,1327104000
mobile-VIT-float.onnx,198,onnx::MatMul_1561,"[288, 144]",float32,41472,165888,0.158203,2695680000,28200960,1327104000
mobile-VIT-float.onnx,199,onnx::MatMul_1575,"[144, 144]",float32,20736,82944,0.079102,1347840000,14100480,663552000
mobile-VIT-float.onnx,200,onnx::MatMul_1576,"[144, 288]",float32,41472,165888,0.158203,2695680000,28200960,1327104000
mobile-VIT-float.onnx,201,onnx::MatMul_1577,"[288, 144]",float32,41472,165888,0.158203,2695680000,28200960,1327104000
mobile-VIT-float.onnx,202,onnx::MatMul_1605,"[192, 192]",float32,36864,147456,0.140625,2396160000,25067520,1179648000
mobile-VIT-float.onnx,203,onnx::MatMul_1606,"[192, 384]",float32,73728,294912,0.28125,4792320000,50135040,2359296000
mobile-VIT-float.onnx,204,onnx::MatMul_1607,"[384, 192]",float32,73728,294912,0.28125,4792320000,50135040,2359296000
mobile-VIT-float.onnx,205,onnx::MatMul_1621,"[192, 192]",float32,36864,147456,0.140625,2396160000,25067520,1179648000
mobile-VIT-float.onnx,206,onnx::MatMul_1622,"[192, 384]",float32,73728,294912,0.28125,4792320000,50135040,2359296000
mobile-VIT-float.onnx,207,onnx::MatMul_1623,"[384, 192]",float32,73728,294912,0.28125,4792320000,50135040,2359296000
mobile-VIT-float.onnx,208,onnx::MatMul_1637,"[192, 192]",float32,36864,147456,0.140625,2396160000,25067520,1179648000
mobile-VIT-float.onnx,209,onnx::MatMul_1638,"[192, 384]",float32,73728,294912,0.28125,4792320000,50135040,2359296000
mobile-VIT-float.onnx,210,onnx::MatMul_1639,"[384, 192]",float32,73728,294912,0.28125,4792320000,50135040,2359296000
mobile-VIT-float.onnx,211,onnx::MatMul_1653,"[192, 192]",float32,36864,147456,0.140625,2396160000,25067520,1179648000
mobile-VIT-float.onnx,212,onnx::MatMul_1654,"[192, 384]",float32,73728,294912,0.28125,4792320000,50135040,2359296000
mobile-VIT-float.onnx,213,onnx::MatMul_1655,"[384, 192]",float32,73728,294912,0.28125,4792320000,50135040,2359296000
mobile-VIT-float.onnx,214,onnx::MatMul_1683,"[240, 240]",float32,57600,230400,0.219727,3744000000,39168000,1843200000
mobile-VIT-float.onnx,215,onnx::MatMul_1684,"[240, 480]",float32,115200,460800,0.439453,7488000000,78336000,3686400000
mobile-VIT-float.onnx,216,onnx::MatMul_1685,"[480, 240]",float32,115200,460800,0.439453,7488000000,78336000,3686400000
mobile-VIT-float.onnx,217,onnx::MatMul_1699,"[240, 240]",float32,57600,230400,0.219727,3744000000,39168000,1843200000
mobile-VIT-float.onnx,218,onnx::MatMul_1700,"[240, 480]",float32,115200,460800,0.439453,7488000000,78336000,3686400000
mobile-VIT-float.onnx,219,onnx::MatMul_1701,"[480, 240]",float32,115200,460800,0.439453,7488000000,78336000,3686400000
mobile-VIT-float.onnx,220,onnx::MatMul_1715,"[240, 240]",float32,57600,230400,0.219727,3744000000,39168000,1843200000
mobile-VIT-float.onnx,221,onnx::MatMul_1716,"[240, 480]",float32,115200,460800,0.439453,7488000000,78336000,3686400000
mobile-VIT-float.onnx,222,onnx::MatMul_1717,"[480, 240]",float32,115200,460800,0.439453,7488000000,78336000,3686400000
mobile-VIT-float.onnx,223,_v_645,"[144, 432]",float32,62208,248832,0.237305,4043520000,42301440,1990656000
mobile-VIT-float.onnx,224,_v_652,"[144, 432]",float32,62208,248832,0.237305,4043520000,42301440,1990656000
mobile-VIT-float.onnx,225,_v_659,"[192, 576]",float32,110592,442368,0.421875,7188480000,75202560,3538944000
mobile-VIT-float.onnx,226,_v_666,"[192, 576]",float32,110592,442368,0.421875,7188480000,75202560,3538944000
mobile-VIT-float.onnx,227,_v_673,"[192, 576]",float32,110592,442368,0.421875,7188480000,75202560,3538944000
mobile-VIT-float.onnx,228,_v_680,"[192, 576]",float32,110592,442368,0.421875,7188480000,75202560,3538944000
mobile-VIT-float.onnx,229,_v_687,"[240, 720]",float32,172800,691200,0.65918,11232000000,117504000,5529600000
mobile-VIT-float.onnx,230,_v_694,"[240, 720]",float32,172800,691200,0.65918,11232000000,117504000,5529600000
mobile-VIT-float.onnx,231,_v_701,"[240, 720]",float32,172800,691200,0.65918,11232000000,117504000,5529600000
mobile-VIT-float.onnx,232,image_tensor,"[1, 3, 256, 256]",float32,196608,786432,0.75,12779520000,133693440,6291456000
mobile-VIT-float.onnx,233,class_logits,"[1, 1000]",float32,1000,4000,0.003815,65000000,680000,32000000

mobile-VIT-float.onnx - TOTAL,,TOTAL,,,5770213,23081268,22.01,375070605000,3923815560,184650144000

model.onnx,0,/net/mobilevit/encoder/2/transformer/0/attention/attention/Constant_10_output_0,[],float32,0,4,4e-06,65000,680,32000
model.onnx,1,/net/mobilevit/encoder/2/transformer/0/attention/attention/Constant_10_output_0_scale,[],float32,0,4,4e-06,65000,680,32000
model.onnx,2,image_tensor_zero_point,[],uint16,0,2,2e-06,32500,340,16000
model.onnx,3,/net/mobilevit/encoder/3/transformer/0/attention/attention/Constant_10_output_0,[],float32,0,4,4e-06,65000,680,32000
model.onnx,4,/net/mobilevit/encoder/3/transformer/0/attention/attention/Constant_10_output_0_scale,[],float32,0,4,4e-06,65000,680,32000
model.onnx,5,/net/mobilevit/encoder/4/transformer/0/attention/attention/Constant_10_output_0,[],float32,0,4,4e-06,65000,680,32000
model.onnx,6,/net/mobilevit/encoder/4/transformer/0/attention/attention/Constant_10_output_0_scale,[],float32,0,4,4e-06,65000,680,32000
model.onnx,7,_v_645,"[144, 432]",float32,62208,248832,0.237305,4043520000,42301440,1990656000
model.onnx,8,_v_645_scale,[432],float32,432,1728,0.001648,28080000,293760,13824000
model.onnx,9,_v_645_zero_point,[432],int8,432,432,0.000412,7020000,73440,3456000
model.onnx,10,_v_652,"[144, 432]",float32,62208,248832,0.237305,4043520000,42301440,1990656000
model.onnx,11,_v_652_scale,[432],float32,432,1728,0.001648,28080000,293760,13824000
model.onnx,12,_v_659,"[192, 576]",float32,110592,442368,0.421875,7188480000,75202560,3538944000
model.onnx,13,_v_659_scale,[576],float32,576,2304,0.002197,37440000,391680,18432000
model.onnx,14,_v_659_zero_point,[576],int8,576,576,0.000549,9360000,97920,4608000
model.onnx,15,_v_666,"[192, 576]",float32,110592,442368,0.421875,7188480000,75202560,3538944000
model.onnx,16,_v_666_scale,[576],float32,576,2304,0.002197,37440000,391680,18432000
model.onnx,17,_v_673,"[192, 576]",float32,110592,442368,0.421875,7188480000,75202560,3538944000
model.onnx,18,_v_673_scale,[576],float32,576,2304,0.002197,37440000,391680,18432000
model.onnx,19,_v_680,"[192, 576]",float32,110592,442368,0.421875,7188480000,75202560,3538944000
model.onnx,20,_v_680_scale,[576],float32,576,2304,0.002197,37440000,391680,18432000
model.onnx,21,_v_687,"[240, 720]",float32,172800,691200,0.65918,11232000000,117504000,5529600000
model.onnx,22,_v_687_scale,[720],float32,720,2880,0.002747,46800000,489600,23040000
model.onnx,23,_v_687_zero_point,[720],int8,720,720,0.000687,11700000,122400,5760000
model.onnx,24,_v_694,"[240, 720]",float32,172800,691200,0.65918,11232000000,117504000,5529600000
model.onnx,25,_v_694_scale,[720],float32,720,2880,0.002747,46800000,489600,23040000
model.onnx,26,_v_701,"[240, 720]",float32,172800,691200,0.65918,11232000000,117504000,5529600000
model.onnx,27,_v_701_scale,[720],float32,720,2880,0.002747,46800000,489600,23040000
model.onnx,28,net.classifier.weight,"[1000, 640]",float32,640000,2560000,2.441406,41600000000,435200000,20480000000
model.onnx,29,net.classifier.weight_scale,[],float32,0,4,4e-06,65000,680,32000
model.onnx,30,net.classifier.weight_zero_point,[],int8,0,1,1e-06,16250,170,8000
model.onnx,31,net.mobilevit.encoder.layer.2.conv_1x1.convolution.weight,"[144, 96, 1, 1]",float32,13824,55296,0.052734,898560000,9400320,442368000
model.onnx,32,net.mobilevit.encoder.layer.2.conv_1x1.convolution.weight_scale,[144],float32,144,576,0.000549,9360000,97920,4608000
model.onnx,33,net.mobilevit.encoder.layer.2.conv_1x1.convolution.weight_zero_point,[144],int8,144,144,0.000137,2340000,24480,1152000
model.onnx,34,net.mobilevit.encoder.layer.2.layernorm.weight,[144],float32,144,576,0.000549,9360000,97920,4608000
model.onnx,35,net.mobilevit.encoder.layer.2.layernorm.weight_scale,[],float32,0,4,4e-06,65000,680,32000
model.onnx,36,net.mobilevit.encoder.layer.2.transformer.layer.0.layernorm_before.weight_zero_point,[],uint8,0,1,1e-06,16250,170,8000
model.onnx,37,net.mobilevit.encoder.layer.2.transformer.layer.0.attention.attention.key.bias,[144],float32,144,576,0.000549,9360000,97920,4608000
model.onnx,38,net.mobilevit.encoder.layer.2.transformer.layer.0.attention.attention.key.bias_scale,[],float32,0,4,4e-06,65000,680,32000
model.onnx,39,net.mobilevit.encoder.layer.2.transformer.layer.0.attention.attention.key.bias_zero_point,[],uint16,0,2,2e-06,32500,340,16000
model.onnx,40,net.mobilevit.encoder.layer.2.transformer.layer.0.attention.attention.query.bias,[144],float32,144,576,0.000549,9360000,97920,4608000
model.onnx,41,net.mobilevit.encoder.layer.2.transformer.layer.0.attention.attention.query.bias_scale,[],float32,0,4,4e-06,65000,680,32000
model.onnx,42,net.mobilevit.encoder.layer.2.transformer.layer.0.attention.attention.query.bias_zero_point,[],uint16,0,2,2e-06,32500,340,16000
model.onnx,43,net.mobilevit.encoder.layer.2.transformer.layer.0.attention.attention.value.bias,[144],float32,144,576,0.000549,9360000,97920,4608000
model.onnx,44,net.mobilevit.encoder.layer.2.transformer.layer.0.attention.attention.value.bias_scale,[],float32,0,4,4e-06,65000,680,32000
model.onnx,45,net.mobilevit.encoder.layer.2.transformer.layer.0.attention.attention.value.bias_zero_point,[],uint16,0,2,2e-06,32500,340,16000
model.onnx,46,net.mobilevit.encoder.layer.2.transformer.layer.0.layernorm_after.weight,[144],float32,144,576,0.000549,9360000,97920,4608000
model.onnx,47,net.mobilevit.encoder.layer.2.transformer.layer.0.layernorm_after.weight_scale,[],float32,0,4,4e-06,65000,680,32000
model.onnx,48,net.mobilevit.encoder.layer.2.transformer.layer.0.layernorm_before.weight,[144],float32,144,576,0.000549,9360000,97920,4608000
model.onnx,49,net.mobilevit.encoder.layer.2.transformer.layer.0.layernorm_before.weight_scale,[],float32,0,4,4e-06,65000,680,32000
model.onnx,50,net.mobilevit.encoder.layer.2.transformer.layer.1.attention.attention.key.bias,[144],float32,144,576,0.000549,9360000,97920,4608000
model.onnx,51,net.mobilevit.encoder.layer.2.transformer.layer.1.attention.attention.key.bias_scale,[],float32,0,4,4e-06,65000,680,32000
model.onnx,52,net.mobilevit.encoder.layer.2.transformer.layer.1.attention.attention.key.bias_zero_point,[],uint16,0,2,2e-06,32500,340,16000
model.onnx,53,net.mobilevit.encoder.layer.2.transformer.layer.1.attention.attention.query.bias,[144],float32,144,576,0.000549,9360000,97920,4608000
model.onnx,54,net.mobilevit.encoder.layer.2.transformer.layer.1.attention.attention.query.bias_scale,[],float32,0,4,4e-06,65000,680,32000
model.onnx,55,net.mobilevit.encoder.layer.2.transformer.layer.1.attention.attention.query.bias_zero_point,[],uint16,0,2,2e-06,32500,340,16000
model.onnx,56,net.mobilevit.encoder.layer.2.transformer.layer.1.attention.attention.value.bias,[144],float32,144,576,0.000549,9360000,97920,4608000
model.onnx,57,net.mobilevit.encoder.layer.2.transformer.layer.1.attention.attention.value.bias_scale,[],float32,0,4,4e-06,65000,680,32000
model.onnx,58,net.mobilevit.encoder.layer.2.transformer.layer.1.attention.attention.value.bias_zero_point,[],uint16,0,2,2e-06,32500,340,16000
model.onnx,59,net.mobilevit.encoder.layer.2.transformer.layer.1.layernorm_after.weight,[144],float32,144,576,0.000549,9360000,97920,4608000
model.onnx,60,net.mobilevit.encoder.layer.2.transformer.layer.1.layernorm_after.weight_scale,[],float32,0,4,4e-06,65000,680,32000
model.onnx,61,net.mobilevit.encoder.layer.2.transformer.layer.1.layernorm_before.weight,[144],float32,144,576,0.000549,9360000,97920,4608000
model.onnx,62,net.mobilevit.encoder.layer.2.transformer.layer.1.layernorm_before.weight_scale,[],float32,0,4,4e-06,65000,680,32000
model.onnx,63,net.mobilevit.encoder.layer.3.conv_1x1.convolution.weight,"[192, 128, 1, 1]",float32,24576,98304,0.09375,1597440000,16711680,786432000
model.onnx,64,net.mobilevit.encoder.layer.3.conv_1x1.convolution.weight_scale,[192],float32,192,768,0.000732,12480000,130560,6144000
model.onnx,65,net.mobilevit.encoder.layer.3.conv_1x1.convolution.weight_zero_point,[192],int8,192,192,0.000183,3120000,32640,1536000
model.onnx,66,net.mobilevit.encoder.layer.3.layernorm.weight,[192],float32,192,768,0.000732,12480000,130560,6144000
model.onnx,67,net.mobilevit.encoder.layer.3.layernorm.weight_scale,[],float32,0,4,4e-06,65000,680,32000
model.onnx,68,net.mobilevit.encoder.layer.3.transformer.layer.0.attention.attention.key.bias,[192],float32,192,768,0.000732,12480000,130560,6144000
model.onnx,69,net.mobilevit.encoder.layer.3.transformer.layer.0.attention.attention.key.bias_scale,[],float32,0,4,4e-06,65000,680,32000
model.onnx,70,net.mobilevit.encoder.layer.3.transformer.layer.0.attention.attention.key.bias_zero_point,[],uint16,0,2,2e-06,32500,340,16000
model.onnx,71,net.mobilevit.encoder.layer.3.transformer.layer.0.attention.attention.query.bias,[192],float32,192,768,0.000732,12480000,130560,6144000
model.onnx,72,net.mobilevit.encoder.layer.3.transformer.layer.0.attention.attention.query.bias_scale,[],float32,0,4,4e-06,65000,680,32000
model.onnx,73,net.mobilevit.encoder.layer.3.transformer.layer.0.attention.attention.query.bias_zero_point,[],uint16,0,2,2e-06,32500,340,16000
model.onnx,74,net.mobilevit.encoder.layer.3.transformer.layer.0.attention.attention.value.bias,[192],float32,192,768,0.000732,12480000,130560,6144000
model.onnx,75,net.mobilevit.encoder.layer.3.transformer.layer.0.attention.attention.value.bias_scale,[],float32,0,4,4e-06,65000,680,32000
model.onnx,76,net.mobilevit.encoder.layer.3.transformer.layer.0.attention.attention.value.bias_zero_point,[],uint16,0,2,2e-06,32500,340,16000
model.onnx,77,net.mobilevit.encoder.layer.3.transformer.layer.0.layernorm_after.weight,[192],float32,192,768,0.000732,12480000,130560,6144000
model.onnx,78,net.mobilevit.encoder.layer.3.transformer.layer.0.layernorm_after.weight_scale,[],float32,0,4,4e-06,65000,680,32000
model.onnx,79,net.mobilevit.encoder.layer.3.transformer.layer.0.layernorm_after.weight_zero_point,[],uint8,0,1,1e-06,16250,170,8000
model.onnx,80,net.mobilevit.encoder.layer.3.transformer.layer.0.layernorm_before.weight,[192],float32,192,768,0.000732,12480000,130560,6144000
model.onnx,81,net.mobilevit.encoder.layer.3.transformer.layer.0.layernorm_before.weight_scale,[],float32,0,4,4e-06,65000,680,32000
model.onnx,82,net.mobilevit.encoder.layer.3.transformer.layer.0.layernorm_before.weight_zero_point,[],uint8,0,1,1e-06,16250,170,8000
model.onnx,83,net.mobilevit.encoder.layer.3.transformer.layer.1.attention.attention.key.bias,[192],float32,192,768,0.000732,12480000,130560,6144000
model.onnx,84,net.mobilevit.encoder.layer.3.transformer.layer.1.attention.attention.key.bias_scale,[],float32,0,4,4e-06,65000,680,32000
model.onnx,85,net.mobilevit.encoder.layer.3.transformer.layer.1.attention.attention.key.bias_zero_point,[],uint16,0,2,2e-06,32500,340,16000
model.onnx,86,net.mobilevit.encoder.layer.3.transformer.layer.1.attention.attention.query.bias,[192],float32,192,768,0.000732,12480000,130560,6144000
model.onnx,87,net.mobilevit.encoder.layer.3.transformer.layer.1.attention.attention.query.bias_scale,[],float32,0,4,4e-06,65000,680,32000
model.onnx,88,net.mobilevit.encoder.layer.3.transformer.layer.1.attention.attention.query.bias_zero_point,[],uint16,0,2,2e-06,32500,340,16000
model.onnx,89,net.mobilevit.encoder.layer.3.transformer.layer.1.attention.attention.value.bias,[192],float32,192,768,0.000732,12480000,130560,6144000
model.onnx,90,net.mobilevit.encoder.layer.3.transformer.layer.1.attention.attention.value.bias_scale,[],float32,0,4,4e-06,65000,680,32000
model.onnx,91,net.mobilevit.encoder.layer.3.transformer.layer.1.attention.attention.value.bias_zero_point,[],uint16,0,2,2e-06,32500,340,16000
model.onnx,92,net.mobilevit.encoder.layer.3.transformer.layer.1.layernorm_after.weight,[192],float32,192,768,0.000732,12480000,130560,6144000
model.onnx,93,net.mobilevit.encoder.layer.3.transformer.layer.1.layernorm_after.weight_scale,[],float32,0,4,4e-06,65000,680,32000
model.onnx,94,net.mobilevit.encoder.layer.3.transformer.layer.1.layernorm_before.weight,[192],float32,192,768,0.000732,12480000,130560,6144000
model.onnx,95,net.mobilevit.encoder.layer.3.transformer.layer.1.layernorm_before.weight_scale,[],float32,0,4,4e-06,65000,680,32000
model.onnx,96,net.mobilevit.encoder.layer.3.transformer.layer.2.attention.attention.key.bias,[192],float32,192,768,0.000732,12480000,130560,6144000
model.onnx,97,net.mobilevit.encoder.layer.3.transformer.layer.2.attention.attention.key.bias_scale,[],float32,0,4,4e-06,65000,680,32000
model.onnx,98,net.mobilevit.encoder.layer.3.transformer.layer.2.attention.attention.key.bias_zero_point,[],uint16,0,2,2e-06,32500,340,16000
model.onnx,99,net.mobilevit.encoder.layer.3.transformer.layer.2.attention.attention.query.bias,[192],float32,192,768,0.000732,12480000,130560,6144000
model.onnx,100,net.mobilevit.encoder.layer.3.transformer.layer.2.attention.attention.query.bias_scale,[],float32,0,4,4e-06,65000,680,32000
model.onnx,101,net.mobilevit.encoder.layer.3.transformer.layer.2.attention.attention.query.bias_zero_point,[],uint16,0,2,2e-06,32500,340,16000
model.onnx,102,net.mobilevit.encoder.layer.3.transformer.layer.2.attention.attention.value.bias,[192],float32,192,768,0.000732,12480000,130560,6144000
model.onnx,103,net.mobilevit.encoder.layer.3.transformer.layer.2.attention.attention.value.bias_scale,[],float32,0,4,4e-06,65000,680,32000
model.onnx,104,net.mobilevit.encoder.layer.3.transformer.layer.2.attention.attention.value.bias_zero_point,[],uint16,0,2,2e-06,32500,340,16000
model.onnx,105,net.mobilevit.encoder.layer.3.transformer.layer.2.layernorm_after.weight,[192],float32,192,768,0.000732,12480000,130560,6144000
model.onnx,106,net.mobilevit.encoder.layer.3.transformer.layer.2.layernorm_after.weight_scale,[],float32,0,4,4e-06,65000,680,32000
model.onnx,107,net.mobilevit.encoder.layer.3.transformer.layer.2.layernorm_before.weight,[192],float32,192,768,0.000732,12480000,130560,6144000
model.onnx,108,net.mobilevit.encoder.layer.3.transformer.layer.2.layernorm_before.weight_scale,[],float32,0,4,4e-06,65000,680,32000
model.onnx,109,net.mobilevit.encoder.layer.3.transformer.layer.3.attention.attention.key.bias,[192],float32,192,768,0.000732,12480000,130560,6144000
model.onnx,110,net.mobilevit.encoder.layer.3.transformer.layer.3.attention.attention.key.bias_scale,[],float32,0,4,4e-06,65000,680,32000
model.onnx,111,net.mobilevit.encoder.layer.3.transformer.layer.3.attention.attention.key.bias_zero_point,[],uint16,0,2,2e-06,32500,340,16000
model.onnx,112,net.mobilevit.encoder.layer.3.transformer.layer.3.attention.attention.query.bias,[192],float32,192,768,0.000732,12480000,130560,6144000
model.onnx,113,net.mobilevit.encoder.layer.3.transformer.layer.3.attention.attention.query.bias_scale,[],float32,0,4,4e-06,65000,680,32000
model.onnx,114,net.mobilevit.encoder.layer.3.transformer.layer.3.attention.attention.query.bias_zero_point,[],uint16,0,2,2e-06,32500,340,16000
model.onnx,115,net.mobilevit.encoder.layer.3.transformer.layer.3.attention.attention.value.bias,[192],float32,192,768,0.000732,12480000,130560,6144000
model.onnx,116,net.mobilevit.encoder.layer.3.transformer.layer.3.attention.attention.value.bias_scale,[],float32,0,4,4e-06,65000,680,32000
model.onnx,117,net.mobilevit.encoder.layer.3.transformer.layer.3.attention.attention.value.bias_zero_point,[],uint16,0,2,2e-06,32500,340,16000
model.onnx,118,net.mobilevit.encoder.layer.3.transformer.layer.3.layernorm_after.weight,[192],float32,192,768,0.000732,12480000,130560,6144000
model.onnx,119,net.mobilevit.encoder.layer.3.transformer.layer.3.layernorm_after.weight_scale,[],float32,0,4,4e-06,65000,680,32000
model.onnx,120,net.mobilevit.encoder.layer.3.transformer.layer.3.layernorm_before.weight,[192],float32,192,768,0.000732,12480000,130560,6144000
model.onnx,121,net.mobilevit.encoder.layer.3.transformer.layer.3.layernorm_before.weight_scale,[],float32,0,4,4e-06,65000,680,32000
model.onnx,122,net.mobilevit.encoder.layer.4.conv_1x1.convolution.weight,"[240, 160, 1, 1]",float32,38400,153600,0.146484,2496000000,26112000,1228800000
model.onnx,123,net.mobilevit.encoder.layer.4.conv_1x1.convolution.weight_scale,[240],float32,240,960,0.000916,15600000,163200,7680000
model.onnx,124,net.mobilevit.encoder.layer.4.conv_1x1.convolution.weight_zero_point,[240],int8,240,240,0.000229,3900000,40800,1920000
model.onnx,125,net.mobilevit.encoder.layer.4.layernorm.weight,[240],float32,240,960,0.000916,15600000,163200,7680000
model.onnx,126,net.mobilevit.encoder.layer.4.layernorm.weight_scale,[],float32,0,4,4e-06,65000,680,32000
model.onnx,127,net.mobilevit.encoder.layer.4.transformer.layer.0.attention.attention.key.bias,[240],float32,240,960,0.000916,15600000,163200,7680000
model.onnx,128,net.mobilevit.encoder.layer.4.transformer.layer.0.attention.attention.key.bias_scale,[],float32,0,4,4e-06,65000,680,32000
model.onnx,129,net.mobilevit.encoder.layer.4.transformer.layer.0.attention.attention.key.bias_zero_point,[],uint16,0,2,2e-06,32500,340,16000
model.onnx,130,net.mobilevit.encoder.layer.4.transformer.layer.0.attention.attention.query.bias,[240],float32,240,960,0.000916,15600000,163200,7680000
model.onnx,131,net.mobilevit.encoder.layer.4.transformer.layer.0.attention.attention.query.bias_scale,[],float32,0,4,4e-06,65000,680,32000
model.onnx,132,net.mobilevit.encoder.layer.4.transformer.layer.0.attention.attention.query.bias_zero_point,[],uint16,0,2,2e-06,32500,340,16000
model.onnx,133,net.mobilevit.encoder.layer.4.transformer.layer.0.attention.attention.value.bias,[240],float32,240,960,0.000916,15600000,163200,7680000
model.onnx,134,net.mobilevit.encoder.layer.4.transformer.layer.0.attention.attention.value.bias_scale,[],float32,0,4,4e-06,65000,680,32000
model.onnx,135,net.mobilevit.encoder.layer.4.transformer.layer.0.attention.attention.value.bias_zero_point,[],uint16,0,2,2e-06,32500,340,16000
model.onnx,136,net.mobilevit.encoder.layer.4.transformer.layer.0.layernorm_after.weight,[240],float32,240,960,0.000916,15600000,163200,7680000
model.onnx,137,net.mobilevit.encoder.layer.4.transformer.layer.0.layernorm_after.weight_scale,[],float32,0,4,4e-06,65000,680,32000
model.onnx,138,net.mobilevit.encoder.layer.4.transformer.layer.0.layernorm_after.weight_zero_point,[],uint8,0,1,1e-06,16250,170,8000
model.onnx,139,net.mobilevit.encoder.layer.4.transformer.layer.0.layernorm_before.weight,[240],float32,240,960,0.000916,15600000,163200,7680000
model.onnx,140,net.mobilevit.encoder.layer.4.transformer.layer.0.layernorm_before.weight_scale,[],float32,0,4,4e-06,65000,680,32000
model.onnx,141,net.mobilevit.encoder.layer.4.transformer.layer.1.attention.attention.key.bias,[240],float32,240,960,0.000916,15600000,163200,7680000
model.onnx,142,net.mobilevit.encoder.layer.4.transformer.layer.1.attention.attention.key.bias_scale,[],float32,0,4,4e-06,65000,680,32000
model.onnx,143,net.mobilevit.encoder.layer.4.transformer.layer.1.attention.attention.key.bias_zero_point,[],uint16,0,2,2e-06,32500,340,16000
model.onnx,144,net.mobilevit.encoder.layer.4.transformer.layer.1.attention.attention.query.bias,[240],float32,240,960,0.000916,15600000,163200,7680000
model.onnx,145,net.mobilevit.encoder.layer.4.transformer.layer.1.attention.attention.query.bias_scale,[],float32,0,4,4e-06,65000,680,32000
model.onnx,146,net.mobilevit.encoder.layer.4.transformer.layer.1.attention.attention.query.bias_zero_point,[],uint16,0,2,2e-06,32500,340,16000
model.onnx,147,net.mobilevit.encoder.layer.4.transformer.layer.1.attention.attention.value.bias,[240],float32,240,960,0.000916,15600000,163200,7680000
model.onnx,148,net.mobilevit.encoder.layer.4.transformer.layer.1.attention.attention.value.bias_scale,[],float32,0,4,4e-06,65000,680,32000
model.onnx,149,net.mobilevit.encoder.layer.4.transformer.layer.1.attention.attention.value.bias_zero_point,[],uint16,0,2,2e-06,32500,340,16000
model.onnx,150,net.mobilevit.encoder.layer.4.transformer.layer.1.layernorm_after.weight,[240],float32,240,960,0.000916,15600000,163200,7680000
model.onnx,151,net.mobilevit.encoder.layer.4.transformer.layer.1.layernorm_after.weight_scale,[],float32,0,4,4e-06,65000,680,32000
model.onnx,152,net.mobilevit.encoder.layer.4.transformer.layer.1.layernorm_before.weight,[240],float32,240,960,0.000916,15600000,163200,7680000
model.onnx,153,net.mobilevit.encoder.layer.4.transformer.layer.1.layernorm_before.weight_scale,[],float32,0,4,4e-06,65000,680,32000
model.onnx,154,net.mobilevit.encoder.layer.4.transformer.layer.2.attention.attention.key.bias,[240],float32,240,960,0.000916,15600000,163200,7680000
model.onnx,155,net.mobilevit.encoder.layer.4.transformer.layer.2.attention.attention.key.bias_scale,[],float32,0,4,4e-06,65000,680,32000
model.onnx,156,net.mobilevit.encoder.layer.4.transformer.layer.2.attention.attention.key.bias_zero_point,[],uint16,0,2,2e-06,32500,340,16000
model.onnx,157,net.mobilevit.encoder.layer.4.transformer.layer.2.attention.attention.query.bias,[240],float32,240,960,0.000916,15600000,163200,7680000
model.onnx,158,net.mobilevit.encoder.layer.4.transformer.layer.2.attention.attention.query.bias_scale,[],float32,0,4,4e-06,65000,680,32000
model.onnx,159,net.mobilevit.encoder.layer.4.transformer.layer.2.attention.attention.query.bias_zero_point,[],uint16,0,2,2e-06,32500,340,16000
model.onnx,160,net.mobilevit.encoder.layer.4.transformer.layer.2.attention.attention.value.bias,[240],float32,240,960,0.000916,15600000,163200,7680000
model.onnx,161,net.mobilevit.encoder.layer.4.transformer.layer.2.attention.attention.value.bias_scale,[],float32,0,4,4e-06,65000,680,32000
model.onnx,162,net.mobilevit.encoder.layer.4.transformer.layer.2.attention.attention.value.bias_zero_point,[],uint16,0,2,2e-06,32500,340,16000
model.onnx,163,net.mobilevit.encoder.layer.4.transformer.layer.2.layernorm_after.weight,[240],float32,240,960,0.000916,15600000,163200,7680000
model.onnx,164,net.mobilevit.encoder.layer.4.transformer.layer.2.layernorm_after.weight_scale,[],float32,0,4,4e-06,65000,680,32000
model.onnx,165,net.mobilevit.encoder.layer.4.transformer.layer.2.layernorm_before.weight,[240],float32,240,960,0.000916,15600000,163200,7680000
model.onnx,166,net.mobilevit.encoder.layer.4.transformer.layer.2.layernorm_before.weight_scale,[],float32,0,4,4e-06,65000,680,32000
model.onnx,167,net.mobilevit.encoder.layer.4.transformer.layer.2.layernorm_before.weight_zero_point,[],uint8,0,1,1e-06,16250,170,8000
model.onnx,168,onnx::Conv_1444,"[16, 3, 3, 3]",float32,432,1728,0.001648,28080000,293760,13824000
model.onnx,169,onnx::Conv_1444_scale,[16],float32,16,64,6.1e-05,1040000,10880,512000
model.onnx,170,onnx::Conv_1444_zero_point,[16],int8,16,16,1.5e-05,260000,2720,128000
model.onnx,171,onnx::Conv_1447,"[64, 16, 1, 1]",float32,1024,4096,0.003906,66560000,696320,32768000
model.onnx,172,onnx::Conv_1447_scale,[64],float32,64,256,0.000244,4160000,43520,2048000
model.onnx,173,onnx::Conv_1447_zero_point,[64],int8,64,64,6.1e-05,1040000,10880,512000
model.onnx,174,onnx::Conv_1450,"[64, 1, 3, 3]",float32,576,2304,0.002197,37440000,391680,18432000
model.onnx,175,onnx::Conv_1450_scale,[64],float32,64,256,0.000244,4160000,43520,2048000
model.onnx,176,onnx::Conv_1453,"[32, 64, 1, 1]",float32,2048,8192,0.007812,133120000,1392640,65536000
model.onnx,177,onnx::Conv_1453_scale,[32],float32,32,128,0.000122,2080000,21760,1024000
model.onnx,178,onnx::Conv_1453_zero_point,[32],int8,32,32,3.1e-05,520000,5440,256000
model.onnx,179,onnx::Conv_1456,"[128, 32, 1, 1]",float32,4096,16384,0.015625,266240000,2785280,131072000
model.onnx,180,onnx::Conv_1456_scale,[128],float32,128,512,0.000488,8320000,87040,4096000
model.onnx,181,onnx::Conv_1456_zero_point,[128],int8,128,128,0.000122,2080000,21760,1024000
model.onnx,182,onnx::Conv_1459,"[128, 1, 3, 3]",float32,1152,4608,0.004395,74880000,783360,36864000
model.onnx,183,onnx::Conv_1459_scale,[128],float32,128,512,0.000488,8320000,87040,4096000
model.onnx,184,onnx::Conv_1462,"[64, 128, 1, 1]",float32,8192,32768,0.03125,532480000,5570560,262144000
model.onnx,185,onnx::Conv_1462_scale,[64],float32,64,256,0.000244,4160000,43520,2048000
model.onnx,186,onnx::Conv_1465,"[256, 64, 1, 1]",float32,16384,65536,0.0625,1064960000,11141120,524288000
model.onnx,187,onnx::Conv_1465_scale,[256],float32,256,1024,0.000977,16640000,174080,8192000
model.onnx,188,onnx::Conv_1465_zero_point,[256],int8,256,256,0.000244,4160000,43520,2048000
model.onnx,189,onnx::Conv_1468,"[256, 1, 3, 3]",float32,2304,9216,0.008789,149760000,1566720,73728000
model.onnx,190,onnx::Conv_1468_scale,[256],float32,256,1024,0.000977,16640000,174080,8192000
model.onnx,191,onnx::Conv_1471,"[64, 256, 1, 1]",float32,16384,65536,0.0625,1064960000,11141120,524288000
model.onnx,192,onnx::Conv_1471_scale,[64],float32,64,256,0.000244,4160000,43520,2048000
model.onnx,193,onnx::Conv_1474,"[256, 64, 1, 1]",float32,16384,65536,0.0625,1064960000,11141120,524288000
model.onnx,194,onnx::Conv_1474_scale,[256],float32,256,1024,0.000977,16640000,174080,8192000
model.onnx,195,onnx::Conv_1477,"[256, 1, 3, 3]",float32,2304,9216,0.008789,149760000,1566720,73728000
model.onnx,196,onnx::Conv_1477_scale,[256],float32,256,1024,0.000977,16640000,174080,8192000
model.onnx,197,onnx::Conv_1480,"[64, 256, 1, 1]",float32,16384,65536,0.0625,1064960000,11141120,524288000
model.onnx,198,onnx::Conv_1480_scale,[64],float32,64,256,0.000244,4160000,43520,2048000
model.onnx,199,onnx::Conv_1483,"[256, 64, 1, 1]",float32,16384,65536,0.0625,1064960000,11141120,524288000
model.onnx,200,onnx::Conv_1483_scale,[256],float32,256,1024,0.000977,16640000,174080,8192000
model.onnx,201,onnx::Conv_1486,"[256, 1, 3, 3]",float32,2304,9216,0.008789,149760000,1566720,73728000
model.onnx,202,onnx::Conv_1486_scale,[256],float32,256,1024,0.000977,16640000,174080,8192000
model.onnx,203,onnx::Conv_1489,"[96, 256, 1, 1]",float32,24576,98304,0.09375,1597440000,16711680,786432000
model.onnx,204,onnx::Conv_1489_scale,[96],float32,96,384,0.000366,6240000,65280,3072000
model.onnx,205,onnx::Conv_1489_zero_point,[96],int8,96,96,9.2e-05,1560000,16320,768000
model.onnx,206,onnx::Conv_1492,"[96, 96, 3, 3]",float32,82944,331776,0.316406,5391360000,56401920,2654208000
model.onnx,207,onnx::Conv_1492_scale,[96],float32,96,384,0.000366,6240000,65280,3072000
model.onnx,208,onnx::Conv_1495,"[96, 144, 1, 1]",float32,13824,55296,0.052734,898560000,9400320,442368000
model.onnx,209,onnx::Conv_1495_scale,[96],float32,96,384,0.000366,6240000,65280,3072000
model.onnx,210,onnx::Conv_1498,"[96, 192, 3, 3]",float32,165888,663552,0.632812,10782720000,112803840,5308416000
model.onnx,211,onnx::Conv_1498_scale,[96],float32,96,384,0.000366,6240000,65280,3072000
model.onnx,212,onnx::Conv_1501,"[384, 96, 1, 1]",float32,36864,147456,0.140625,2396160000,25067520,1179648000
model.onnx,213,onnx::Conv_1501_scale,[384],float32,384,1536,0.001465,24960000,261120,12288000
model.onnx,214,onnx::Conv_1501_zero_point,[384],int8,384,384,0.000366,6240000,65280,3072000
model.onnx,215,onnx::Conv_1504,"[384, 1, 3, 3]",float32,3456,13824,0.013184,224640000,2350080,110592000
model.onnx,216,onnx::Conv_1504_scale,[384],float32,384,1536,0.001465,24960000,261120,12288000
model.onnx,217,onnx::Conv_1507,"[128, 384, 1, 1]",float32,49152,196608,0.1875,3194880000,33423360,1572864000
model.onnx,218,onnx::Conv_1507_scale,[128],float32,128,512,0.000488,8320000,87040,4096000
model.onnx,219,onnx::Conv_1510,"[128, 128, 3, 3]",float32,147456,589824,0.5625,9584640000,100270080,4718592000
model.onnx,220,onnx::Conv_1510_scale,[128],float32,128,512,0.000488,8320000,87040,4096000
model.onnx,221,onnx::Conv_1513,"[128, 192, 1, 1]",float32,24576,98304,0.09375,1597440000,16711680,786432000
model.onnx,222,onnx::Conv_1513_scale,[128],float32,128,512,0.000488,8320000,87040,4096000
model.onnx,223,onnx::Conv_1516,"[128, 256, 3, 3]",float32,294912,1179648,1.125,19169280000,200540160,9437184000
model.onnx,224,onnx::Conv_1516_scale,[128],float32,128,512,0.000488,8320000,87040,4096000
model.onnx,225,onnx::Conv_1519,"[512, 128, 1, 1]",float32,65536,262144,0.25,4259840000,44564480,2097152000
model.onnx,226,onnx::Conv_1519_scale,[512],float32,512,2048,0.001953,33280000,348160,16384000
model.onnx,227,onnx::Conv_1519_zero_point,[512],int8,512,512,0.000488,8320000,87040,4096000
model.onnx,228,onnx::Conv_1522,"[512, 1, 3, 3]",float32,4608,18432,0.017578,299520000,3133440,147456000
model.onnx,229,onnx::Conv_1522_scale,[512],float32,512,2048,0.001953,33280000,348160,16384000
model.onnx,230,onnx::Conv_1525,"[160, 512, 1, 1]",float32,81920,327680,0.3125,5324800000,55705600,2621440000
model.onnx,231,onnx::Conv_1525_scale,[160],float32,160,640,0.00061,10400000,108800,5120000
model.onnx,232,onnx::Conv_1525_zero_point,[160],int8,160,160,0.000153,2600000,27200,1280000
model.onnx,233,onnx::Conv_1528,"[160, 160, 3, 3]",float32,230400,921600,0.878906,14976000000,156672000,7372800000
model.onnx,234,onnx::Conv_1528_scale,[160],float32,160,640,0.00061,10400000,108800,5120000
model.onnx,235,onnx::Conv_1531,"[160, 240, 1, 1]",float32,38400,153600,0.146484,2496000000,26112000,1228800000
model.onnx,236,onnx::Conv_1531_scale,[160],float32,160,640,0.00061,10400000,108800,5120000
model.onnx,237,onnx::Conv_1534,"[160, 320, 3, 3]",float32,460800,1843200,1.757812,29952000000,313344000,14745600000
model.onnx,238,onnx::Conv_1534_scale,[160],float32,160,640,0.00061,10400000,108800,5120000
model.onnx,239,onnx::Conv_1537,"[640, 160, 1, 1]",float32,102400,409600,0.390625,6656000000,69632000,3276800000
model.onnx,240,onnx::Conv_1537_scale,[640],float32,640,2560,0.002441,41600000,435200,20480000
model.onnx,241,onnx::Conv_1537_zero_point,[640],int8,640,640,0.00061,10400000,108800,5120000
model.onnx,242,onnx::MatMul_1559,"[144, 144]",float32,20736,82944,0.079102,1347840000,14100480,663552000
model.onnx,243,onnx::MatMul_1559_scale,[144],float32,144,576,0.000549,9360000,97920,4608000
model.onnx,244,onnx::MatMul_1560,"[144, 288]",float32,41472,165888,0.158203,2695680000,28200960,1327104000
model.onnx,245,onnx::MatMul_1560_scale,[288],float32,288,1152,0.001099,18720000,195840,9216000
model.onnx,246,onnx::MatMul_1560_zero_point,[288],int8,288,288,0.000275,4680000,48960,2304000
model.onnx,247,onnx::MatMul_1561,"[288, 144]",float32,41472,165888,0.158203,2695680000,28200960,1327104000
model.onnx,248,onnx::MatMul_1561_scale,[144],float32,144,576,0.000549,9360000,97920,4608000
model.onnx,249,onnx::MatMul_1575,"[144, 144]",float32,20736,82944,0.079102,1347840000,14100480,663552000
model.onnx,250,onnx::MatMul_1575_scale,[144],float32,144,576,0.000549,9360000,97920,4608000
model.onnx,251,onnx::MatMul_1576,"[144, 288]",float32,41472,165888,0.158203,2695680000,28200960,1327104000
model.onnx,252,onnx::MatMul_1576_scale,[288],float32,288,1152,0.001099,18720000,195840,9216000
model.onnx,253,onnx::MatMul_1577,"[288, 144]",float32,41472,165888,0.158203,2695680000,28200960,1327104000
model.onnx,254,onnx::MatMul_1577_scale,[144],float32,144,576,0.000549,9360000,97920,4608000
model.onnx,255,onnx::MatMul_1605,"[192, 192]",float32,36864,147456,0.140625,2396160000,25067520,1179648000
model.onnx,256,onnx::MatMul_1605_scale,[192],float32,192,768,0.000732,12480000,130560,6144000
model.onnx,257,onnx::MatMul_1606,"[192, 384]",float32,73728,294912,0.28125,4792320000,50135040,2359296000
model.onnx,258,onnx::MatMul_1606_scale,[384],float32,384,1536,0.001465,24960000,261120,12288000
model.onnx,259,onnx::MatMul_1607,"[384, 192]",float32,73728,294912,0.28125,4792320000,50135040,2359296000
model.onnx,260,onnx::MatMul_1607_scale,[192],float32,192,768,0.000732,12480000,130560,6144000
model.onnx,261,onnx::MatMul_1621,"[192, 192]",float32,36864,147456,0.140625,2396160000,25067520,1179648000
model.onnx,262,onnx::MatMul_1621_scale,[192],float32,192,768,0.000732,12480000,130560,6144000
model.onnx,263,onnx::MatMul_1622,"[192, 384]",float32,73728,294912,0.28125,4792320000,50135040,2359296000
model.onnx,264,onnx::MatMul_1622_scale,[384],float32,384,1536,0.001465,24960000,261120,12288000
model.onnx,265,onnx::MatMul_1623,"[384, 192]",float32,73728,294912,0.28125,4792320000,50135040,2359296000
model.onnx,266,onnx::MatMul_1623_scale,[192],float32,192,768,0.000732,12480000,130560,6144000
model.onnx,267,onnx::MatMul_1637,"[192, 192]",float32,36864,147456,0.140625,2396160000,25067520,1179648000
model.onnx,268,onnx::MatMul_1637_scale,[192],float32,192,768,0.000732,12480000,130560,6144000
model.onnx,269,onnx::MatMul_1638,"[192, 384]",float32,73728,294912,0.28125,4792320000,50135040,2359296000
model.onnx,270,onnx::MatMul_1638_scale,[384],float32,384,1536,0.001465,24960000,261120,12288000
model.onnx,271,onnx::MatMul_1639,"[384, 192]",float32,73728,294912,0.28125,4792320000,50135040,2359296000
model.onnx,272,onnx::MatMul_1639_scale,[192],float32,192,768,0.000732,12480000,130560,6144000
model.onnx,273,onnx::MatMul_1653,"[192, 192]",float32,36864,147456,0.140625,2396160000,25067520,1179648000
model.onnx,274,onnx::MatMul_1653_scale,[192],float32,192,768,0.000732,12480000,130560,6144000
model.onnx,275,onnx::MatMul_1654,"[192, 384]",float32,73728,294912,0.28125,4792320000,50135040,2359296000
model.onnx,276,onnx::MatMul_1654_scale,[384],float32,384,1536,0.001465,24960000,261120,12288000
model.onnx,277,onnx::MatMul_1655,"[384, 192]",float32,73728,294912,0.28125,4792320000,50135040,2359296000
model.onnx,278,onnx::MatMul_1655_scale,[192],float32,192,768,0.000732,12480000,130560,6144000
model.onnx,279,onnx::MatMul_1683,"[240, 240]",float32,57600,230400,0.219727,3744000000,39168000,1843200000
model.onnx,280,onnx::MatMul_1683_scale,[240],float32,240,960,0.000916,15600000,163200,7680000
model.onnx,281,onnx::MatMul_1684,"[240, 480]",float32,115200,460800,0.439453,7488000000,78336000,3686400000
model.onnx,282,onnx::MatMul_1684_scale,[480],float32,480,1920,0.001831,31200000,326400,15360000
model.onnx,283,onnx::MatMul_1684_zero_point,[480],int8,480,480,0.000458,7800000,81600,3840000
model.onnx,284,onnx::MatMul_1685,"[480, 240]",float32,115200,460800,0.439453,7488000000,78336000,3686400000
model.onnx,285,onnx::MatMul_1685_scale,[240],float32,240,960,0.000916,15600000,163200,7680000
model.onnx,286,onnx::MatMul_1699,"[240, 240]",float32,57600,230400,0.219727,3744000000,39168000,1843200000
model.onnx,287,onnx::MatMul_1699_scale,[240],float32,240,960,0.000916,15600000,163200,7680000
model.onnx,288,onnx::MatMul_1700,"[240, 480]",float32,115200,460800,0.439453,7488000000,78336000,3686400000
model.onnx,289,onnx::MatMul_1700_scale,[480],float32,480,1920,0.001831,31200000,326400,15360000
model.onnx,290,onnx::MatMul_1701,"[480, 240]",float32,115200,460800,0.439453,7488000000,78336000,3686400000
model.onnx,291,onnx::MatMul_1701_scale,[240],float32,240,960,0.000916,15600000,163200,7680000
model.onnx,292,onnx::MatMul_1715,"[240, 240]",float32,57600,230400,0.219727,3744000000,39168000,1843200000
model.onnx,293,onnx::MatMul_1715_scale,[240],float32,240,960,0.000916,15600000,163200,7680000
model.onnx,294,onnx::MatMul_1716,"[240, 480]",float32,115200,460800,0.439453,7488000000,78336000,3686400000
model.onnx,295,onnx::MatMul_1716_scale,[480],float32,480,1920,0.001831,31200000,326400,15360000
model.onnx,296,onnx::MatMul_1717,"[480, 240]",float32,115200,460800,0.439453,7488000000,78336000,3686400000
model.onnx,297,onnx::MatMul_1717_scale,[240],float32,240,960,0.000916,15600000,163200,7680000
model.onnx,298,image_tensor_scale,[],float32,0,4,4e-06,65000,680,32000
model.onnx,299,onnx::Conv_1445,[16],float32,16,64,6.1e-05,1040000,10880,512000
model.onnx,300,/net/mobilevit/conv_stem/convolution/Conv_output_0_scale,[],float32,0,4,4e-06,65000,680,32000
model.onnx,301,/net/mobilevit/conv_stem/convolution/Conv_output_0_zero_point,[],uint16,0,2,2e-06,32500,340,16000
model.onnx,302,/net/mobilevit/conv_stem/activation/Sigmoid_output_0_scale,[],float32,0,4,4e-06,65000,680,32000
model.onnx,303,/net/mobilevit/conv_stem/activation/Mul_output_0_scale,[],float32,0,4,4e-06,65000,680,32000
model.onnx,304,/net/mobilevit/conv_stem/activation/Mul_output_0_zero_point,[],uint16,0,2,2e-06,32500,340,16000
model.onnx,305,onnx::Conv_1448,[64],float32,64,256,0.000244,4160000,43520,2048000
model.onnx,306,/net/mobilevit/encoder/0/layer.0/expand_1x1/convolution/Conv_output_0_scale,[],float32,0,4,4e-06,65000,680,32000
model.onnx,307,/net/mobilevit/encoder/0/layer.0/expand_1x1/convolution/Conv_output_0_zero_point,[],uint16,0,2,2e-06,32500,340,16000
model.onnx,308,/net/mobilevit/encoder/0/layer.0/expand_1x1/activation/Mul_output_0_scale,[],float32,0,4,4e-06,65000,680,32000
model.onnx,309,/net/mobilevit/encoder/0/layer.0/expand_1x1/activation/Mul_output_0_zero_point,[],uint16,0,2,2e-06,32500,340,16000
model.onnx,310,onnx::Conv_1451,[64],float32,64,256,0.000244,4160000,43520,2048000
model.onnx,311,/net/mobilevit/encoder/0/layer.0/conv_3x3/convolution/Conv_output_0_scale,[],float32,0,4,4e-06,65000,680,32000
model.onnx,312,/net/mobilevit/encoder/0/layer.0/conv_3x3/convolution/Conv_output_0_zero_point,[],uint16,0,2,2e-06,32500,340,16000
model.onnx,313,/net/mobilevit/encoder/0/layer.0/conv_3x3/activation/Mul_output_0_scale,[],float32,0,4,4e-06,65000,680,32000
model.onnx,314,/net/mobilevit/encoder/0/layer.0/conv_3x3/activation/Mul_output_0_zero_point,[],uint16,0,2,2e-06,32500,340,16000
model.onnx,315,onnx::Conv_1454,[32],float32,32,128,0.000122,2080000,21760,1024000
model.onnx,316,/net/mobilevit/encoder/0/layer.0/reduce_1x1/convolution/Conv_output_0_scale,[],float32,0,4,4e-06,65000,680,32000
model.onnx,317,/net/mobilevit/encoder/0/layer.0/reduce_1x1/convolution/Conv_output_0_zero_point,[],uint16,0,2,2e-06,32500,340,16000
model.onnx,318,onnx::Conv_1457,[128],float32,128,512,0.000488,8320000,87040,4096000
model.onnx,319,/net/mobilevit/encoder/1/0/expand_1x1/convolution/Conv_output_0_scale,[],float32,0,4,4e-06,65000,680,32000
model.onnx,320,/net/mobilevit/encoder/1/0/expand_1x1/convolution/Conv_output_0_zero_point,[],uint16,0,2,2e-06,32500,340,16000
model.onnx,321,/net/mobilevit/encoder/1/0/expand_1x1/activation/Mul_output_0_scale,[],float32,0,4,4e-06,65000,680,32000
model.onnx,322,/net/mobilevit/encoder/1/0/expand_1x1/activation/Mul_output_0_zero_point,[],uint16,0,2,2e-06,32500,340,16000
model.onnx,323,onnx::Conv_1460,[128],float32,128,512,0.000488,8320000,87040,4096000
model.onnx,324,/net/mobilevit/encoder/1/0/conv_3x3/convolution/Conv_output_0_scale,[],float32,0,4,4e-06,65000,680,32000
model.onnx,325,/net/mobilevit/encoder/1/0/conv_3x3/convolution/Conv_output_0_zero_point,[],uint16,0,2,2e-06,32500,340,16000
model.onnx,326,/net/mobilevit/encoder/1/0/conv_3x3/activation/Mul_output_0_scale,[],float32,0,4,4e-06,65000,680,32000
model.onnx,327,/net/mobilevit/encoder/1/0/conv_3x3/activation/Mul_output_0_zero_point,[],uint16,0,2,2e-06,32500,340,16000
model.onnx,328,onnx::Conv_1463,[64],float32,64,256,0.000244,4160000,43520,2048000
model.onnx,329,/net/mobilevit/encoder/1/0/reduce_1x1/convolution/Conv_output_0_scale,[],float32,0,4,4e-06,65000,680,32000
model.onnx,330,/net/mobilevit/encoder/1/0/reduce_1x1/convolution/Conv_output_0_zero_point,[],uint16,0,2,2e-06,32500,340,16000
model.onnx,331,onnx::Conv_1466,[256],float32,256,1024,0.000977,16640000,174080,8192000
model.onnx,332,/net/mobilevit/encoder/1/1/expand_1x1/convolution/Conv_output_0_scale,[],float32,0,4,4e-06,65000,680,32000
model.onnx,333,/net/mobilevit/encoder/1/1/expand_1x1/convolution/Conv_output_0_zero_point,[],uint16,0,2,2e-06,32500,340,16000
model.onnx,334,/net/mobilevit/encoder/1/1/expand_1x1/activation/Mul_output_0_scale,[],float32,0,4,4e-06,65000,680,32000
model.onnx,335,/net/mobilevit/encoder/1/1/expand_1x1/activation/Mul_output_0_zero_point,[],uint16,0,2,2e-06,32500,340,16000
model.onnx,336,onnx::Conv_1469,[256],float32,256,1024,0.000977,16640000,174080,8192000
model.onnx,337,/net/mobilevit/encoder/1/1/conv_3x3/convolution/Conv_output_0_scale,[],float32,0,4,4e-06,65000,680,32000
model.onnx,338,/net/mobilevit/encoder/1/1/conv_3x3/convolution/Conv_output_0_zero_point,[],uint16,0,2,2e-06,32500,340,16000
model.onnx,339,/net/mobilevit/encoder/1/1/conv_3x3/activation/Mul_output_0_scale,[],float32,0,4,4e-06,65000,680,32000
model.onnx,340,/net/mobilevit/encoder/1/1/conv_3x3/activation/Mul_output_0_zero_point,[],uint16,0,2,2e-06,32500,340,16000
model.onnx,341,onnx::Conv_1472,[64],float32,64,256,0.000244,4160000,43520,2048000
model.onnx,342,/net/mobilevit/encoder/1/1/reduce_1x1/convolution/Conv_output_0_scale,[],float32,0,4,4e-06,65000,680,32000
model.onnx,343,/net/mobilevit/encoder/1/1/reduce_1x1/convolution/Conv_output_0_zero_point,[],uint16,0,2,2e-06,32500,340,16000
model.onnx,344,/net/mobilevit/encoder/1/1/Add_output_0_scale,[],float32,0,4,4e-06,65000,680,32000
model.onnx,345,/net/mobilevit/encoder/1/1/Add_output_0_zero_point,[],uint16,0,2,2e-06,32500,340,16000
model.onnx,346,onnx::Conv_1475,[256],float32,256,1024,0.000977,16640000,174080,8192000
model.onnx,347,/net/mobilevit/encoder/1/2/expand_1x1/convolution/Conv_output_0_scale,[],float32,0,4,4e-06,65000,680,32000
model.onnx,348,/net/mobilevit/encoder/1/2/expand_1x1/convolution/Conv_output_0_zero_point,[],uint16,0,2,2e-06,32500,340,16000
model.onnx,349,/net/mobilevit/encoder/1/2/expand_1x1/activation/Mul_output_0_scale,[],float32,0,4,4e-06,65000,680,32000
model.onnx,350,/net/mobilevit/encoder/1/2/expand_1x1/activation/Mul_output_0_zero_point,[],uint16,0,2,2e-06,32500,340,16000
model.onnx,351,onnx::Conv_1478,[256],float32,256,1024,0.000977,16640000,174080,8192000
model.onnx,352,/net/mobilevit/encoder/1/2/conv_3x3/convolution/Conv_output_0_scale,[],float32,0,4,4e-06,65000,680,32000
model.onnx,353,/net/mobilevit/encoder/1/2/conv_3x3/convolution/Conv_output_0_zero_point,[],uint16,0,2,2e-06,32500,340,16000
model.onnx,354,/net/mobilevit/encoder/1/2/conv_3x3/activation/Mul_output_0_scale,[],float32,0,4,4e-06,65000,680,32000
model.onnx,355,/net/mobilevit/encoder/1/2/conv_3x3/activation/Mul_output_0_zero_point,[],uint16,0,2,2e-06,32500,340,16000
model.onnx,356,onnx::Conv_1481,[64],float32,64,256,0.000244,4160000,43520,2048000
model.onnx,357,/net/mobilevit/encoder/1/2/reduce_1x1/convolution/Conv_output_0_scale,[],float32,0,4,4e-06,65000,680,32000
model.onnx,358,/net/mobilevit/encoder/1/2/reduce_1x1/convolution/Conv_output_0_zero_point,[],uint16,0,2,2e-06,32500,340,16000
model.onnx,359,/net/mobilevit/encoder/1/2/Add_output_0_scale,[],float32,0,4,4e-06,65000,680,32000
model.onnx,360,/net/mobilevit/encoder/1/2/Add_output_0_zero_point,[],uint16,0,2,2e-06,32500,340,16000
model.onnx,361,onnx::Conv_1484,[256],float32,256,1024,0.000977,16640000,174080,8192000
model.onnx,362,/net/mobilevit/encoder/2/downsampling_layer/expand_1x1/convolution/Conv_output_0_scale,[],float32,0,4,4e-06,65000,680,32000
model.onnx,363,/net/mobilevit/encoder/2/downsampling_layer/expand_1x1/convolution/Conv_output_0_zero_point,[],uint16,0,2,2e-06,32500,340,16000
model.onnx,364,/net/mobilevit/encoder/2/downsampling_layer/expand_1x1/activation/Mul_output_0_scale,[],float32,0,4,4e-06,65000,680,32000
model.onnx,365,/net/mobilevit/encoder/2/downsampling_layer/expand_1x1/activation/Mul_output_0_zero_point,[],uint16,0,2,2e-06,32500,340,16000
model.onnx,366,onnx::Conv_1487,[256],float32,256,1024,0.000977,16640000,174080,8192000
model.onnx,367,/net/mobilevit/encoder/2/downsampling_layer/conv_3x3/convolution/Conv_output_0_scale,[],float32,0,4,4e-06,65000,680,32000
model.onnx,368,/net/mobilevit/encoder/2/downsampling_layer/conv_3x3/convolution/Conv_output_0_zero_point,[],uint16,0,2,2e-06,32500,340,16000
model.onnx,369,/net/mobilevit/encoder/2/downsampling_layer/conv_3x3/activation/Mul_output_0_scale,[],float32,0,4,4e-06,65000,680,32000
model.onnx,370,/net/mobilevit/encoder/2/downsampling_layer/conv_3x3/activation/Mul_output_0_zero_point,[],uint16,0,2,2e-06,32500,340,16000
model.onnx,371,onnx::Conv_1490,[96],float32,96,384,0.000366,6240000,65280,3072000
model.onnx,372,/net/mobilevit/encoder/2/downsampling_layer/reduce_1x1/convolution/Conv_output_0_scale,[],float32,0,4,4e-06,65000,680,32000
model.onnx,373,/net/mobilevit/encoder/2/downsampling_layer/reduce_1x1/convolution/Conv_output_0_zero_point,[],uint16,0,2,2e-06,32500,340,16000
model.onnx,374,onnx::Conv_1493,[96],float32,96,384,0.000366,6240000,65280,3072000
model.onnx,375,/net/mobilevit/encoder/2/conv_kxk/convolution/Conv_output_0_scale,[],float32,0,4,4e-06,65000,680,32000
model.onnx,376,/net/mobilevit/encoder/2/conv_kxk/convolution/Conv_output_0_zero_point,[],uint16,0,2,2e-06,32500,340,16000
model.onnx,377,/net/mobilevit/encoder/2/conv_kxk/activation/Mul_output_0_scale,[],float32,0,4,4e-06,65000,680,32000
model.onnx,378,/net/mobilevit/encoder/2/conv_kxk/activation/Mul_output_0_zero_point,[],uint16,0,2,2e-06,32500,340,16000
model.onnx,379,/net/mobilevit/encoder/2/conv_1x1/convolution/Conv_output_0_scale,[],float32,0,4,4e-06,65000,680,32000
model.onnx,380,/net/mobilevit/encoder/2/conv_1x1/convolution/Conv_output_0_zero_point,[],uint16,0,2,2e-06,32500,340,16000
model.onnx,381,/net/mobilevit/encoder/2/Concat_output_0,[4],int64,4,32,3.1e-05,520000,5440,256000
model.onnx,382,/net/mobilevit/encoder/2/Concat_1_output_0,[4],int64,4,32,3.1e-05,520000,5440,256000
model.onnx,383,/net/mobilevit/encoder/2/Concat_2_output_0,[3],int64,3,24,2.3e-05,390000,4080,192000
model.onnx,384,net.mobilevit.encoder.layer.2.transformer.layer.0.layernorm_before.bias,[144],float32,144,576,0.000549,9360000,97920,4608000
model.onnx,385,/net/mobilevit/encoder/2/transformer/0/layernorm_before/LayerNormalization_output_0_scale,[],float32,0,4,4e-06,65000,680,32000
model.onnx,386,/net/mobilevit/encoder/2/transformer/0/layernorm_before/LayerNormalization_output_0_zero_point,[],uint16,0,2,2e-06,32500,340,16000
model.onnx,387,_v_646_scale,[],float32,0,4,4e-06,65000,680,32000
model.onnx,388,_v_646_zero_point,[],uint16,0,2,2e-06,32500,340,16000
model.onnx,389,_v_650,[3],int64,3,24,2.3e-05,390000,4080,192000
model.onnx,390,/net/mobilevit/encoder/2/transformer/0/attention/attention/query/Add_output_0_scale,[],float32,0,4,4e-06,65000,680,32000
model.onnx,391,/net/mobilevit/encoder/2/transformer/0/attention/attention/query/Add_output_0_zero_point,[],uint16,0,2,2e-06,32500,340,16000
model.onnx,392,/net/mobilevit/encoder/2/transformer/0/attention/attention/key/Add_output_0_scale,[],float32,0,4,4e-06,65000,680,32000
model.onnx,393,/net/mobilevit/encoder/2/transformer/0/attention/attention/key/Add_output_0_zero_point,[],uint16,0,2,2e-06,32500,340,16000
model.onnx,394,/net/mobilevit/encoder/2/transformer/0/attention/attention/value/Add_output_0_scale,[],float32,0,4,4e-06,65000,680,32000
model.onnx,395,/net/mobilevit/encoder/2/transformer/0/attention/attention/Concat_output_0,[4],int64,4,32,3.1e-05,520000,5440,256000
model.onnx,396,/net/mobilevit/encoder/2/transformer/0/attention/attention/MatMul_output_0_scale,[],float32,0,4,4e-06,65000,680,32000
model.onnx,397,/net/mobilevit/encoder/2/transformer/0/attention/attention/MatMul_output_0_zero_point,[],uint16,0,2,2e-06,32500,340,16000
model.onnx,398,/net/mobilevit/encoder/2/transformer/0/attention/attention/Div_output_0_scale,[],float32,0,4,4e-06,65000,680,32000
model.onnx,399,/net/mobilevit/encoder/2/transformer/0/attention/attention/MatMul_1_output_0_scale,[],float32,0,4,4e-06,65000,680,32000
model.onnx,400,/net/mobilevit/encoder/2/transformer/0/attention/attention/MatMul_1_output_0_zero_point,[],uint16,0,2,2e-06,32500,340,16000
model.onnx,401,/net/mobilevit/encoder/2/transformer/0/attention/attention/Concat_3_output_0,[3],int64,3,24,2.3e-05,390000,4080,192000
model.onnx,402,net.mobilevit.encoder.layer.2.transformer.layer.0.attention.output.dense.bias,[144],float32,144,576,0.000549,9360000,97920,4608000
model.onnx,403,/net/mobilevit/encoder/2/transformer/0/attention/output/dense/Add_output_0_scale,[],float32,0,4,4e-06,65000,680,32000
model.onnx,404,/net/mobilevit/encoder/2/transformer/0/attention/output/dense/Add_output_0_zero_point,[],uint16,0,2,2e-06,32500,340,16000
model.onnx,405,/net/mobilevit/encoder/2/transformer/0/Add_output_0_scale,[],float32,0,4,4e-06,65000,680,32000
model.onnx,406,/net/mobilevit/encoder/2/transformer/0/Add_output_0_zero_point,[],uint16,0,2,2e-06,32500,340,16000
model.onnx,407,net.mobilevit.encoder.layer.2.transformer.layer.0.layernorm_after.bias,[144],float32,144,576,0.000549,9360000,97920,4608000
model.onnx,408,/net/mobilevit/encoder/2/transformer/0/layernorm_after/LayerNormalization_output_0_scale,[],float32,0,4,4e-06,65000,680,32000
model.onnx,409,/net/mobilevit/encoder/2/transformer/0/layernorm_after/LayerNormalization_output_0_zero_point,[],uint16,0,2,2e-06,32500,340,16000
model.onnx,410,net.mobilevit.encoder.layer.2.transformer.layer.0.intermediate.dense.bias,[288],float32,288,1152,0.001099,18720000,195840,9216000
model.onnx,411,/net/mobilevit/encoder/2/transformer/0/intermediate/dense/Add_output_0_scale,[],float32,0,4,4e-06,65000,680,32000
model.onnx,412,/net/mobilevit/encoder/2/transformer/0/intermediate/dense/Add_output_0_zero_point,[],uint16,0,2,2e-06,32500,340,16000
model.onnx,413,/net/mobilevit/encoder/2/transformer/0/intermediate/intermediate_act_fn/Mul_output_0_scale,[],float32,0,4,4e-06,65000,680,32000
model.onnx,414,/net/mobilevit/encoder/2/transformer/0/intermediate/intermediate_act_fn/Mul_output_0_zero_point,[],uint16,0,2,2e-06,32500,340,16000
model.onnx,415,net.mobilevit.encoder.layer.2.transformer.layer.0.output.dense.bias,[144],float32,144,576,0.000549,9360000,97920,4608000
model.onnx,416,/net/mobilevit/encoder/2/transformer/0/output/dense/Add_output_0_scale,[],float32,0,4,4e-06,65000,680,32000
model.onnx,417,/net/mobilevit/encoder/2/transformer/0/output/dense/Add_output_0_zero_point,[],uint16,0,2,2e-06,32500,340,16000
model.onnx,418,/net/mobilevit/encoder/2/transformer/0/output/Add_output_0_scale,[],float32,0,4,4e-06,65000,680,32000
model.onnx,419,/net/mobilevit/encoder/2/transformer/0/output/Add_output_0_zero_point,[],uint16,0,2,2e-06,32500,340,16000
model.onnx,420,net.mobilevit.encoder.layer.2.transformer.layer.1.layernorm_before.bias,[144],float32,144,576,0.000549,9360000,97920,4608000
model.onnx,421,/net/mobilevit/encoder/2/transformer/1/layernorm_before/LayerNormalization_output_0_scale,[],float32,0,4,4e-06,65000,680,32000
model.onnx,422,/net/mobilevit/encoder/2/transformer/1/layernorm_before/LayerNormalization_output_0_zero_point,[],uint16,0,2,2e-06,32500,340,16000
model.onnx,423,_v_653_scale,[],float32,0,4,4e-06,65000,680,32000
model.onnx,424,_v_653_zero_point,[],uint16,0,2,2e-06,32500,340,16000
model.onnx,425,/net/mobilevit/encoder/2/transformer/1/attention/attention/query/Add_output_0_scale,[],float32,0,4,4e-06,65000,680,32000
model.onnx,426,/net/mobilevit/encoder/2/transformer/1/attention/attention/query/Add_output_0_zero_point,[],uint16,0,2,2e-06,32500,340,16000
model.onnx,427,/net/mobilevit/encoder/2/transformer/1/attention/attention/key/Add_output_0_scale,[],float32,0,4,4e-06,65000,680,32000
model.onnx,428,/net/mobilevit/encoder/2/transformer/1/attention/attention/value/Add_output_0_scale,[],float32,0,4,4e-06,65000,680,32000
model.onnx,429,/net/mobilevit/encoder/2/transformer/1/attention/attention/MatMul_output_0_scale,[],float32,0,4,4e-06,65000,680,32000
model.onnx,430,/net/mobilevit/encoder/2/transformer/1/attention/attention/MatMul_output_0_zero_point,[],uint16,0,2,2e-06,32500,340,16000
model.onnx,431,/net/mobilevit/encoder/2/transformer/1/attention/attention/Div_output_0_scale,[],float32,0,4,4e-06,65000,680,32000
model.onnx,432,/net/mobilevit/encoder/2/transformer/1/attention/attention/MatMul_1_output_0_scale,[],float32,0,4,4e-06,65000,680,32000
model.onnx,433,/net/mobilevit/encoder/2/transformer/1/attention/attention/MatMul_1_output_0_zero_point,[],uint16,0,2,2e-06,32500,340,16000
model.onnx,434,net.mobilevit.encoder.layer.2.transformer.layer.1.attention.output.dense.bias,[144],float32,144,576,0.000549,9360000,97920,4608000
model.onnx,435,/net/mobilevit/encoder/2/transformer/1/attention/output/dense/Add_output_0_scale,[],float32,0,4,4e-06,65000,680,32000
model.onnx,436,/net/mobilevit/encoder/2/transformer/1/attention/output/dense/Add_output_0_zero_point,[],uint16,0,2,2e-06,32500,340,16000
model.onnx,437,/net/mobilevit/encoder/2/transformer/1/Add_output_0_scale,[],float32,0,4,4e-06,65000,680,32000
model.onnx,438,/net/mobilevit/encoder/2/transformer/1/Add_output_0_zero_point,[],uint16,0,2,2e-06,32500,340,16000
model.onnx,439,net.mobilevit.encoder.layer.2.transformer.layer.1.layernorm_after.bias,[144],float32,144,576,0.000549,9360000,97920,4608000
model.onnx,440,/net/mobilevit/encoder/2/transformer/1/layernorm_after/LayerNormalization_output_0_scale,[],float32,0,4,4e-06,65000,680,32000
model.onnx,441,/net/mobilevit/encoder/2/transformer/1/layernorm_after/LayerNormalization_output_0_zero_point,[],uint16,0,2,2e-06,32500,340,16000
model.onnx,442,net.mobilevit.encoder.layer.2.transformer.layer.1.intermediate.dense.bias,[288],float32,288,1152,0.001099,18720000,195840,9216000
model.onnx,443,/net/mobilevit/encoder/2/transformer/1/intermediate/dense/Add_output_0_scale,[],float32,0,4,4e-06,65000,680,32000
model.onnx,444,/net/mobilevit/encoder/2/transformer/1/intermediate/dense/Add_output_0_zero_point,[],uint16,0,2,2e-06,32500,340,16000
model.onnx,445,/net/mobilevit/encoder/2/transformer/1/intermediate/intermediate_act_fn/Mul_output_0_scale,[],float32,0,4,4e-06,65000,680,32000
model.onnx,446,/net/mobilevit/encoder/2/transformer/1/intermediate/intermediate_act_fn/Mul_output_0_zero_point,[],uint16,0,2,2e-06,32500,340,16000
model.onnx,447,net.mobilevit.encoder.layer.2.transformer.layer.1.output.dense.bias,[144],float32,144,576,0.000549,9360000,97920,4608000
model.onnx,448,/net/mobilevit/encoder/2/transformer/1/output/dense/Add_output_0_scale,[],float32,0,4,4e-06,65000,680,32000
model.onnx,449,/net/mobilevit/encoder/2/transformer/1/output/dense/Add_output_0_zero_point,[],uint16,0,2,2e-06,32500,340,16000
model.onnx,450,/net/mobilevit/encoder/2/transformer/1/output/Add_output_0_scale,[],float32,0,4,4e-06,65000,680,32000
model.onnx,451,/net/mobilevit/encoder/2/transformer/1/output/Add_output_0_zero_point,[],uint16,0,2,2e-06,32500,340,16000
model.onnx,452,net.mobilevit.encoder.layer.2.layernorm.bias,[144],float32,144,576,0.000549,9360000,97920,4608000
model.onnx,453,/net/mobilevit/encoder/2/layernorm/LayerNormalization_output_0_scale,[],float32,0,4,4e-06,65000,680,32000
model.onnx,454,/net/mobilevit/encoder/2/layernorm/LayerNormalization_output_0_zero_point,[],uint16,0,2,2e-06,32500,340,16000
model.onnx,455,/net/mobilevit/encoder/2/Concat_3_output_0,[4],int64,4,32,3.1e-05,520000,5440,256000
model.onnx,456,/net/mobilevit/encoder/2/Concat_4_output_0,[4],int64,4,32,3.1e-05,520000,5440,256000
model.onnx,457,/net/mobilevit/encoder/2/Concat_5_output_0,[4],int64,4,32,3.1e-05,520000,5440,256000
model.onnx,458,onnx::Conv_1496,[96],float32,96,384,0.000366,6240000,65280,3072000
model.onnx,459,/net/mobilevit/encoder/2/conv_projection/convolution/Conv_output_0_scale,[],float32,0,4,4e-06,65000,680,32000
model.onnx,460,/net/mobilevit/encoder/2/conv_projection/convolution/Conv_output_0_zero_point,[],uint16,0,2,2e-06,32500,340,16000
model.onnx,461,/net/mobilevit/encoder/2/conv_projection/activation/Mul_output_0_scale,[],float32,0,4,4e-06,65000,680,32000
model.onnx,462,/net/mobilevit/encoder/2/conv_projection/activation/Mul_output_0_zero_point,[],uint16,0,2,2e-06,32500,340,16000
model.onnx,463,onnx::Conv_1499,[96],float32,96,384,0.000366,6240000,65280,3072000
model.onnx,464,/net/mobilevit/encoder/2/fusion/convolution/Conv_output_0_scale,[],float32,0,4,4e-06,65000,680,32000
model.onnx,465,/net/mobilevit/encoder/2/fusion/convolution/Conv_output_0_zero_point,[],uint16,0,2,2e-06,32500,340,16000
model.onnx,466,/net/mobilevit/encoder/2/fusion/activation/Mul_output_0_scale,[],float32,0,4,4e-06,65000,680,32000
model.onnx,467,/net/mobilevit/encoder/2/fusion/activation/Mul_output_0_zero_point,[],uint16,0,2,2e-06,32500,340,16000
model.onnx,468,onnx::Conv_1502,[384],float32,384,1536,0.001465,24960000,261120,12288000
model.onnx,469,/net/mobilevit/encoder/3/downsampling_layer/expand_1x1/convolution/Conv_output_0_scale,[],float32,0,4,4e-06,65000,680,32000
model.onnx,470,/net/mobilevit/encoder/3/downsampling_layer/expand_1x1/convolution/Conv_output_0_zero_point,[],uint16,0,2,2e-06,32500,340,16000
model.onnx,471,/net/mobilevit/encoder/3/downsampling_layer/expand_1x1/activation/Mul_output_0_scale,[],float32,0,4,4e-06,65000,680,32000
model.onnx,472,/net/mobilevit/encoder/3/downsampling_layer/expand_1x1/activation/Mul_output_0_zero_point,[],uint16,0,2,2e-06,32500,340,16000
model.onnx,473,onnx::Conv_1505,[384],float32,384,1536,0.001465,24960000,261120,12288000
model.onnx,474,/net/mobilevit/encoder/3/downsampling_layer/conv_3x3/convolution/Conv_output_0_scale,[],float32,0,4,4e-06,65000,680,32000
model.onnx,475,/net/mobilevit/encoder/3/downsampling_layer/conv_3x3/convolution/Conv_output_0_zero_point,[],uint16,0,2,2e-06,32500,340,16000
model.onnx,476,/net/mobilevit/encoder/3/downsampling_layer/conv_3x3/activation/Mul_output_0_scale,[],float32,0,4,4e-06,65000,680,32000
model.onnx,477,/net/mobilevit/encoder/3/downsampling_layer/conv_3x3/activation/Mul_output_0_zero_point,[],uint16,0,2,2e-06,32500,340,16000
model.onnx,478,onnx::Conv_1508,[128],float32,128,512,0.000488,8320000,87040,4096000
model.onnx,479,/net/mobilevit/encoder/3/downsampling_layer/reduce_1x1/convolution/Conv_output_0_scale,[],float32,0,4,4e-06,65000,680,32000
model.onnx,480,/net/mobilevit/encoder/3/downsampling_layer/reduce_1x1/convolution/Conv_output_0_zero_point,[],uint16,0,2,2e-06,32500,340,16000
model.onnx,481,onnx::Conv_1511,[128],float32,128,512,0.000488,8320000,87040,4096000
model.onnx,482,/net/mobilevit/encoder/3/conv_kxk/convolution/Conv_output_0_scale,[],float32,0,4,4e-06,65000,680,32000
model.onnx,483,/net/mobilevit/encoder/3/conv_kxk/convolution/Conv_output_0_zero_point,[],uint16,0,2,2e-06,32500,340,16000
model.onnx,484,/net/mobilevit/encoder/3/conv_kxk/activation/Mul_output_0_scale,[],float32,0,4,4e-06,65000,680,32000
model.onnx,485,/net/mobilevit/encoder/3/conv_kxk/activation/Mul_output_0_zero_point,[],uint16,0,2,2e-06,32500,340,16000
model.onnx,486,/net/mobilevit/encoder/3/conv_1x1/convolution/Conv_output_0_scale,[],float32,0,4,4e-06,65000,680,32000
model.onnx,487,/net/mobilevit/encoder/3/conv_1x1/convolution/Conv_output_0_zero_point,[],uint16,0,2,2e-06,32500,340,16000
model.onnx,488,/net/mobilevit/encoder/3/Concat_output_0,[4],int64,4,32,3.1e-05,520000,5440,256000
model.onnx,489,/net/mobilevit/encoder/3/Concat_1_output_0,[4],int64,4,32,3.1e-05,520000,5440,256000
model.onnx,490,/net/mobilevit/encoder/3/Concat_2_output_0,[3],int64,3,24,2.3e-05,390000,4080,192000
model.onnx,491,net.mobilevit.encoder.layer.3.transformer.layer.0.layernorm_before.bias,[192],float32,192,768,0.000732,12480000,130560,6144000
model.onnx,492,/net/mobilevit/encoder/3/transformer/0/layernorm_before/LayerNormalization_output_0_scale,[],float32,0,4,4e-06,65000,680,32000
model.onnx,493,/net/mobilevit/encoder/3/transformer/0/layernorm_before/LayerNormalization_output_0_zero_point,[],uint16,0,2,2e-06,32500,340,16000
model.onnx,494,_v_660_scale,[],float32,0,4,4e-06,65000,680,32000
model.onnx,495,_v_660_zero_point,[],uint16,0,2,2e-06,32500,340,16000
model.onnx,496,_v_664,[3],int64,3,24,2.3e-05,390000,4080,192000
model.onnx,497,/net/mobilevit/encoder/3/transformer/0/attention/attention/query/Add_output_0_scale,[],float32,0,4,4e-06,65000,680,32000
model.onnx,498,/net/mobilevit/encoder/3/transformer/0/attention/attention/query/Add_output_0_zero_point,[],uint16,0,2,2e-06,32500,340,16000
model.onnx,499,/net/mobilevit/encoder/3/transformer/0/attention/attention/key/Add_output_0_scale,[],float32,0,4,4e-06,65000,680,32000
model.onnx,500,/net/mobilevit/encoder/3/transformer/0/attention/attention/value/Add_output_0_scale,[],float32,0,4,4e-06,65000,680,32000
model.onnx,501,/net/mobilevit/encoder/3/transformer/0/attention/attention/Concat_output_0,[4],int64,4,32,3.1e-05,520000,5440,256000
model.onnx,502,/net/mobilevit/encoder/3/transformer/0/attention/attention/MatMul_output_0_scale,[],float32,0,4,4e-06,65000,680,32000
model.onnx,503,/net/mobilevit/encoder/3/transformer/0/attention/attention/MatMul_output_0_zero_point,[],uint16,0,2,2e-06,32500,340,16000
model.onnx,504,/net/mobilevit/encoder/3/transformer/0/attention/attention/Div_output_0_scale,[],float32,0,4,4e-06,65000,680,32000
model.onnx,505,/net/mobilevit/encoder/3/transformer/0/attention/attention/MatMul_1_output_0_scale,[],float32,0,4,4e-06,65000,680,32000
model.onnx,506,/net/mobilevit/encoder/3/transformer/0/attention/attention/MatMul_1_output_0_zero_point,[],uint16,0,2,2e-06,32500,340,16000
model.onnx,507,/net/mobilevit/encoder/3/transformer/0/attention/attention/Concat_3_output_0,[3],int64,3,24,2.3e-05,390000,4080,192000
model.onnx,508,net.mobilevit.encoder.layer.3.transformer.layer.0.attention.output.dense.bias,[192],float32,192,768,0.000732,12480000,130560,6144000
model.onnx,509,/net/mobilevit/encoder/3/transformer/0/attention/output/dense/Add_output_0_scale,[],float32,0,4,4e-06,65000,680,32000
model.onnx,510,/net/mobilevit/encoder/3/transformer/0/attention/output/dense/Add_output_0_zero_point,[],uint16,0,2,2e-06,32500,340,16000
model.onnx,511,/net/mobilevit/encoder/3/transformer/0/Add_output_0_scale,[],float32,0,4,4e-06,65000,680,32000
model.onnx,512,/net/mobilevit/encoder/3/transformer/0/Add_output_0_zero_point,[],uint16,0,2,2e-06,32500,340,16000
model.onnx,513,net.mobilevit.encoder.layer.3.transformer.layer.0.layernorm_after.bias,[192],float32,192,768,0.000732,12480000,130560,6144000
model.onnx,514,/net/mobilevit/encoder/3/transformer/0/layernorm_after/LayerNormalization_output_0_scale,[],float32,0,4,4e-06,65000,680,32000
model.onnx,515,/net/mobilevit/encoder/3/transformer/0/layernorm_after/LayerNormalization_output_0_zero_point,[],uint16,0,2,2e-06,32500,340,16000
model.onnx,516,net.mobilevit.encoder.layer.3.transformer.layer.0.intermediate.dense.bias,[384],float32,384,1536,0.001465,24960000,261120,12288000
model.onnx,517,/net/mobilevit/encoder/3/transformer/0/intermediate/dense/Add_output_0_scale,[],float32,0,4,4e-06,65000,680,32000
model.onnx,518,/net/mobilevit/encoder/3/transformer/0/intermediate/dense/Add_output_0_zero_point,[],uint16,0,2,2e-06,32500,340,16000
model.onnx,519,/net/mobilevit/encoder/3/transformer/0/intermediate/intermediate_act_fn/Mul_output_0_scale,[],float32,0,4,4e-06,65000,680,32000
model.onnx,520,/net/mobilevit/encoder/3/transformer/0/intermediate/intermediate_act_fn/Mul_output_0_zero_point,[],uint16,0,2,2e-06,32500,340,16000
model.onnx,521,net.mobilevit.encoder.layer.3.transformer.layer.0.output.dense.bias,[192],float32,192,768,0.000732,12480000,130560,6144000
model.onnx,522,/net/mobilevit/encoder/3/transformer/0/output/dense/Add_output_0_scale,[],float32,0,4,4e-06,65000,680,32000
model.onnx,523,/net/mobilevit/encoder/3/transformer/0/output/dense/Add_output_0_zero_point,[],uint16,0,2,2e-06,32500,340,16000
model.onnx,524,/net/mobilevit/encoder/3/transformer/0/output/Add_output_0_scale,[],float32,0,4,4e-06,65000,680,32000
model.onnx,525,/net/mobilevit/encoder/3/transformer/0/output/Add_output_0_zero_point,[],uint16,0,2,2e-06,32500,340,16000
model.onnx,526,net.mobilevit.encoder.layer.3.transformer.layer.1.layernorm_before.bias,[192],float32,192,768,0.000732,12480000,130560,6144000
model.onnx,527,/net/mobilevit/encoder/3/transformer/1/layernorm_before/LayerNormalization_output_0_scale,[],float32,0,4,4e-06,65000,680,32000
model.onnx,528,/net/mobilevit/encoder/3/transformer/1/layernorm_before/LayerNormalization_output_0_zero_point,[],uint16,0,2,2e-06,32500,340,16000
model.onnx,529,_v_667_scale,[],float32,0,4,4e-06,65000,680,32000
model.onnx,530,_v_667_zero_point,[],uint16,0,2,2e-06,32500,340,16000
model.onnx,531,/net/mobilevit/encoder/3/transformer/1/attention/attention/query/Add_output_0_scale,[],float32,0,4,4e-06,65000,680,32000
model.onnx,532,/net/mobilevit/encoder/3/transformer/1/attention/attention/query/Add_output_0_zero_point,[],uint16,0,2,2e-06,32500,340,16000
model.onnx,533,/net/mobilevit/encoder/3/transformer/1/attention/attention/key/Add_output_0_scale,[],float32,0,4,4e-06,65000,680,32000
model.onnx,534,/net/mobilevit/encoder/3/transformer/1/attention/attention/value/Add_output_0_scale,[],float32,0,4,4e-06,65000,680,32000
model.onnx,535,/net/mobilevit/encoder/3/transformer/1/attention/attention/MatMul_output_0_scale,[],float32,0,4,4e-06,65000,680,32000
model.onnx,536,/net/mobilevit/encoder/3/transformer/1/attention/attention/MatMul_output_0_zero_point,[],uint16,0,2,2e-06,32500,340,16000
model.onnx,537,/net/mobilevit/encoder/3/transformer/1/attention/attention/Div_output_0_scale,[],float32,0,4,4e-06,65000,680,32000
model.onnx,538,/net/mobilevit/encoder/3/transformer/1/attention/attention/MatMul_1_output_0_scale,[],float32,0,4,4e-06,65000,680,32000
model.onnx,539,/net/mobilevit/encoder/3/transformer/1/attention/attention/MatMul_1_output_0_zero_point,[],uint16,0,2,2e-06,32500,340,16000
model.onnx,540,net.mobilevit.encoder.layer.3.transformer.layer.1.attention.output.dense.bias,[192],float32,192,768,0.000732,12480000,130560,6144000
model.onnx,541,/net/mobilevit/encoder/3/transformer/1/attention/output/dense/Add_output_0_scale,[],float32,0,4,4e-06,65000,680,32000
model.onnx,542,/net/mobilevit/encoder/3/transformer/1/attention/output/dense/Add_output_0_zero_point,[],uint16,0,2,2e-06,32500,340,16000
model.onnx,543,/net/mobilevit/encoder/3/transformer/1/Add_output_0_scale,[],float32,0,4,4e-06,65000,680,32000
model.onnx,544,/net/mobilevit/encoder/3/transformer/1/Add_output_0_zero_point,[],uint16,0,2,2e-06,32500,340,16000
model.onnx,545,net.mobilevit.encoder.layer.3.transformer.layer.1.layernorm_after.bias,[192],float32,192,768,0.000732,12480000,130560,6144000
model.onnx,546,/net/mobilevit/encoder/3/transformer/1/layernorm_after/LayerNormalization_output_0_scale,[],float32,0,4,4e-06,65000,680,32000
model.onnx,547,/net/mobilevit/encoder/3/transformer/1/layernorm_after/LayerNormalization_output_0_zero_point,[],uint16,0,2,2e-06,32500,340,16000
model.onnx,548,net.mobilevit.encoder.layer.3.transformer.layer.1.intermediate.dense.bias,[384],float32,384,1536,0.001465,24960000,261120,12288000
model.onnx,549,/net/mobilevit/encoder/3/transformer/1/intermediate/dense/Add_output_0_scale,[],float32,0,4,4e-06,65000,680,32000
model.onnx,550,/net/mobilevit/encoder/3/transformer/1/intermediate/dense/Add_output_0_zero_point,[],uint16,0,2,2e-06,32500,340,16000
model.onnx,551,/net/mobilevit/encoder/3/transformer/1/intermediate/intermediate_act_fn/Mul_output_0_scale,[],float32,0,4,4e-06,65000,680,32000
model.onnx,552,/net/mobilevit/encoder/3/transformer/1/intermediate/intermediate_act_fn/Mul_output_0_zero_point,[],uint16,0,2,2e-06,32500,340,16000
model.onnx,553,net.mobilevit.encoder.layer.3.transformer.layer.1.output.dense.bias,[192],float32,192,768,0.000732,12480000,130560,6144000
model.onnx,554,/net/mobilevit/encoder/3/transformer/1/output/dense/Add_output_0_scale,[],float32,0,4,4e-06,65000,680,32000
model.onnx,555,/net/mobilevit/encoder/3/transformer/1/output/dense/Add_output_0_zero_point,[],uint16,0,2,2e-06,32500,340,16000
model.onnx,556,/net/mobilevit/encoder/3/transformer/1/output/Add_output_0_scale,[],float32,0,4,4e-06,65000,680,32000
model.onnx,557,/net/mobilevit/encoder/3/transformer/1/output/Add_output_0_zero_point,[],uint16,0,2,2e-06,32500,340,16000
model.onnx,558,net.mobilevit.encoder.layer.3.transformer.layer.2.layernorm_before.bias,[192],float32,192,768,0.000732,12480000,130560,6144000
model.onnx,559,/net/mobilevit/encoder/3/transformer/2/layernorm_before/LayerNormalization_output_0_scale,[],float32,0,4,4e-06,65000,680,32000
model.onnx,560,/net/mobilevit/encoder/3/transformer/2/layernorm_before/LayerNormalization_output_0_zero_point,[],uint16,0,2,2e-06,32500,340,16000
model.onnx,561,_v_674_scale,[],float32,0,4,4e-06,65000,680,32000
model.onnx,562,_v_674_zero_point,[],uint16,0,2,2e-06,32500,340,16000
model.onnx,563,/net/mobilevit/encoder/3/transformer/2/attention/attention/query/Add_output_0_scale,[],float32,0,4,4e-06,65000,680,32000
model.onnx,564,/net/mobilevit/encoder/3/transformer/2/attention/attention/query/Add_output_0_zero_point,[],uint16,0,2,2e-06,32500,340,16000
model.onnx,565,/net/mobilevit/encoder/3/transformer/2/attention/attention/key/Add_output_0_scale,[],float32,0,4,4e-06,65000,680,32000
model.onnx,566,/net/mobilevit/encoder/3/transformer/2/attention/attention/value/Add_output_0_scale,[],float32,0,4,4e-06,65000,680,32000
model.onnx,567,/net/mobilevit/encoder/3/transformer/2/attention/attention/MatMul_output_0_scale,[],float32,0,4,4e-06,65000,680,32000
model.onnx,568,/net/mobilevit/encoder/3/transformer/2/attention/attention/MatMul_output_0_zero_point,[],uint16,0,2,2e-06,32500,340,16000
model.onnx,569,/net/mobilevit/encoder/3/transformer/2/attention/attention/Div_output_0_scale,[],float32,0,4,4e-06,65000,680,32000
model.onnx,570,/net/mobilevit/encoder/3/transformer/2/attention/attention/MatMul_1_output_0_scale,[],float32,0,4,4e-06,65000,680,32000
model.onnx,571,/net/mobilevit/encoder/3/transformer/2/attention/attention/MatMul_1_output_0_zero_point,[],uint16,0,2,2e-06,32500,340,16000
model.onnx,572,net.mobilevit.encoder.layer.3.transformer.layer.2.attention.output.dense.bias,[192],float32,192,768,0.000732,12480000,130560,6144000
model.onnx,573,/net/mobilevit/encoder/3/transformer/2/attention/output/dense/Add_output_0_scale,[],float32,0,4,4e-06,65000,680,32000
model.onnx,574,/net/mobilevit/encoder/3/transformer/2/attention/output/dense/Add_output_0_zero_point,[],uint16,0,2,2e-06,32500,340,16000
model.onnx,575,/net/mobilevit/encoder/3/transformer/2/Add_output_0_scale,[],float32,0,4,4e-06,65000,680,32000
model.onnx,576,/net/mobilevit/encoder/3/transformer/2/Add_output_0_zero_point,[],uint16,0,2,2e-06,32500,340,16000
model.onnx,577,net.mobilevit.encoder.layer.3.transformer.layer.2.layernorm_after.bias,[192],float32,192,768,0.000732,12480000,130560,6144000
model.onnx,578,/net/mobilevit/encoder/3/transformer/2/layernorm_after/LayerNormalization_output_0_scale,[],float32,0,4,4e-06,65000,680,32000
model.onnx,579,/net/mobilevit/encoder/3/transformer/2/layernorm_after/LayerNormalization_output_0_zero_point,[],uint16,0,2,2e-06,32500,340,16000
model.onnx,580,net.mobilevit.encoder.layer.3.transformer.layer.2.intermediate.dense.bias,[384],float32,384,1536,0.001465,24960000,261120,12288000
model.onnx,581,/net/mobilevit/encoder/3/transformer/2/intermediate/dense/Add_output_0_scale,[],float32,0,4,4e-06,65000,680,32000
model.onnx,582,/net/mobilevit/encoder/3/transformer/2/intermediate/dense/Add_output_0_zero_point,[],uint16,0,2,2e-06,32500,340,16000
model.onnx,583,/net/mobilevit/encoder/3/transformer/2/intermediate/intermediate_act_fn/Mul_output_0_scale,[],float32,0,4,4e-06,65000,680,32000
model.onnx,584,/net/mobilevit/encoder/3/transformer/2/intermediate/intermediate_act_fn/Mul_output_0_zero_point,[],uint16,0,2,2e-06,32500,340,16000
model.onnx,585,net.mobilevit.encoder.layer.3.transformer.layer.2.output.dense.bias,[192],float32,192,768,0.000732,12480000,130560,6144000
model.onnx,586,/net/mobilevit/encoder/3/transformer/2/output/dense/Add_output_0_scale,[],float32,0,4,4e-06,65000,680,32000
model.onnx,587,/net/mobilevit/encoder/3/transformer/2/output/dense/Add_output_0_zero_point,[],uint16,0,2,2e-06,32500,340,16000
model.onnx,588,/net/mobilevit/encoder/3/transformer/2/output/Add_output_0_scale,[],float32,0,4,4e-06,65000,680,32000
model.onnx,589,/net/mobilevit/encoder/3/transformer/2/output/Add_output_0_zero_point,[],uint16,0,2,2e-06,32500,340,16000
model.onnx,590,net.mobilevit.encoder.layer.3.transformer.layer.3.layernorm_before.bias,[192],float32,192,768,0.000732,12480000,130560,6144000
model.onnx,591,/net/mobilevit/encoder/3/transformer/3/layernorm_before/LayerNormalization_output_0_scale,[],float32,0,4,4e-06,65000,680,32000
model.onnx,592,/net/mobilevit/encoder/3/transformer/3/layernorm_before/LayerNormalization_output_0_zero_point,[],uint16,0,2,2e-06,32500,340,16000
model.onnx,593,_v_681_scale,[],float32,0,4,4e-06,65000,680,32000
model.onnx,594,_v_681_zero_point,[],uint16,0,2,2e-06,32500,340,16000
model.onnx,595,/net/mobilevit/encoder/3/transformer/3/attention/attention/query/Add_output_0_scale,[],float32,0,4,4e-06,65000,680,32000
model.onnx,596,/net/mobilevit/encoder/3/transformer/3/attention/attention/query/Add_output_0_zero_point,[],uint16,0,2,2e-06,32500,340,16000
model.onnx,597,/net/mobilevit/encoder/3/transformer/3/attention/attention/key/Add_output_0_scale,[],float32,0,4,4e-06,65000,680,32000
model.onnx,598,/net/mobilevit/encoder/3/transformer/3/attention/attention/value/Add_output_0_scale,[],float32,0,4,4e-06,65000,680,32000
model.onnx,599,/net/mobilevit/encoder/3/transformer/3/attention/attention/MatMul_output_0_scale,[],float32,0,4,4e-06,65000,680,32000
model.onnx,600,/net/mobilevit/encoder/3/transformer/3/attention/attention/MatMul_output_0_zero_point,[],uint16,0,2,2e-06,32500,340,16000
model.onnx,601,/net/mobilevit/encoder/3/transformer/3/attention/attention/Div_output_0_scale,[],float32,0,4,4e-06,65000,680,32000
model.onnx,602,/net/mobilevit/encoder/3/transformer/3/attention/attention/MatMul_1_output_0_scale,[],float32,0,4,4e-06,65000,680,32000
model.onnx,603,/net/mobilevit/encoder/3/transformer/3/attention/attention/MatMul_1_output_0_zero_point,[],uint16,0,2,2e-06,32500,340,16000
model.onnx,604,net.mobilevit.encoder.layer.3.transformer.layer.3.attention.output.dense.bias,[192],float32,192,768,0.000732,12480000,130560,6144000
model.onnx,605,/net/mobilevit/encoder/3/transformer/3/attention/output/dense/Add_output_0_scale,[],float32,0,4,4e-06,65000,680,32000
model.onnx,606,/net/mobilevit/encoder/3/transformer/3/attention/output/dense/Add_output_0_zero_point,[],uint16,0,2,2e-06,32500,340,16000
model.onnx,607,/net/mobilevit/encoder/3/transformer/3/Add_output_0_scale,[],float32,0,4,4e-06,65000,680,32000
model.onnx,608,/net/mobilevit/encoder/3/transformer/3/Add_output_0_zero_point,[],uint16,0,2,2e-06,32500,340,16000
model.onnx,609,net.mobilevit.encoder.layer.3.transformer.layer.3.layernorm_after.bias,[192],float32,192,768,0.000732,12480000,130560,6144000
model.onnx,610,/net/mobilevit/encoder/3/transformer/3/layernorm_after/LayerNormalization_output_0_scale,[],float32,0,4,4e-06,65000,680,32000
model.onnx,611,/net/mobilevit/encoder/3/transformer/3/layernorm_after/LayerNormalization_output_0_zero_point,[],uint16,0,2,2e-06,32500,340,16000
model.onnx,612,net.mobilevit.encoder.layer.3.transformer.layer.3.intermediate.dense.bias,[384],float32,384,1536,0.001465,24960000,261120,12288000
model.onnx,613,/net/mobilevit/encoder/3/transformer/3/intermediate/dense/Add_output_0_scale,[],float32,0,4,4e-06,65000,680,32000
model.onnx,614,/net/mobilevit/encoder/3/transformer/3/intermediate/dense/Add_output_0_zero_point,[],uint16,0,2,2e-06,32500,340,16000
model.onnx,615,/net/mobilevit/encoder/3/transformer/3/intermediate/intermediate_act_fn/Mul_output_0_scale,[],float32,0,4,4e-06,65000,680,32000
model.onnx,616,/net/mobilevit/encoder/3/transformer/3/intermediate/intermediate_act_fn/Mul_output_0_zero_point,[],uint16,0,2,2e-06,32500,340,16000
model.onnx,617,net.mobilevit.encoder.layer.3.transformer.layer.3.output.dense.bias,[192],float32,192,768,0.000732,12480000,130560,6144000
model.onnx,618,/net/mobilevit/encoder/3/transformer/3/output/dense/Add_output_0_scale,[],float32,0,4,4e-06,65000,680,32000
model.onnx,619,/net/mobilevit/encoder/3/transformer/3/output/dense/Add_output_0_zero_point,[],uint16,0,2,2e-06,32500,340,16000
model.onnx,620,/net/mobilevit/encoder/3/transformer/3/output/Add_output_0_scale,[],float32,0,4,4e-06,65000,680,32000
model.onnx,621,/net/mobilevit/encoder/3/transformer/3/output/Add_output_0_zero_point,[],uint16,0,2,2e-06,32500,340,16000
model.onnx,622,net.mobilevit.encoder.layer.3.layernorm.bias,[192],float32,192,768,0.000732,12480000,130560,6144000
model.onnx,623,/net/mobilevit/encoder/3/layernorm/LayerNormalization_output_0_scale,[],float32,0,4,4e-06,65000,680,32000
model.onnx,624,/net/mobilevit/encoder/3/layernorm/LayerNormalization_output_0_zero_point,[],uint16,0,2,2e-06,32500,340,16000
model.onnx,625,/net/mobilevit/encoder/3/Concat_3_output_0,[4],int64,4,32,3.1e-05,520000,5440,256000
model.onnx,626,/net/mobilevit/encoder/3/Concat_4_output_0,[4],int64,4,32,3.1e-05,520000,5440,256000
model.onnx,627,/net/mobilevit/encoder/3/Concat_5_output_0,[4],int64,4,32,3.1e-05,520000,5440,256000
model.onnx,628,onnx::Conv_1514,[128],float32,128,512,0.000488,8320000,87040,4096000
model.onnx,629,/net/mobilevit/encoder/3/conv_projection/convolution/Conv_output_0_scale,[],float32,0,4,4e-06,65000,680,32000
model.onnx,630,/net/mobilevit/encoder/3/conv_projection/convolution/Conv_output_0_zero_point,[],uint16,0,2,2e-06,32500,340,16000
model.onnx,631,/net/mobilevit/encoder/3/conv_projection/activation/Mul_output_0_scale,[],float32,0,4,4e-06,65000,680,32000
model.onnx,632,/net/mobilevit/encoder/3/conv_projection/activation/Mul_output_0_zero_point,[],uint16,0,2,2e-06,32500,340,16000
model.onnx,633,onnx::Conv_1517,[128],float32,128,512,0.000488,8320000,87040,4096000
model.onnx,634,/net/mobilevit/encoder/3/fusion/convolution/Conv_output_0_scale,[],float32,0,4,4e-06,65000,680,32000
model.onnx,635,/net/mobilevit/encoder/3/fusion/convolution/Conv_output_0_zero_point,[],uint16,0,2,2e-06,32500,340,16000
model.onnx,636,/net/mobilevit/encoder/3/fusion/activation/Mul_output_0_scale,[],float32,0,4,4e-06,65000,680,32000
model.onnx,637,/net/mobilevit/encoder/3/fusion/activation/Mul_output_0_zero_point,[],uint16,0,2,2e-06,32500,340,16000
model.onnx,638,onnx::Conv_1520,[512],float32,512,2048,0.001953,33280000,348160,16384000
model.onnx,639,/net/mobilevit/encoder/4/downsampling_layer/expand_1x1/convolution/Conv_output_0_scale,[],float32,0,4,4e-06,65000,680,32000
model.onnx,640,/net/mobilevit/encoder/4/downsampling_layer/expand_1x1/convolution/Conv_output_0_zero_point,[],uint16,0,2,2e-06,32500,340,16000
model.onnx,641,/net/mobilevit/encoder/4/downsampling_layer/expand_1x1/activation/Mul_output_0_scale,[],float32,0,4,4e-06,65000,680,32000
model.onnx,642,/net/mobilevit/encoder/4/downsampling_layer/expand_1x1/activation/Mul_output_0_zero_point,[],uint16,0,2,2e-06,32500,340,16000
model.onnx,643,onnx::Conv_1523,[512],float32,512,2048,0.001953,33280000,348160,16384000
model.onnx,644,/net/mobilevit/encoder/4/downsampling_layer/conv_3x3/convolution/Conv_output_0_scale,[],float32,0,4,4e-06,65000,680,32000
model.onnx,645,/net/mobilevit/encoder/4/downsampling_layer/conv_3x3/convolution/Conv_output_0_zero_point,[],uint16,0,2,2e-06,32500,340,16000
model.onnx,646,/net/mobilevit/encoder/4/downsampling_layer/conv_3x3/activation/Mul_output_0_scale,[],float32,0,4,4e-06,65000,680,32000
model.onnx,647,/net/mobilevit/encoder/4/downsampling_layer/conv_3x3/activation/Mul_output_0_zero_point,[],uint16,0,2,2e-06,32500,340,16000
model.onnx,648,onnx::Conv_1526,[160],float32,160,640,0.00061,10400000,108800,5120000
model.onnx,649,/net/mobilevit/encoder/4/downsampling_layer/reduce_1x1/convolution/Conv_output_0_scale,[],float32,0,4,4e-06,65000,680,32000
model.onnx,650,/net/mobilevit/encoder/4/downsampling_layer/reduce_1x1/convolution/Conv_output_0_zero_point,[],uint16,0,2,2e-06,32500,340,16000
model.onnx,651,onnx::Conv_1529,[160],float32,160,640,0.00061,10400000,108800,5120000
model.onnx,652,/net/mobilevit/encoder/4/conv_kxk/convolution/Conv_output_0_scale,[],float32,0,4,4e-06,65000,680,32000
model.onnx,653,/net/mobilevit/encoder/4/conv_kxk/convolution/Conv_output_0_zero_point,[],uint16,0,2,2e-06,32500,340,16000
model.onnx,654,/net/mobilevit/encoder/4/conv_kxk/activation/Mul_output_0_scale,[],float32,0,4,4e-06,65000,680,32000
model.onnx,655,/net/mobilevit/encoder/4/conv_kxk/activation/Mul_output_0_zero_point,[],uint16,0,2,2e-06,32500,340,16000
model.onnx,656,/net/mobilevit/encoder/4/conv_1x1/convolution/Conv_output_0_scale,[],float32,0,4,4e-06,65000,680,32000
model.onnx,657,/net/mobilevit/encoder/4/conv_1x1/convolution/Conv_output_0_zero_point,[],uint16,0,2,2e-06,32500,340,16000
model.onnx,658,/net/mobilevit/encoder/4/Concat_output_0,[4],int64,4,32,3.1e-05,520000,5440,256000
model.onnx,659,/net/mobilevit/encoder/4/Concat_1_output_0,[4],int64,4,32,3.1e-05,520000,5440,256000
model.onnx,660,/net/mobilevit/encoder/4/Concat_2_output_0,[3],int64,3,24,2.3e-05,390000,4080,192000
model.onnx,661,net.mobilevit.encoder.layer.4.transformer.layer.0.layernorm_before.bias,[240],float32,240,960,0.000916,15600000,163200,7680000
model.onnx,662,/net/mobilevit/encoder/4/transformer/0/layernorm_before/LayerNormalization_output_0_scale,[],float32,0,4,4e-06,65000,680,32000
model.onnx,663,/net/mobilevit/encoder/4/transformer/0/layernorm_before/LayerNormalization_output_0_zero_point,[],uint16,0,2,2e-06,32500,340,16000
model.onnx,664,_v_688_scale,[],float32,0,4,4e-06,65000,680,32000
model.onnx,665,_v_688_zero_point,[],uint16,0,2,2e-06,32500,340,16000
model.onnx,666,_v_692,[3],int64,3,24,2.3e-05,390000,4080,192000
model.onnx,667,/net/mobilevit/encoder/4/transformer/0/attention/attention/query/Add_output_0_scale,[],float32,0,4,4e-06,65000,680,32000
model.onnx,668,/net/mobilevit/encoder/4/transformer/0/attention/attention/query/Add_output_0_zero_point,[],uint16,0,2,2e-06,32500,340,16000
model.onnx,669,/net/mobilevit/encoder/4/transformer/0/attention/attention/key/Add_output_0_scale,[],float32,0,4,4e-06,65000,680,32000
model.onnx,670,/net/mobilevit/encoder/4/transformer/0/attention/attention/value/Add_output_0_scale,[],float32,0,4,4e-06,65000,680,32000
model.onnx,671,/net/mobilevit/encoder/4/transformer/0/attention/attention/Concat_output_0,[4],int64,4,32,3.1e-05,520000,5440,256000
model.onnx,672,/net/mobilevit/encoder/4/transformer/0/attention/attention/MatMul_output_0_scale,[],float32,0,4,4e-06,65000,680,32000
model.onnx,673,/net/mobilevit/encoder/4/transformer/0/attention/attention/MatMul_output_0_zero_point,[],uint16,0,2,2e-06,32500,340,16000
model.onnx,674,/net/mobilevit/encoder/4/transformer/0/attention/attention/Div_output_0_scale,[],float32,0,4,4e-06,65000,680,32000
model.onnx,675,/net/mobilevit/encoder/4/transformer/0/attention/attention/MatMul_1_output_0_scale,[],float32,0,4,4e-06,65000,680,32000
model.onnx,676,/net/mobilevit/encoder/4/transformer/0/attention/attention/MatMul_1_output_0_zero_point,[],uint16,0,2,2e-06,32500,340,16000
model.onnx,677,/net/mobilevit/encoder/4/transformer/0/attention/attention/Concat_3_output_0,[3],int64,3,24,2.3e-05,390000,4080,192000
model.onnx,678,net.mobilevit.encoder.layer.4.transformer.layer.0.attention.output.dense.bias,[240],float32,240,960,0.000916,15600000,163200,7680000
model.onnx,679,/net/mobilevit/encoder/4/transformer/0/attention/output/dense/Add_output_0_scale,[],float32,0,4,4e-06,65000,680,32000
model.onnx,680,/net/mobilevit/encoder/4/transformer/0/attention/output/dense/Add_output_0_zero_point,[],uint16,0,2,2e-06,32500,340,16000
model.onnx,681,/net/mobilevit/encoder/4/transformer/0/Add_output_0_scale,[],float32,0,4,4e-06,65000,680,32000
model.onnx,682,/net/mobilevit/encoder/4/transformer/0/Add_output_0_zero_point,[],uint16,0,2,2e-06,32500,340,16000
model.onnx,683,net.mobilevit.encoder.layer.4.transformer.layer.0.layernorm_after.bias,[240],float32,240,960,0.000916,15600000,163200,7680000
model.onnx,684,/net/mobilevit/encoder/4/transformer/0/layernorm_after/LayerNormalization_output_0_scale,[],float32,0,4,4e-06,65000,680,32000
model.onnx,685,/net/mobilevit/encoder/4/transformer/0/layernorm_after/LayerNormalization_output_0_zero_point,[],uint16,0,2,2e-06,32500,340,16000
model.onnx,686,net.mobilevit.encoder.layer.4.transformer.layer.0.intermediate.dense.bias,[480],float32,480,1920,0.001831,31200000,326400,15360000
model.onnx,687,/net/mobilevit/encoder/4/transformer/0/intermediate/dense/Add_output_0_scale,[],float32,0,4,4e-06,65000,680,32000
model.onnx,688,/net/mobilevit/encoder/4/transformer/0/intermediate/dense/Add_output_0_zero_point,[],uint16,0,2,2e-06,32500,340,16000
model.onnx,689,/net/mobilevit/encoder/4/transformer/0/intermediate/intermediate_act_fn/Mul_output_0_scale,[],float32,0,4,4e-06,65000,680,32000
model.onnx,690,/net/mobilevit/encoder/4/transformer/0/intermediate/intermediate_act_fn/Mul_output_0_zero_point,[],uint16,0,2,2e-06,32500,340,16000
model.onnx,691,net.mobilevit.encoder.layer.4.transformer.layer.0.output.dense.bias,[240],float32,240,960,0.000916,15600000,163200,7680000
model.onnx,692,/net/mobilevit/encoder/4/transformer/0/output/dense/Add_output_0_scale,[],float32,0,4,4e-06,65000,680,32000
model.onnx,693,/net/mobilevit/encoder/4/transformer/0/output/dense/Add_output_0_zero_point,[],uint16,0,2,2e-06,32500,340,16000
model.onnx,694,/net/mobilevit/encoder/4/transformer/0/output/Add_output_0_scale,[],float32,0,4,4e-06,65000,680,32000
model.onnx,695,/net/mobilevit/encoder/4/transformer/0/output/Add_output_0_zero_point,[],uint16,0,2,2e-06,32500,340,16000
model.onnx,696,net.mobilevit.encoder.layer.4.transformer.layer.1.layernorm_before.bias,[240],float32,240,960,0.000916,15600000,163200,7680000
model.onnx,697,/net/mobilevit/encoder/4/transformer/1/layernorm_before/LayerNormalization_output_0_scale,[],float32,0,4,4e-06,65000,680,32000
model.onnx,698,/net/mobilevit/encoder/4/transformer/1/layernorm_before/LayerNormalization_output_0_zero_point,[],uint16,0,2,2e-06,32500,340,16000
model.onnx,699,_v_695_scale,[],float32,0,4,4e-06,65000,680,32000
model.onnx,700,_v_695_zero_point,[],uint16,0,2,2e-06,32500,340,16000
model.onnx,701,/net/mobilevit/encoder/4/transformer/1/attention/attention/query/Add_output_0_scale,[],float32,0,4,4e-06,65000,680,32000
model.onnx,702,/net/mobilevit/encoder/4/transformer/1/attention/attention/query/Add_output_0_zero_point,[],uint16,0,2,2e-06,32500,340,16000
model.onnx,703,/net/mobilevit/encoder/4/transformer/1/attention/attention/key/Add_output_0_scale,[],float32,0,4,4e-06,65000,680,32000
model.onnx,704,/net/mobilevit/encoder/4/transformer/1/attention/attention/value/Add_output_0_scale,[],float32,0,4,4e-06,65000,680,32000
model.onnx,705,/net/mobilevit/encoder/4/transformer/1/attention/attention/MatMul_output_0_scale,[],float32,0,4,4e-06,65000,680,32000
model.onnx,706,/net/mobilevit/encoder/4/transformer/1/attention/attention/MatMul_output_0_zero_point,[],uint16,0,2,2e-06,32500,340,16000
model.onnx,707,/net/mobilevit/encoder/4/transformer/1/attention/attention/Div_output_0_scale,[],float32,0,4,4e-06,65000,680,32000
model.onnx,708,/net/mobilevit/encoder/4/transformer/1/attention/attention/MatMul_1_output_0_scale,[],float32,0,4,4e-06,65000,680,32000
model.onnx,709,/net/mobilevit/encoder/4/transformer/1/attention/attention/MatMul_1_output_0_zero_point,[],uint16,0,2,2e-06,32500,340,16000
model.onnx,710,net.mobilevit.encoder.layer.4.transformer.layer.1.attention.output.dense.bias,[240],float32,240,960,0.000916,15600000,163200,7680000
model.onnx,711,/net/mobilevit/encoder/4/transformer/1/attention/output/dense/Add_output_0_scale,[],float32,0,4,4e-06,65000,680,32000
model.onnx,712,/net/mobilevit/encoder/4/transformer/1/attention/output/dense/Add_output_0_zero_point,[],uint16,0,2,2e-06,32500,340,16000
model.onnx,713,/net/mobilevit/encoder/4/transformer/1/Add_output_0_scale,[],float32,0,4,4e-06,65000,680,32000
model.onnx,714,/net/mobilevit/encoder/4/transformer/1/Add_output_0_zero_point,[],uint16,0,2,2e-06,32500,340,16000
model.onnx,715,net.mobilevit.encoder.layer.4.transformer.layer.1.layernorm_after.bias,[240],float32,240,960,0.000916,15600000,163200,7680000
model.onnx,716,/net/mobilevit/encoder/4/transformer/1/layernorm_after/LayerNormalization_output_0_scale,[],float32,0,4,4e-06,65000,680,32000
model.onnx,717,/net/mobilevit/encoder/4/transformer/1/layernorm_after/LayerNormalization_output_0_zero_point,[],uint16,0,2,2e-06,32500,340,16000
model.onnx,718,net.mobilevit.encoder.layer.4.transformer.layer.1.intermediate.dense.bias,[480],float32,480,1920,0.001831,31200000,326400,15360000
model.onnx,719,/net/mobilevit/encoder/4/transformer/1/intermediate/dense/Add_output_0_scale,[],float32,0,4,4e-06,65000,680,32000
model.onnx,720,/net/mobilevit/encoder/4/transformer/1/intermediate/dense/Add_output_0_zero_point,[],uint16,0,2,2e-06,32500,340,16000
model.onnx,721,/net/mobilevit/encoder/4/transformer/1/intermediate/intermediate_act_fn/Mul_output_0_scale,[],float32,0,4,4e-06,65000,680,32000
model.onnx,722,/net/mobilevit/encoder/4/transformer/1/intermediate/intermediate_act_fn/Mul_output_0_zero_point,[],uint16,0,2,2e-06,32500,340,16000
model.onnx,723,net.mobilevit.encoder.layer.4.transformer.layer.1.output.dense.bias,[240],float32,240,960,0.000916,15600000,163200,7680000
model.onnx,724,/net/mobilevit/encoder/4/transformer/1/output/dense/Add_output_0_scale,[],float32,0,4,4e-06,65000,680,32000
model.onnx,725,/net/mobilevit/encoder/4/transformer/1/output/dense/Add_output_0_zero_point,[],uint16,0,2,2e-06,32500,340,16000
model.onnx,726,/net/mobilevit/encoder/4/transformer/1/output/Add_output_0_scale,[],float32,0,4,4e-06,65000,680,32000
model.onnx,727,/net/mobilevit/encoder/4/transformer/1/output/Add_output_0_zero_point,[],uint16,0,2,2e-06,32500,340,16000
model.onnx,728,net.mobilevit.encoder.layer.4.transformer.layer.2.layernorm_before.bias,[240],float32,240,960,0.000916,15600000,163200,7680000
model.onnx,729,/net/mobilevit/encoder/4/transformer/2/layernorm_before/LayerNormalization_output_0_scale,[],float32,0,4,4e-06,65000,680,32000
model.onnx,730,/net/mobilevit/encoder/4/transformer/2/layernorm_before/LayerNormalization_output_0_zero_point,[],uint16,0,2,2e-06,32500,340,16000
model.onnx,731,_v_702_scale,[],float32,0,4,4e-06,65000,680,32000
model.onnx,732,_v_702_zero_point,[],uint16,0,2,2e-06,32500,340,16000
model.onnx,733,/net/mobilevit/encoder/4/transformer/2/attention/attention/query/Add_output_0_scale,[],float32,0,4,4e-06,65000,680,32000
model.onnx,734,/net/mobilevit/encoder/4/transformer/2/attention/attention/query/Add_output_0_zero_point,[],uint16,0,2,2e-06,32500,340,16000
model.onnx,735,/net/mobilevit/encoder/4/transformer/2/attention/attention/key/Add_output_0_scale,[],float32,0,4,4e-06,65000,680,32000
model.onnx,736,/net/mobilevit/encoder/4/transformer/2/attention/attention/value/Add_output_0_scale,[],float32,0,4,4e-06,65000,680,32000
model.onnx,737,/net/mobilevit/encoder/4/transformer/2/attention/attention/MatMul_output_0_scale,[],float32,0,4,4e-06,65000,680,32000
model.onnx,738,/net/mobilevit/encoder/4/transformer/2/attention/attention/MatMul_output_0_zero_point,[],uint16,0,2,2e-06,32500,340,16000
model.onnx,739,/net/mobilevit/encoder/4/transformer/2/attention/attention/Div_output_0_scale,[],float32,0,4,4e-06,65000,680,32000
model.onnx,740,/net/mobilevit/encoder/4/transformer/2/attention/attention/MatMul_1_output_0_scale,[],float32,0,4,4e-06,65000,680,32000
model.onnx,741,/net/mobilevit/encoder/4/transformer/2/attention/attention/MatMul_1_output_0_zero_point,[],uint16,0,2,2e-06,32500,340,16000
model.onnx,742,net.mobilevit.encoder.layer.4.transformer.layer.2.attention.output.dense.bias,[240],float32,240,960,0.000916,15600000,163200,7680000
model.onnx,743,/net/mobilevit/encoder/4/transformer/2/attention/output/dense/Add_output_0_scale,[],float32,0,4,4e-06,65000,680,32000
model.onnx,744,/net/mobilevit/encoder/4/transformer/2/attention/output/dense/Add_output_0_zero_point,[],uint16,0,2,2e-06,32500,340,16000
model.onnx,745,/net/mobilevit/encoder/4/transformer/2/Add_output_0_scale,[],float32,0,4,4e-06,65000,680,32000
model.onnx,746,/net/mobilevit/encoder/4/transformer/2/Add_output_0_zero_point,[],uint16,0,2,2e-06,32500,340,16000
model.onnx,747,net.mobilevit.encoder.layer.4.transformer.layer.2.layernorm_after.bias,[240],float32,240,960,0.000916,15600000,163200,7680000
model.onnx,748,/net/mobilevit/encoder/4/transformer/2/layernorm_after/LayerNormalization_output_0_scale,[],float32,0,4,4e-06,65000,680,32000
model.onnx,749,/net/mobilevit/encoder/4/transformer/2/layernorm_after/LayerNormalization_output_0_zero_point,[],uint16,0,2,2e-06,32500,340,16000
model.onnx,750,net.mobilevit.encoder.layer.4.transformer.layer.2.intermediate.dense.bias,[480],float32,480,1920,0.001831,31200000,326400,15360000
model.onnx,751,/net/mobilevit/encoder/4/transformer/2/intermediate/dense/Add_output_0_scale,[],float32,0,4,4e-06,65000,680,32000
model.onnx,752,/net/mobilevit/encoder/4/transformer/2/intermediate/dense/Add_output_0_zero_point,[],uint16,0,2,2e-06,32500,340,16000
model.onnx,753,/net/mobilevit/encoder/4/transformer/2/intermediate/intermediate_act_fn/Mul_output_0_scale,[],float32,0,4,4e-06,65000,680,32000
model.onnx,754,/net/mobilevit/encoder/4/transformer/2/intermediate/intermediate_act_fn/Mul_output_0_zero_point,[],uint16,0,2,2e-06,32500,340,16000
model.onnx,755,net.mobilevit.encoder.layer.4.transformer.layer.2.output.dense.bias,[240],float32,240,960,0.000916,15600000,163200,7680000
model.onnx,756,/net/mobilevit/encoder/4/transformer/2/output/dense/Add_output_0_scale,[],float32,0,4,4e-06,65000,680,32000
model.onnx,757,/net/mobilevit/encoder/4/transformer/2/output/dense/Add_output_0_zero_point,[],uint16,0,2,2e-06,32500,340,16000
model.onnx,758,/net/mobilevit/encoder/4/transformer/2/output/Add_output_0_scale,[],float32,0,4,4e-06,65000,680,32000
model.onnx,759,/net/mobilevit/encoder/4/transformer/2/output/Add_output_0_zero_point,[],uint16,0,2,2e-06,32500,340,16000
model.onnx,760,net.mobilevit.encoder.layer.4.layernorm.bias,[240],float32,240,960,0.000916,15600000,163200,7680000
model.onnx,761,/net/mobilevit/encoder/4/layernorm/LayerNormalization_output_0_scale,[],float32,0,4,4e-06,65000,680,32000
model.onnx,762,/net/mobilevit/encoder/4/layernorm/LayerNormalization_output_0_zero_point,[],uint16,0,2,2e-06,32500,340,16000
model.onnx,763,/net/mobilevit/encoder/4/Concat_3_output_0,[4],int64,4,32,3.1e-05,520000,5440,256000
model.onnx,764,/net/mobilevit/encoder/4/Concat_4_output_0,[4],int64,4,32,3.1e-05,520000,5440,256000
model.onnx,765,/net/mobilevit/encoder/4/Concat_5_output_0,[4],int64,4,32,3.1e-05,520000,5440,256000
model.onnx,766,onnx::Conv_1532,[160],float32,160,640,0.00061,10400000,108800,5120000
model.onnx,767,/net/mobilevit/encoder/4/conv_projection/convolution/Conv_output_0_scale,[],float32,0,4,4e-06,65000,680,32000
model.onnx,768,/net/mobilevit/encoder/4/conv_projection/convolution/Conv_output_0_zero_point,[],uint16,0,2,2e-06,32500,340,16000
model.onnx,769,/net/mobilevit/encoder/4/conv_projection/activation/Mul_output_0_scale,[],float32,0,4,4e-06,65000,680,32000
model.onnx,770,/net/mobilevit/encoder/4/conv_projection/activation/Mul_output_0_zero_point,[],uint16,0,2,2e-06,32500,340,16000
model.onnx,771,onnx::Conv_1535,[160],float32,160,640,0.00061,10400000,108800,5120000
model.onnx,772,/net/mobilevit/encoder/4/fusion/convolution/Conv_output_0_scale,[],float32,0,4,4e-06,65000,680,32000
model.onnx,773,/net/mobilevit/encoder/4/fusion/convolution/Conv_output_0_zero_point,[],uint16,0,2,2e-06,32500,340,16000
model.onnx,774,/net/mobilevit/encoder/4/fusion/activation/Mul_output_0_scale,[],float32,0,4,4e-06,65000,680,32000
model.onnx,775,/net/mobilevit/encoder/4/fusion/activation/Mul_output_0_zero_point,[],uint16,0,2,2e-06,32500,340,16000
model.onnx,776,onnx::Conv_1538,[640],float32,640,2560,0.002441,41600000,435200,20480000
model.onnx,777,/net/mobilevit/conv_1x1_exp/convolution/Conv_output_0_scale,[],float32,0,4,4e-06,65000,680,32000
model.onnx,778,/net/mobilevit/conv_1x1_exp/convolution/Conv_output_0_zero_point,[],uint16,0,2,2e-06,32500,340,16000
model.onnx,779,/net/mobilevit/conv_1x1_exp/activation/Mul_output_0_scale,[],float32,0,4,4e-06,65000,680,32000
model.onnx,780,/net/mobilevit/conv_1x1_exp/activation/Mul_output_0_zero_point,[],uint16,0,2,2e-06,32500,340,16000
model.onnx,781,/net/mobilevit/Constant_output_0,[2],int64,2,16,1.5e-05,260000,2720,128000
model.onnx,782,/net/mobilevit/ReduceMean_output_0_scale,[],float32,0,4,4e-06,65000,680,32000
model.onnx,783,/net/mobilevit/ReduceMean_output_0_zero_point,[],uint16,0,2,2e-06,32500,340,16000
model.onnx,784,net.classifier.bias,[1000],float32,1000,4000,0.003815,65000000,680000,32000000
model.onnx,785,class_logits_scale,[],float32,0,4,4e-06,65000,680,32000
model.onnx,786,class_logits_zero_point,[],uint16,0,2,2e-06,32500,340,16000
model.onnx,787,image_tensor,"[1, 3, 256, 256]",uint16,196608,393216,0.375,6389760000,66846720,3145728000
model.onnx,788,class_logits,"[1, 1000]",uint16,1000,2000,0.001907,32500000,340000,16000000

model.onnx - TOTAL,,TOTAL,,,5794709,22769394,21.71,370002652500,3870796980,182155152000

