model,index,name,shape,dtype,bytes,quantization_scales,quantization_zero_points
conditional_detr_resnet50,0,image,"[np.int32(1), np.int32(640), np.int32(640), np.int32(3)]",float32,4915200,,
conditional_detr_resnet50,1,arith.constant,[np.int32(512)],float32,2048,,
conditional_detr_resnet50,2,arith.constant1,[np.int32(512)],float32,2048,,
conditional_detr_resnet50,3,arith.constant2,[np.int32(512)],float32,2048,,
conditional_detr_resnet50,4,arith.constant3,[np.int32(512)],float32,2048,,
conditional_detr_resnet50,5,arith.constant4,[np.int32(512)],float32,2048,,
conditional_detr_resnet50,6,arith.constant5,[np.int32(512)],float32,2048,,
conditional_detr_resnet50,7,arith.constant6,[np.int32(256)],float32,1024,,
conditional_detr_resnet50,8,arith.constant7,[np.int32(256)],float32,1024,,
conditional_detr_resnet50,9,arith.constant8,[np.int32(256)],float32,1024,,
conditional_detr_resnet50,10,arith.constant9,[np.int32(256)],float32,1024,,
conditional_detr_resnet50,11,arith.constant10,[np.int32(256)],float32,1024,,
conditional_detr_resnet50,12,arith.constant11,[np.int32(256)],float32,1024,,
conditional_detr_resnet50,13,arith.constant12,[np.int32(256)],float32,1024,,
conditional_detr_resnet50,14,arith.constant13,[np.int32(256)],float32,1024,,
conditional_detr_resnet50,15,arith.constant14,[np.int32(256)],float32,1024,,
conditional_detr_resnet50,16,arith.constant15,[np.int32(256)],float32,1024,,
conditional_detr_resnet50,17,arith.constant16,[np.int32(256)],float32,1024,,
conditional_detr_resnet50,18,arith.constant17,[np.int32(256)],float32,1024,,
conditional_detr_resnet50,19,arith.constant18,[np.int32(128)],float32,512,,
conditional_detr_resnet50,20,arith.constant19,[np.int32(128)],float32,512,,
conditional_detr_resnet50,21,arith.constant20,[np.int32(128)],float32,512,,
conditional_detr_resnet50,22,arith.constant21,[np.int32(128)],float32,512,,
conditional_detr_resnet50,23,arith.constant22,[np.int32(128)],float32,512,,
conditional_detr_resnet50,24,arith.constant23,[np.int32(128)],float32,512,,
conditional_detr_resnet50,25,arith.constant24,[np.int32(128)],float32,512,,
conditional_detr_resnet50,26,arith.constant25,[np.int32(128)],float32,512,,
conditional_detr_resnet50,27,arith.constant26,[np.int32(64)],float32,256,,
conditional_detr_resnet50,28,arith.constant27,[np.int32(64)],float32,256,,
conditional_detr_resnet50,29,arith.constant28,[np.int32(64)],float32,256,,
conditional_detr_resnet50,30,arith.constant29,[np.int32(64)],float32,256,,
conditional_detr_resnet50,31,arith.constant30,[np.int32(64)],float32,256,,
conditional_detr_resnet50,32,arith.constant31,[np.int32(64)],float32,256,,
conditional_detr_resnet50,33,arith.constant32,[np.int32(64)],float32,256,,
conditional_detr_resnet50,34,arith.constant33,"[np.int32(1), np.int32(300), np.int32(256)]",float32,307200,,
conditional_detr_resnet50,35,arith.constant34,"[np.int32(1), np.int32(300), np.int32(256)]",float32,307200,,
conditional_detr_resnet50,36,arith.constant35,"[np.int32(1), np.int32(300), np.int32(256)]",float32,307200,,
conditional_detr_resnet50,37,arith.constant36,"[np.int32(1), np.int32(300), np.int32(256)]",float32,307200,,
conditional_detr_resnet50,38,arith.constant37,"[np.int32(1), np.int32(300), np.int32(256)]",float32,307200,,
conditional_detr_resnet50,39,arith.constant38,"[np.int32(1), np.int32(300), np.int32(256)]",float32,307200,,
conditional_detr_resnet50,40,arith.constant39,"[np.int32(1), np.int32(300), np.int32(256)]",float32,307200,,
conditional_detr_resnet50,41,arith.constant40,"[np.int32(1), np.int32(300), np.int32(256)]",float32,307200,,
conditional_detr_resnet50,42,arith.constant41,"[np.int32(1), np.int32(300), np.int32(256)]",float32,307200,,
conditional_detr_resnet50,43,arith.constant42,"[np.int32(1), np.int32(300), np.int32(256)]",float32,307200,,
conditional_detr_resnet50,44,arith.constant43,"[np.int32(300), np.int32(256)]",float32,307200,,
conditional_detr_resnet50,45,arith.constant44,"[np.int32(1), np.int32(400), np.int32(256)]",float32,409600,,
conditional_detr_resnet50,46,arith.constant45,[np.int32(256)],float32,1024,,
conditional_detr_resnet50,47,arith.constant46,"[np.int32(256), np.int32(256)]",float32,262144,,
conditional_detr_resnet50,48,arith.constant47,[np.int32(256)],float32,1024,,
conditional_detr_resnet50,49,arith.constant48,"[np.int32(256), np.int32(256)]",float32,262144,,
conditional_detr_resnet50,50,arith.constant49,[np.int32(256)],float32,1024,,
conditional_detr_resnet50,51,arith.constant50,"[np.int32(256), np.int32(256)]",float32,262144,,
conditional_detr_resnet50,52,arith.constant51,[np.int32(256)],float32,1024,,
conditional_detr_resnet50,53,arith.constant52,"[np.int32(256), np.int32(256)]",float32,262144,,
conditional_detr_resnet50,54,arith.constant53,[np.int32(256)],float32,1024,,
conditional_detr_resnet50,55,arith.constant54,"[np.int32(256), np.int32(256)]",float32,262144,,
conditional_detr_resnet50,56,arith.constant55,[np.int32(256)],float32,1024,,
conditional_detr_resnet50,57,arith.constant56,"[np.int32(256), np.int32(256)]",float32,262144,,
conditional_detr_resnet50,58,arith.constant57,[np.int32(256)],float32,1024,,
conditional_detr_resnet50,59,arith.constant58,[np.int32(2048)],float32,8192,,
conditional_detr_resnet50,60,arith.constant59,[np.int32(2048)],float32,8192,,
conditional_detr_resnet50,61,arith.constant60,[np.int32(2048)],float32,8192,,
conditional_detr_resnet50,62,arith.constant61,[np.int32(2048)],float32,8192,,
conditional_detr_resnet50,63,arith.constant62,[np.int32(1024)],float32,4096,,
conditional_detr_resnet50,64,arith.constant63,[np.int32(1024)],float32,4096,,
conditional_detr_resnet50,65,arith.constant64,[np.int32(1024)],float32,4096,,
conditional_detr_resnet50,66,arith.constant65,[np.int32(1024)],float32,4096,,
conditional_detr_resnet50,67,arith.constant66,[np.int32(1024)],float32,4096,,
conditional_detr_resnet50,68,arith.constant67,[np.int32(1024)],float32,4096,,
conditional_detr_resnet50,69,arith.constant68,[np.int32(1024)],float32,4096,,
conditional_detr_resnet50,70,arith.constant69,[np.int32(512)],float32,2048,,
conditional_detr_resnet50,71,arith.constant70,[np.int32(512)],float32,2048,,
conditional_detr_resnet50,72,arith.constant71,[np.int32(512)],float32,2048,,
conditional_detr_resnet50,73,arith.constant72,[np.int32(512)],float32,2048,,
conditional_detr_resnet50,74,arith.constant73,[np.int32(512)],float32,2048,,
conditional_detr_resnet50,75,arith.constant74,[np.int32(256)],float32,1024,,
conditional_detr_resnet50,76,arith.constant75,[np.int32(256)],float32,1024,,
conditional_detr_resnet50,77,arith.constant76,[np.int32(256)],float32,1024,,
conditional_detr_resnet50,78,arith.constant77,[np.int32(256)],float32,1024,,
conditional_detr_resnet50,79,arith.constant78,"[np.int32(4), np.int32(256)]",float32,4096,,
conditional_detr_resnet50,80,arith.constant79,"[np.int32(256), np.int32(256)]",float32,262144,,
conditional_detr_resnet50,81,arith.constant80,"[np.int32(256), np.int32(256)]",float32,262144,,
conditional_detr_resnet50,82,arith.constant81,"[np.int32(91), np.int32(256)]",float32,93184,,
conditional_detr_resnet50,83,arith.constant82,"[np.int32(256), np.int32(2048)]",float32,2097152,,
conditional_detr_resnet50,84,arith.constant83,"[np.int32(2048), np.int32(256)]",float32,2097152,,
conditional_detr_resnet50,85,arith.constant84,"[np.int32(256), np.int32(256)]",float32,262144,,
conditional_detr_resnet50,86,arith.constant85,"[np.int32(256), np.int32(256)]",float32,262144,,
conditional_detr_resnet50,87,arith.constant86,"[np.int32(256), np.int32(256)]",float32,262144,,
conditional_detr_resnet50,88,arith.constant87,"[np.int32(256), np.int32(256)]",float32,262144,,
conditional_detr_resnet50,89,arith.constant88,"[np.int32(256), np.int32(256)]",float32,262144,,
conditional_detr_resnet50,90,arith.constant89,"[np.int32(256), np.int32(256)]",float32,262144,,
conditional_detr_resnet50,91,arith.constant90,"[np.int32(256), np.int32(256)]",float32,262144,,
conditional_detr_resnet50,92,arith.constant91,"[np.int32(256), np.int32(2048)]",float32,2097152,,
conditional_detr_resnet50,93,arith.constant92,"[np.int32(2048), np.int32(256)]",float32,2097152,,
conditional_detr_resnet50,94,arith.constant93,"[np.int32(256), np.int32(256)]",float32,262144,,
conditional_detr_resnet50,95,arith.constant94,"[np.int32(256), np.int32(256)]",float32,262144,,
conditional_detr_resnet50,96,arith.constant95,"[np.int32(256), np.int32(256)]",float32,262144,,
conditional_detr_resnet50,97,arith.constant96,"[np.int32(256), np.int32(256)]",float32,262144,,
conditional_detr_resnet50,98,arith.constant97,"[np.int32(256), np.int32(256)]",float32,262144,,
conditional_detr_resnet50,99,arith.constant98,"[np.int32(256), np.int32(256)]",float32,262144,,
conditional_detr_resnet50,100,arith.constant99,"[np.int32(256), np.int32(256)]",float32,262144,,
conditional_detr_resnet50,101,arith.constant100,"[np.int32(256), np.int32(2048)]",float32,2097152,,
conditional_detr_resnet50,102,arith.constant101,"[np.int32(2048), np.int32(256)]",float32,2097152,,
conditional_detr_resnet50,103,arith.constant102,"[np.int32(256), np.int32(256)]",float32,262144,,
conditional_detr_resnet50,104,arith.constant103,"[np.int32(256), np.int32(256)]",float32,262144,,
conditional_detr_resnet50,105,arith.constant104,"[np.int32(256), np.int32(256)]",float32,262144,,
conditional_detr_resnet50,106,arith.constant105,"[np.int32(256), np.int32(256)]",float32,262144,,
conditional_detr_resnet50,107,arith.constant106,"[np.int32(256), np.int32(256)]",float32,262144,,
conditional_detr_resnet50,108,arith.constant107,"[np.int32(256), np.int32(256)]",float32,262144,,
conditional_detr_resnet50,109,arith.constant108,"[np.int32(256), np.int32(256)]",float32,262144,,
conditional_detr_resnet50,110,arith.constant109,"[np.int32(256), np.int32(2048)]",float32,2097152,,
conditional_detr_resnet50,111,arith.constant110,"[np.int32(2048), np.int32(256)]",float32,2097152,,
conditional_detr_resnet50,112,arith.constant111,"[np.int32(256), np.int32(256)]",float32,262144,,
conditional_detr_resnet50,113,arith.constant112,"[np.int32(256), np.int32(256)]",float32,262144,,
conditional_detr_resnet50,114,arith.constant113,"[np.int32(256), np.int32(256)]",float32,262144,,
conditional_detr_resnet50,115,arith.constant114,"[np.int32(256), np.int32(256)]",float32,262144,,
conditional_detr_resnet50,116,arith.constant115,"[np.int32(256), np.int32(256)]",float32,262144,,
conditional_detr_resnet50,117,arith.constant116,"[np.int32(256), np.int32(256)]",float32,262144,,
conditional_detr_resnet50,118,arith.constant117,"[np.int32(256), np.int32(256)]",float32,262144,,
conditional_detr_resnet50,119,arith.constant118,"[np.int32(256), np.int32(256)]",float32,262144,,
conditional_detr_resnet50,120,arith.constant119,"[np.int32(256), np.int32(256)]",float32,262144,,
conditional_detr_resnet50,121,arith.constant120,"[np.int32(256), np.int32(256)]",float32,262144,,
conditional_detr_resnet50,122,arith.constant121,"[np.int32(256), np.int32(256)]",float32,262144,,
conditional_detr_resnet50,123,arith.constant122,"[np.int32(256), np.int32(2048)]",float32,2097152,,
conditional_detr_resnet50,124,arith.constant123,"[np.int32(2048), np.int32(256)]",float32,2097152,,
conditional_detr_resnet50,125,arith.constant124,"[np.int32(256), np.int32(256)]",float32,262144,,
conditional_detr_resnet50,126,arith.constant125,"[np.int32(256), np.int32(256)]",float32,262144,,
conditional_detr_resnet50,127,arith.constant126,"[np.int32(256), np.int32(256)]",float32,262144,,
conditional_detr_resnet50,128,arith.constant127,"[np.int32(256), np.int32(256)]",float32,262144,,
conditional_detr_resnet50,129,arith.constant128,"[np.int32(256), np.int32(256)]",float32,262144,,
conditional_detr_resnet50,130,arith.constant129,"[np.int32(256), np.int32(256)]",float32,262144,,
conditional_detr_resnet50,131,arith.constant130,"[np.int32(256), np.int32(256)]",float32,262144,,
conditional_detr_resnet50,132,arith.constant131,"[np.int32(256), np.int32(256)]",float32,262144,,
conditional_detr_resnet50,133,arith.constant132,"[np.int32(256), np.int32(256)]",float32,262144,,
conditional_detr_resnet50,134,arith.constant133,"[np.int32(256), np.int32(256)]",float32,262144,,
conditional_detr_resnet50,135,arith.constant134,"[np.int32(256), np.int32(256)]",float32,262144,,
conditional_detr_resnet50,136,arith.constant135,"[np.int32(256), np.int32(2048)]",float32,2097152,,
conditional_detr_resnet50,137,arith.constant136,"[np.int32(2048), np.int32(256)]",float32,2097152,,
conditional_detr_resnet50,138,arith.constant137,"[np.int32(256), np.int32(256)]",float32,262144,,
conditional_detr_resnet50,139,arith.constant138,"[np.int32(256), np.int32(256)]",float32,262144,,
conditional_detr_resnet50,140,arith.constant139,"[np.int32(256), np.int32(256)]",float32,262144,,
conditional_detr_resnet50,141,arith.constant140,"[np.int32(256), np.int32(256)]",float32,262144,,
conditional_detr_resnet50,142,arith.constant141,"[np.int32(256), np.int32(256)]",float32,262144,,
conditional_detr_resnet50,143,arith.constant142,"[np.int32(256), np.int32(256)]",float32,262144,,
conditional_detr_resnet50,144,arith.constant143,"[np.int32(256), np.int32(256)]",float32,262144,,
conditional_detr_resnet50,145,arith.constant144,"[np.int32(256), np.int32(2048)]",float32,2097152,,
conditional_detr_resnet50,146,arith.constant145,"[np.int32(2048), np.int32(256)]",float32,2097152,,
conditional_detr_resnet50,147,arith.constant146,"[np.int32(256), np.int32(256)]",float32,262144,,
conditional_detr_resnet50,148,arith.constant147,"[np.int32(256), np.int32(256)]",float32,262144,,
conditional_detr_resnet50,149,arith.constant148,"[np.int32(256), np.int32(256)]",float32,262144,,
conditional_detr_resnet50,150,arith.constant149,"[np.int32(256), np.int32(2048)]",float32,2097152,,
conditional_detr_resnet50,151,arith.constant150,"[np.int32(2048), np.int32(256)]",float32,2097152,,
conditional_detr_resnet50,152,arith.constant151,"[np.int32(256), np.int32(256)]",float32,262144,,
conditional_detr_resnet50,153,arith.constant152,"[np.int32(256), np.int32(256)]",float32,262144,,
conditional_detr_resnet50,154,arith.constant153,"[np.int32(256), np.int32(256)]",float32,262144,,
conditional_detr_resnet50,155,arith.constant154,"[np.int32(256), np.int32(2048)]",float32,2097152,,
conditional_detr_resnet50,156,arith.constant155,"[np.int32(2048), np.int32(256)]",float32,2097152,,
conditional_detr_resnet50,157,arith.constant156,"[np.int32(256), np.int32(256)]",float32,262144,,
conditional_detr_resnet50,158,arith.constant157,"[np.int32(256), np.int32(256)]",float32,262144,,
conditional_detr_resnet50,159,arith.constant158,"[np.int32(256), np.int32(256)]",float32,262144,,
conditional_detr_resnet50,160,arith.constant159,"[np.int32(256), np.int32(2048)]",float32,2097152,,
conditional_detr_resnet50,161,arith.constant160,"[np.int32(2048), np.int32(256)]",float32,2097152,,
conditional_detr_resnet50,162,arith.constant161,"[np.int32(256), np.int32(256)]",float32,262144,,
conditional_detr_resnet50,163,arith.constant162,"[np.int32(256), np.int32(256)]",float32,262144,,
conditional_detr_resnet50,164,arith.constant163,"[np.int32(256), np.int32(256)]",float32,262144,,
conditional_detr_resnet50,165,arith.constant164,"[np.int32(256), np.int32(2048)]",float32,2097152,,
conditional_detr_resnet50,166,arith.constant165,"[np.int32(2048), np.int32(256)]",float32,2097152,,
conditional_detr_resnet50,167,arith.constant166,"[np.int32(256), np.int32(256)]",float32,262144,,
conditional_detr_resnet50,168,arith.constant167,"[np.int32(256), np.int32(256)]",float32,262144,,
conditional_detr_resnet50,169,arith.constant168,"[np.int32(256), np.int32(256)]",float32,262144,,
conditional_detr_resnet50,170,arith.constant169,"[np.int32(256), np.int32(2048)]",float32,2097152,,
conditional_detr_resnet50,171,arith.constant170,"[np.int32(2048), np.int32(256)]",float32,2097152,,
conditional_detr_resnet50,172,arith.constant171,"[np.int32(256), np.int32(256)]",float32,262144,,
conditional_detr_resnet50,173,arith.constant172,"[np.int32(256), np.int32(256)]",float32,262144,,
conditional_detr_resnet50,174,arith.constant173,"[np.int32(256), np.int32(256)]",float32,262144,,
conditional_detr_resnet50,175,arith.constant174,"[np.int32(256), np.int32(1), np.int32(1), np.int32(2048)]",float32,2097152,,
conditional_detr_resnet50,176,arith.constant175,"[np.int32(2048), np.int32(1), np.int32(1), np.int32(512)]",float32,4194304,,
conditional_detr_resnet50,177,arith.constant176,"[np.int32(512), np.int32(3), np.int32(3), np.int32(512)]",float32,9437184,,
conditional_detr_resnet50,178,arith.constant177,"[np.int32(512), np.int32(1), np.int32(1), np.int32(2048)]",float32,4194304,,
conditional_detr_resnet50,179,arith.constant178,"[np.int32(2048), np.int32(1), np.int32(1), np.int32(512)]",float32,4194304,,
conditional_detr_resnet50,180,arith.constant179,"[np.int32(512), np.int32(3), np.int32(3), np.int32(512)]",float32,9437184,,
conditional_detr_resnet50,181,arith.constant180,"[np.int32(512), np.int32(1), np.int32(1), np.int32(2048)]",float32,4194304,,
conditional_detr_resnet50,182,arith.constant181,"[np.int32(2048), np.int32(1), np.int32(1), np.int32(1024)]",float32,8388608,,
conditional_detr_resnet50,183,arith.constant182,"[np.int32(2048), np.int32(1), np.int32(1), np.int32(512)]",float32,4194304,,
conditional_detr_resnet50,184,arith.constant183,"[np.int32(512), np.int32(3), np.int32(3), np.int32(512)]",float32,9437184,,
conditional_detr_resnet50,185,arith.constant184,"[np.int32(512), np.int32(1), np.int32(1), np.int32(1024)]",float32,2097152,,
conditional_detr_resnet50,186,arith.constant185,"[np.int32(1024), np.int32(1), np.int32(1), np.int32(256)]",float32,1048576,,
conditional_detr_resnet50,187,arith.constant186,"[np.int32(256), np.int32(3), np.int32(3), np.int32(256)]",float32,2359296,,
conditional_detr_resnet50,188,arith.constant187,"[np.int32(256), np.int32(1), np.int32(1), np.int32(1024)]",float32,1048576,,
conditional_detr_resnet50,189,arith.constant188,"[np.int32(1024), np.int32(1), np.int32(1), np.int32(256)]",float32,1048576,,
conditional_detr_resnet50,190,arith.constant189,"[np.int32(256), np.int32(3), np.int32(3), np.int32(256)]",float32,2359296,,
conditional_detr_resnet50,191,arith.constant190,"[np.int32(256), np.int32(1), np.int32(1), np.int32(1024)]",float32,1048576,,
conditional_detr_resnet50,192,arith.constant191,"[np.int32(1024), np.int32(1), np.int32(1), np.int32(256)]",float32,1048576,,
conditional_detr_resnet50,193,arith.constant192,"[np.int32(256), np.int32(3), np.int32(3), np.int32(256)]",float32,2359296,,
conditional_detr_resnet50,194,arith.constant193,"[np.int32(256), np.int32(1), np.int32(1), np.int32(1024)]",float32,1048576,,
conditional_detr_resnet50,195,arith.constant194,"[np.int32(1024), np.int32(1), np.int32(1), np.int32(256)]",float32,1048576,,
conditional_detr_resnet50,196,arith.constant195,"[np.int32(256), np.int32(3), np.int32(3), np.int32(256)]",float32,2359296,,
conditional_detr_resnet50,197,arith.constant196,"[np.int32(256), np.int32(1), np.int32(1), np.int32(1024)]",float32,1048576,,
conditional_detr_resnet50,198,arith.constant197,"[np.int32(1024), np.int32(1), np.int32(1), np.int32(256)]",float32,1048576,,
conditional_detr_resnet50,199,arith.constant198,"[np.int32(256), np.int32(3), np.int32(3), np.int32(256)]",float32,2359296,,
conditional_detr_resnet50,200,arith.constant199,"[np.int32(256), np.int32(1), np.int32(1), np.int32(1024)]",float32,1048576,,
conditional_detr_resnet50,201,arith.constant200,"[np.int32(1024), np.int32(1), np.int32(1), np.int32(512)]",float32,2097152,,
conditional_detr_resnet50,202,arith.constant201,"[np.int32(1024), np.int32(1), np.int32(1), np.int32(256)]",float32,1048576,,
conditional_detr_resnet50,203,arith.constant202,"[np.int32(256), np.int32(3), np.int32(3), np.int32(256)]",float32,2359296,,
conditional_detr_resnet50,204,arith.constant203,"[np.int32(256), np.int32(1), np.int32(1), np.int32(512)]",float32,524288,,
conditional_detr_resnet50,205,arith.constant204,"[np.int32(512), np.int32(1), np.int32(1), np.int32(128)]",float32,262144,,
conditional_detr_resnet50,206,arith.constant205,"[np.int32(128), np.int32(3), np.int32(3), np.int32(128)]",float32,589824,,
conditional_detr_resnet50,207,arith.constant206,"[np.int32(128), np.int32(1), np.int32(1), np.int32(512)]",float32,262144,,
conditional_detr_resnet50,208,arith.constant207,"[np.int32(512), np.int32(1), np.int32(1), np.int32(128)]",float32,262144,,
conditional_detr_resnet50,209,arith.constant208,"[np.int32(128), np.int32(3), np.int32(3), np.int32(128)]",float32,589824,,
conditional_detr_resnet50,210,arith.constant209,"[np.int32(128), np.int32(1), np.int32(1), np.int32(512)]",float32,262144,,
conditional_detr_resnet50,211,arith.constant210,"[np.int32(512), np.int32(1), np.int32(1), np.int32(128)]",float32,262144,,
conditional_detr_resnet50,212,arith.constant211,"[np.int32(128), np.int32(3), np.int32(3), np.int32(128)]",float32,589824,,
conditional_detr_resnet50,213,arith.constant212,"[np.int32(128), np.int32(1), np.int32(1), np.int32(512)]",float32,262144,,
conditional_detr_resnet50,214,arith.constant213,"[np.int32(512), np.int32(1), np.int32(1), np.int32(256)]",float32,524288,,
conditional_detr_resnet50,215,arith.constant214,"[np.int32(512), np.int32(1), np.int32(1), np.int32(128)]",float32,262144,,
conditional_detr_resnet50,216,arith.constant215,"[np.int32(128), np.int32(3), np.int32(3), np.int32(128)]",float32,589824,,
conditional_detr_resnet50,217,arith.constant216,"[np.int32(128), np.int32(1), np.int32(1), np.int32(256)]",float32,131072,,
conditional_detr_resnet50,218,arith.constant217,"[np.int32(256), np.int32(1), np.int32(1), np.int32(64)]",float32,65536,,
conditional_detr_resnet50,219,arith.constant218,"[np.int32(64), np.int32(3), np.int32(3), np.int32(64)]",float32,147456,,
conditional_detr_resnet50,220,arith.constant219,"[np.int32(64), np.int32(1), np.int32(1), np.int32(256)]",float32,65536,,
conditional_detr_resnet50,221,arith.constant220,"[np.int32(256), np.int32(1), np.int32(1), np.int32(64)]",float32,65536,,
conditional_detr_resnet50,222,arith.constant221,"[np.int32(64), np.int32(3), np.int32(3), np.int32(64)]",float32,147456,,
conditional_detr_resnet50,223,arith.constant222,"[np.int32(64), np.int32(1), np.int32(1), np.int32(256)]",float32,65536,,
conditional_detr_resnet50,224,arith.constant223,"[np.int32(256), np.int32(1), np.int32(1), np.int32(64)]",float32,65536,,
conditional_detr_resnet50,225,arith.constant224,"[np.int32(256), np.int32(1), np.int32(1), np.int32(64)]",float32,65536,,
conditional_detr_resnet50,226,arith.constant225,"[np.int32(64), np.int32(3), np.int32(3), np.int32(64)]",float32,147456,,
conditional_detr_resnet50,227,arith.constant226,"[np.int32(64), np.int32(1), np.int32(1), np.int32(64)]",float32,16384,,
conditional_detr_resnet50,228,arith.constant227,"[np.int32(64), np.int32(7), np.int32(7), np.int32(3)]",float32,37632,,
conditional_detr_resnet50,229,arith.constant228,[np.int32(3)],float32,12,,
conditional_detr_resnet50,230,arith.constant229,[np.int32(3)],int32,12,,
conditional_detr_resnet50,231,arith.constant230,[np.int32(3)],int32,12,,
conditional_detr_resnet50,232,arith.constant231,[np.int32(3)],int32,12,,
conditional_detr_resnet50,233,arith.constant232,[np.int32(3)],int32,12,,
conditional_detr_resnet50,234,arith.constant233,[np.int32(3)],int32,12,,
conditional_detr_resnet50,235,arith.constant234,[np.int32(3)],int32,12,,
conditional_detr_resnet50,236,arith.constant235,[np.int32(4)],int32,16,,
conditional_detr_resnet50,237,arith.constant236,[np.int32(3)],int32,12,,
conditional_detr_resnet50,238,arith.constant237,[np.int32(4)],int32,16,,
conditional_detr_resnet50,239,arith.constant238,[np.int32(3)],int32,12,,
conditional_detr_resnet50,240,arith.constant239,[np.int32(3)],int32,12,,
conditional_detr_resnet50,241,arith.constant240,[np.int32(3)],int32,12,,
conditional_detr_resnet50,242,arith.constant241,[np.int32(4)],int32,16,,
conditional_detr_resnet50,243,arith.constant242,[np.int32(3)],int32,12,,
conditional_detr_resnet50,244,arith.constant243,[np.int32(4)],int32,16,,
conditional_detr_resnet50,245,arith.constant244,[np.int32(3)],int32,12,,
conditional_detr_resnet50,246,arith.constant245,[np.int32(256)],float32,1024,,
conditional_detr_resnet50,247,model/10013,[np.int32(256)],float32,1024,,
conditional_detr_resnet50,248,arith.constant246,"[np.int32(300), np.int32(256)]",float32,307200,,
conditional_detr_resnet50,249,model/10026,[np.int32(256)],float32,1024,,
conditional_detr_resnet50,250,model/10029,[np.int32(256)],float32,1024,,
conditional_detr_resnet50,251,model/10032,[np.int32(256)],float32,1024,,
conditional_detr_resnet50,252,model/10043,"[np.int32(1), np.int32(400), np.int32(8), np.int32(32)]",float32,409600,,
conditional_detr_resnet50,253,model/10059,[np.int32(256)],float32,1024,,
conditional_detr_resnet50,254,model/10086,[np.int32(256)],float32,1024,,
conditional_detr_resnet50,255,model/10103,[np.int32(256)],float32,1024,,
conditional_detr_resnet50,256,model/10109,[np.int32(2048)],float32,8192,,
conditional_detr_resnet50,257,model/10115,[np.int32(256)],float32,1024,,
conditional_detr_resnet50,258,model/10132,[np.int32(256)],float32,1024,,
conditional_detr_resnet50,259,model/10149,[np.int32(256)],float32,1024,,
conditional_detr_resnet50,260,model/10155,[np.int32(256)],float32,1024,,
conditional_detr_resnet50,261,model/10161,[np.int32(256)],float32,1024,,
conditional_detr_resnet50,262,model/10167,[np.int32(4)],float32,16,,
conditional_detr_resnet50,263,arith.constant247,"[np.int32(1), np.int32(300), np.int32(4)]",float32,4800,,
conditional_detr_resnet50,264,arith.constant248,"[np.int32(1), np.int32(300), np.int32(2), np.int32(3)]",int32,7200,,
conditional_detr_resnet50,265,model/10195,[np.int32(91)],float32,364,,
conditional_detr_resnet50,266,model/8418,[np.int32(256)],float32,1024,,
conditional_detr_resnet50,267,model/8438,[np.int32(256)],float32,1024,,
conditional_detr_resnet50,268,model/8465,[np.int32(256)],float32,1024,,
conditional_detr_resnet50,269,model/8482,[np.int32(256)],float32,1024,,
conditional_detr_resnet50,270,model/8488,[np.int32(2048)],float32,8192,,
conditional_detr_resnet50,271,model/8494,[np.int32(256)],float32,1024,,
conditional_detr_resnet50,272,model/8511,[np.int32(256)],float32,1024,,
conditional_detr_resnet50,273,model/8519,[np.int32(256)],float32,1024,,
conditional_detr_resnet50,274,model/8539,[np.int32(256)],float32,1024,,
conditional_detr_resnet50,275,model/8566,[np.int32(256)],float32,1024,,
conditional_detr_resnet50,276,model/8583,[np.int32(256)],float32,1024,,
conditional_detr_resnet50,277,model/8589,[np.int32(2048)],float32,8192,,
conditional_detr_resnet50,278,model/8595,[np.int32(256)],float32,1024,,
conditional_detr_resnet50,279,model/8612,[np.int32(256)],float32,1024,,
conditional_detr_resnet50,280,model/8620,[np.int32(256)],float32,1024,,
conditional_detr_resnet50,281,model/8640,[np.int32(256)],float32,1024,,
conditional_detr_resnet50,282,model/8667,[np.int32(256)],float32,1024,,
conditional_detr_resnet50,283,model/8684,[np.int32(256)],float32,1024,,
conditional_detr_resnet50,284,model/8690,[np.int32(2048)],float32,8192,,
conditional_detr_resnet50,285,model/8696,[np.int32(256)],float32,1024,,
conditional_detr_resnet50,286,model/8713,[np.int32(256)],float32,1024,,
conditional_detr_resnet50,287,model/8721,[np.int32(256)],float32,1024,,
conditional_detr_resnet50,288,model/8741,[np.int32(256)],float32,1024,,
conditional_detr_resnet50,289,model/8768,[np.int32(256)],float32,1024,,
conditional_detr_resnet50,290,model/8785,[np.int32(256)],float32,1024,,
conditional_detr_resnet50,291,model/8791,[np.int32(2048)],float32,8192,,
conditional_detr_resnet50,292,model/8797,[np.int32(256)],float32,1024,,
conditional_detr_resnet50,293,model/8814,[np.int32(256)],float32,1024,,
conditional_detr_resnet50,294,model/8822,[np.int32(256)],float32,1024,,
conditional_detr_resnet50,295,model/8842,[np.int32(256)],float32,1024,,
conditional_detr_resnet50,296,model/8869,[np.int32(256)],float32,1024,,
conditional_detr_resnet50,297,model/8886,[np.int32(256)],float32,1024,,
conditional_detr_resnet50,298,model/8892,[np.int32(2048)],float32,8192,,
conditional_detr_resnet50,299,model/8898,[np.int32(256)],float32,1024,,
conditional_detr_resnet50,300,model/8915,[np.int32(256)],float32,1024,,
conditional_detr_resnet50,301,model/8923,[np.int32(256)],float32,1024,,
conditional_detr_resnet50,302,model/8943,[np.int32(256)],float32,1024,,
conditional_detr_resnet50,303,model/8970,[np.int32(256)],float32,1024,,
conditional_detr_resnet50,304,model/8987,[np.int32(256)],float32,1024,,
conditional_detr_resnet50,305,model/8993,[np.int32(2048)],float32,8192,,
conditional_detr_resnet50,306,model/8999,[np.int32(256)],float32,1024,,
conditional_detr_resnet50,307,model/9016,[np.int32(256)],float32,1024,,
conditional_detr_resnet50,308,model/9029,"[np.int32(1), np.int32(400), np.int32(8), np.int32(32)]",float32,409600,,
conditional_detr_resnet50,309,model/9039,[np.int32(256)],float32,1024,,
conditional_detr_resnet50,310,model/9049,"[np.int32(8), np.int32(300), np.int32(64)]",float32,614400,,
conditional_detr_resnet50,311,model/9083,[np.int32(256)],float32,1024,,
conditional_detr_resnet50,312,model/9089,[np.int32(2048)],float32,8192,,
conditional_detr_resnet50,313,model/9095,[np.int32(256)],float32,1024,,
conditional_detr_resnet50,314,model/9112,[np.int32(256)],float32,1024,,
conditional_detr_resnet50,315,model/9142,[np.int32(256)],float32,1024,,
conditional_detr_resnet50,316,model/9169,[np.int32(256)],float32,1024,,
conditional_detr_resnet50,317,arith.constant249,[np.int32(256)],float32,1024,,
conditional_detr_resnet50,318,model/9197,[np.int32(256)],float32,1024,,
conditional_detr_resnet50,319,model/9210,[np.int32(256)],float32,1024,,
conditional_detr_resnet50,320,model/9213,[np.int32(256)],float32,1024,,
conditional_detr_resnet50,321,model/9216,[np.int32(256)],float32,1024,,
conditional_detr_resnet50,322,model/9227,"[np.int32(1), np.int32(400), np.int32(8), np.int32(32)]",float32,409600,,
conditional_detr_resnet50,323,model/9243,[np.int32(256)],float32,1024,,
conditional_detr_resnet50,324,model/9270,[np.int32(256)],float32,1024,,
conditional_detr_resnet50,325,model/9287,[np.int32(256)],float32,1024,,
conditional_detr_resnet50,326,model/9293,[np.int32(2048)],float32,8192,,
conditional_detr_resnet50,327,model/9299,[np.int32(256)],float32,1024,,
conditional_detr_resnet50,328,model/9316,[np.int32(256)],float32,1024,,
conditional_detr_resnet50,329,model/9346,[np.int32(256)],float32,1024,,
conditional_detr_resnet50,330,model/9373,[np.int32(256)],float32,1024,,
conditional_detr_resnet50,331,model/9401,[np.int32(256)],float32,1024,,
conditional_detr_resnet50,332,model/9414,[np.int32(256)],float32,1024,,
conditional_detr_resnet50,333,model/9417,[np.int32(256)],float32,1024,,
conditional_detr_resnet50,334,model/9420,[np.int32(256)],float32,1024,,
conditional_detr_resnet50,335,model/9431,"[np.int32(1), np.int32(400), np.int32(8), np.int32(32)]",float32,409600,,
conditional_detr_resnet50,336,model/9447,[np.int32(256)],float32,1024,,
conditional_detr_resnet50,337,model/9474,[np.int32(256)],float32,1024,,
conditional_detr_resnet50,338,model/9491,[np.int32(256)],float32,1024,,
conditional_detr_resnet50,339,model/9497,[np.int32(2048)],float32,8192,,
conditional_detr_resnet50,340,model/9503,[np.int32(256)],float32,1024,,
conditional_detr_resnet50,341,model/9520,[np.int32(256)],float32,1024,,
conditional_detr_resnet50,342,model/9550,[np.int32(256)],float32,1024,,
conditional_detr_resnet50,343,model/9577,[np.int32(256)],float32,1024,,
conditional_detr_resnet50,344,model/9605,[np.int32(256)],float32,1024,,
conditional_detr_resnet50,345,model/9618,[np.int32(256)],float32,1024,,
conditional_detr_resnet50,346,model/9621,[np.int32(256)],float32,1024,,
conditional_detr_resnet50,347,model/9624,[np.int32(256)],float32,1024,,
conditional_detr_resnet50,348,model/9635,"[np.int32(1), np.int32(400), np.int32(8), np.int32(32)]",float32,409600,,
conditional_detr_resnet50,349,model/9651,[np.int32(256)],float32,1024,,
conditional_detr_resnet50,350,model/9678,[np.int32(256)],float32,1024,,
conditional_detr_resnet50,351,model/9695,[np.int32(256)],float32,1024,,
conditional_detr_resnet50,352,model/9701,[np.int32(2048)],float32,8192,,
conditional_detr_resnet50,353,model/9707,[np.int32(256)],float32,1024,,
conditional_detr_resnet50,354,model/9724,[np.int32(256)],float32,1024,,
conditional_detr_resnet50,355,model/9754,[np.int32(256)],float32,1024,,
conditional_detr_resnet50,356,model/9781,[np.int32(256)],float32,1024,,
conditional_detr_resnet50,357,model/9809,[np.int32(256)],float32,1024,,
conditional_detr_resnet50,358,model/9822,[np.int32(256)],float32,1024,,
conditional_detr_resnet50,359,model/9825,[np.int32(256)],float32,1024,,
conditional_detr_resnet50,360,model/9828,[np.int32(256)],float32,1024,,
conditional_detr_resnet50,361,model/9839,"[np.int32(1), np.int32(400), np.int32(8), np.int32(32)]",float32,409600,,
conditional_detr_resnet50,362,model/9855,[np.int32(256)],float32,1024,,
conditional_detr_resnet50,363,model/9882,[np.int32(256)],float32,1024,,
conditional_detr_resnet50,364,model/9899,[np.int32(256)],float32,1024,,
conditional_detr_resnet50,365,model/9905,[np.int32(2048)],float32,8192,,
conditional_detr_resnet50,366,model/9911,[np.int32(256)],float32,1024,,
conditional_detr_resnet50,367,model/9928,[np.int32(256)],float32,1024,,
conditional_detr_resnet50,368,model/9958,[np.int32(256)],float32,1024,,
conditional_detr_resnet50,369,model/9985,[np.int32(256)],float32,1024,,
conditional_detr_resnet50,370,arith.constant250,[],float32,4,,
conditional_detr_resnet50,371,model/tf.compat.v1.pad/Pad/paddings,"[np.int32(4), np.int32(2)]",int32,32,,
conditional_detr_resnet50,372,arith.constant251,"[np.int32(4), np.int32(2)]",int32,32,,
conditional_detr_resnet50,373,arith.constant252,[np.int32(4)],int32,16,,
conditional_detr_resnet50,374,arith.constant253,[np.int32(3)],int32,12,,
conditional_detr_resnet50,375,arith.constant254,[],int32,4,,
conditional_detr_resnet50,376,arith.constant255,"[np.int32(1), np.int32(400), np.int32(256)]",float32,409600,,
conditional_detr_resnet50,377,model/tf.math.add_226/Add/y,"[np.int32(1), np.int32(300), np.int32(2)]",float32,2400,,
conditional_detr_resnet50,378,arith.constant256,[],float32,4,,
conditional_detr_resnet50,379,model/tf.math.multiply_103/Mul/y,[np.int32(256)],float32,1024,,
conditional_detr_resnet50,380,arith.constant257,[],float32,4,,
conditional_detr_resnet50,381,model/tf.math.multiply_107/Mul/y,[np.int32(256)],float32,1024,,
conditional_detr_resnet50,382,model/tf.math.multiply_110/Mul/y,[np.int32(256)],float32,1024,,
conditional_detr_resnet50,383,model/tf.math.multiply_115/Mul/y,[np.int32(256)],float32,1024,,
conditional_detr_resnet50,384,model/tf.math.multiply_119/Mul/y,[np.int32(256)],float32,1024,,
conditional_detr_resnet50,385,model/tf.math.multiply_122/Mul/y,[np.int32(256)],float32,1024,,
conditional_detr_resnet50,386,model/tf.math.multiply_127/Mul/y,[np.int32(256)],float32,1024,,
conditional_detr_resnet50,387,model/tf.math.multiply_131/Mul/y,[np.int32(256)],float32,1024,,
conditional_detr_resnet50,388,model/tf.math.multiply_134/Mul/y,[np.int32(256)],float32,1024,,
conditional_detr_resnet50,389,model/tf.math.multiply_139/Mul/y,[np.int32(256)],float32,1024,,
conditional_detr_resnet50,390,model/tf.math.multiply_143/Mul/y,[np.int32(256)],float32,1024,,
conditional_detr_resnet50,391,model/tf.math.multiply_146/Mul/y,[np.int32(256)],float32,1024,,
conditional_detr_resnet50,392,model/tf.math.multiply_151/Mul/y,[np.int32(256)],float32,1024,,
conditional_detr_resnet50,393,model/tf.math.multiply_155/Mul/y,[np.int32(256)],float32,1024,,
conditional_detr_resnet50,394,model/tf.math.multiply_158/Mul/y,[np.int32(256)],float32,1024,,
conditional_detr_resnet50,395,model/tf.math.multiply_161/Mul/y,[np.int32(256)],float32,1024,,
conditional_detr_resnet50,396,arith.constant258,[],float32,4,,
conditional_detr_resnet50,397,model/tf.math.multiply_168/Mul/y,[np.int32(4)],float32,16,,
conditional_detr_resnet50,398,model/tf.math.multiply_54/Mul/y,[np.int32(256)],float32,1024,,
conditional_detr_resnet50,399,model/tf.math.multiply_57/Mul/y,[np.int32(256)],float32,1024,,
conditional_detr_resnet50,400,model/tf.math.multiply_61/Mul/y,[np.int32(256)],float32,1024,,
conditional_detr_resnet50,401,model/tf.math.multiply_64/Mul/y,[np.int32(256)],float32,1024,,
conditional_detr_resnet50,402,model/tf.math.multiply_68/Mul/y,[np.int32(256)],float32,1024,,
conditional_detr_resnet50,403,model/tf.math.multiply_71/Mul/y,[np.int32(256)],float32,1024,,
conditional_detr_resnet50,404,model/tf.math.multiply_75/Mul/y,[np.int32(256)],float32,1024,,
conditional_detr_resnet50,405,model/tf.math.multiply_78/Mul/y,[np.int32(256)],float32,1024,,
conditional_detr_resnet50,406,model/tf.math.multiply_82/Mul/y,[np.int32(256)],float32,1024,,
conditional_detr_resnet50,407,model/tf.math.multiply_85/Mul/y,[np.int32(256)],float32,1024,,
conditional_detr_resnet50,408,model/tf.math.multiply_89/Mul/y,[np.int32(256)],float32,1024,,
conditional_detr_resnet50,409,model/tf.math.multiply_92/Mul/y,[np.int32(256)],float32,1024,,
conditional_detr_resnet50,410,model/tf.math.multiply_95/Mul/y,[np.int32(256)],float32,1024,,
conditional_detr_resnet50,411,model/tf.math.multiply_98/Mul/y,[np.int32(256)],float32,1024,,
conditional_detr_resnet50,412,arith.constant259,[np.int32(1)],int32,4,,
conditional_detr_resnet50,413,model/tf.math.subtract/Sub/y,[np.int32(3)],float32,12,,
conditional_detr_resnet50,414,model/tf.math.subtract/Sub,"[np.int32(1), np.int32(640), np.int32(640), np.int32(3)]",float32,4915200,,
conditional_detr_resnet50,415,model/tf.math.divide/truediv;model/tf.math.divide/truediv/y,"[np.int32(1), np.int32(640), np.int32(640), np.int32(3)]",float32,4915200,,
conditional_detr_resnet50,416,model/tf.compat.v1.pad/Pad,"[np.int32(1), np.int32(645), np.int32(645), np.int32(3)]",float32,4992300,,
conditional_detr_resnet50,417,model/tf.nn.relu/Relu;model/tf.math.add/Add;model/dynamic_conv2d/DynamicConv2D;model/tf.math.add/Add/y,"[np.int32(1), np.int32(320), np.int32(320), np.int32(64)]",float32,26214400,,
conditional_detr_resnet50,418,model/tf.compat.v1.pad_1/Pad,"[np.int32(1), np.int32(321), np.int32(321), np.int32(64)]",float32,26378496,,
conditional_detr_resnet50,419,model/tf.nn.max_pool2d/MaxPool2d,"[np.int32(1), np.int32(160), np.int32(160), np.int32(64)]",float32,6553600,,
conditional_detr_resnet50,420,model/tf.nn.relu_1/Relu;model/tf.math.add_1/Add;model/dynamic_conv2d_1/DynamicConv2D;model/tf.math.add_1/Add/y,"[np.int32(1), np.int32(160), np.int32(160), np.int32(64)]",float32,6553600,,
conditional_detr_resnet50,421,model/tf.nn.relu_2/Relu;model/tf.math.add_2/Add;model/dynamic_conv2d_2/DynamicConv2D;model/tf.math.add_2/Add/y,"[np.int32(1), np.int32(160), np.int32(160), np.int32(64)]",float32,6553600,,
conditional_detr_resnet50,422,model/tf.math.add_4/Add;model/dynamic_conv2d_3/DynamicConv2D;model/tf.math.add_4/Add/y,"[np.int32(1), np.int32(160), np.int32(160), np.int32(256)]",float32,26214400,,
conditional_detr_resnet50,423,model/tf.math.add_3/Add;model/dynamic_conv2d_4/DynamicConv2D;model/tf.math.add_3/Add/y,"[np.int32(1), np.int32(160), np.int32(160), np.int32(256)]",float32,26214400,,
conditional_detr_resnet50,424,model/tf.nn.relu_3/Relu;model/tf.math.add_5/Add,"[np.int32(1), np.int32(160), np.int32(160), np.int32(256)]",float32,26214400,,
conditional_detr_resnet50,425,model/tf.nn.relu_4/Relu;model/tf.math.add_6/Add;model/dynamic_conv2d_5/DynamicConv2D;model/tf.math.add_6/Add/y,"[np.int32(1), np.int32(160), np.int32(160), np.int32(64)]",float32,6553600,,
conditional_detr_resnet50,426,model/tf.nn.relu_5/Relu;model/tf.math.add_7/Add;model/dynamic_conv2d_6/DynamicConv2D;model/tf.math.add_7/Add/y,"[np.int32(1), np.int32(160), np.int32(160), np.int32(64)]",float32,6553600,,
conditional_detr_resnet50,427,model/tf.math.add_8/Add;model/dynamic_conv2d_7/DynamicConv2D;model/tf.math.add_8/Add/y,"[np.int32(1), np.int32(160), np.int32(160), np.int32(256)]",float32,26214400,,
conditional_detr_resnet50,428,model/tf.nn.relu_6/Relu;model/tf.math.add_9/Add,"[np.int32(1), np.int32(160), np.int32(160), np.int32(256)]",float32,26214400,,
conditional_detr_resnet50,429,model/tf.nn.relu_7/Relu;model/tf.math.add_10/Add;model/dynamic_conv2d_8/DynamicConv2D;model/tf.math.add_10/Add/y,"[np.int32(1), np.int32(160), np.int32(160), np.int32(64)]",float32,6553600,,
conditional_detr_resnet50,430,model/tf.nn.relu_8/Relu;model/tf.math.add_11/Add;model/dynamic_conv2d_9/DynamicConv2D;model/tf.math.add_11/Add/y,"[np.int32(1), np.int32(160), np.int32(160), np.int32(64)]",float32,6553600,,
conditional_detr_resnet50,431,model/tf.math.add_12/Add;model/dynamic_conv2d_10/DynamicConv2D;model/tf.math.add_12/Add/y,"[np.int32(1), np.int32(160), np.int32(160), np.int32(256)]",float32,26214400,,
conditional_detr_resnet50,432,model/tf.nn.relu_9/Relu;model/tf.math.add_13/Add,"[np.int32(1), np.int32(160), np.int32(160), np.int32(256)]",float32,26214400,,
conditional_detr_resnet50,433,model/tf.nn.relu_10/Relu;model/tf.math.add_14/Add;model/dynamic_conv2d_11/DynamicConv2D;model/tf.math.add_14/Add/y,"[np.int32(1), np.int32(160), np.int32(160), np.int32(128)]",float32,13107200,,
conditional_detr_resnet50,434,model/tf.compat.v1.pad_2/Pad,"[np.int32(1), np.int32(161), np.int32(161), np.int32(128)]",float32,13271552,,
conditional_detr_resnet50,435,model/tf.nn.relu_11/Relu;model/tf.math.add_15/Add;model/dynamic_conv2d_12/DynamicConv2D;model/tf.math.add_15/Add/y,"[np.int32(1), np.int32(80), np.int32(80), np.int32(128)]",float32,3276800,,
conditional_detr_resnet50,436,model/tf.math.add_17/Add;model/dynamic_conv2d_13/DynamicConv2D;model/tf.math.add_17/Add/y,"[np.int32(1), np.int32(80), np.int32(80), np.int32(512)]",float32,13107200,,
conditional_detr_resnet50,437,model/tf.math.add_16/Add;model/dynamic_conv2d_14/DynamicConv2D;model/tf.math.add_16/Add/y,"[np.int32(1), np.int32(80), np.int32(80), np.int32(512)]",float32,13107200,,
conditional_detr_resnet50,438,model/tf.nn.relu_12/Relu;model/tf.math.add_18/Add,"[np.int32(1), np.int32(80), np.int32(80), np.int32(512)]",float32,13107200,,
conditional_detr_resnet50,439,model/tf.nn.relu_13/Relu;model/tf.math.add_19/Add;model/dynamic_conv2d_15/DynamicConv2D;model/tf.math.add_19/Add/y,"[np.int32(1), np.int32(80), np.int32(80), np.int32(128)]",float32,3276800,,
conditional_detr_resnet50,440,model/tf.nn.relu_14/Relu;model/tf.math.add_20/Add;model/dynamic_conv2d_16/DynamicConv2D;model/tf.math.add_20/Add/y,"[np.int32(1), np.int32(80), np.int32(80), np.int32(128)]",float32,3276800,,
conditional_detr_resnet50,441,model/tf.math.add_21/Add;model/dynamic_conv2d_17/DynamicConv2D;model/tf.math.add_21/Add/y,"[np.int32(1), np.int32(80), np.int32(80), np.int32(512)]",float32,13107200,,
conditional_detr_resnet50,442,model/tf.nn.relu_15/Relu;model/tf.math.add_22/Add,"[np.int32(1), np.int32(80), np.int32(80), np.int32(512)]",float32,13107200,,
conditional_detr_resnet50,443,model/tf.nn.relu_16/Relu;model/tf.math.add_23/Add;model/dynamic_conv2d_18/DynamicConv2D;model/tf.math.add_23/Add/y,"[np.int32(1), np.int32(80), np.int32(80), np.int32(128)]",float32,3276800,,
conditional_detr_resnet50,444,model/tf.nn.relu_17/Relu;model/tf.math.add_24/Add;model/dynamic_conv2d_19/DynamicConv2D;model/tf.math.add_24/Add/y,"[np.int32(1), np.int32(80), np.int32(80), np.int32(128)]",float32,3276800,,
conditional_detr_resnet50,445,model/tf.math.add_25/Add;model/dynamic_conv2d_20/DynamicConv2D;model/tf.math.add_25/Add/y,"[np.int32(1), np.int32(80), np.int32(80), np.int32(512)]",float32,13107200,,
conditional_detr_resnet50,446,model/tf.nn.relu_18/Relu;model/tf.math.add_26/Add,"[np.int32(1), np.int32(80), np.int32(80), np.int32(512)]",float32,13107200,,
conditional_detr_resnet50,447,model/tf.nn.relu_19/Relu;model/tf.math.add_27/Add;model/dynamic_conv2d_21/DynamicConv2D;model/tf.math.add_27/Add/y,"[np.int32(1), np.int32(80), np.int32(80), np.int32(128)]",float32,3276800,,
conditional_detr_resnet50,448,model/tf.nn.relu_20/Relu;model/tf.math.add_28/Add;model/dynamic_conv2d_22/DynamicConv2D;model/tf.math.add_28/Add/y,"[np.int32(1), np.int32(80), np.int32(80), np.int32(128)]",float32,3276800,,
conditional_detr_resnet50,449,model/tf.math.add_29/Add;model/dynamic_conv2d_23/DynamicConv2D;model/tf.math.add_29/Add/y,"[np.int32(1), np.int32(80), np.int32(80), np.int32(512)]",float32,13107200,,
conditional_detr_resnet50,450,model/tf.nn.relu_21/Relu;model/tf.math.add_30/Add,"[np.int32(1), np.int32(80), np.int32(80), np.int32(512)]",float32,13107200,,
conditional_detr_resnet50,451,model/tf.nn.relu_22/Relu;model/tf.math.add_31/Add;model/dynamic_conv2d_24/DynamicConv2D;model/tf.math.add_31/Add/y,"[np.int32(1), np.int32(80), np.int32(80), np.int32(256)]",float32,6553600,,
conditional_detr_resnet50,452,model/tf.compat.v1.pad_3/Pad,"[np.int32(1), np.int32(81), np.int32(81), np.int32(256)]",float32,6718464,,
conditional_detr_resnet50,453,model/tf.nn.relu_23/Relu;model/tf.math.add_32/Add;model/dynamic_conv2d_25/DynamicConv2D;model/tf.math.add_32/Add/y,"[np.int32(1), np.int32(40), np.int32(40), np.int32(256)]",float32,1638400,,
conditional_detr_resnet50,454,model/tf.math.add_34/Add;model/dynamic_conv2d_26/DynamicConv2D;model/tf.math.add_34/Add/y,"[np.int32(1), np.int32(40), np.int32(40), np.int32(1024)]",float32,6553600,,
conditional_detr_resnet50,455,model/tf.math.add_33/Add;model/dynamic_conv2d_27/DynamicConv2D;model/tf.math.add_33/Add/y,"[np.int32(1), np.int32(40), np.int32(40), np.int32(1024)]",float32,6553600,,
conditional_detr_resnet50,456,model/tf.nn.relu_24/Relu;model/tf.math.add_35/Add,"[np.int32(1), np.int32(40), np.int32(40), np.int32(1024)]",float32,6553600,,
conditional_detr_resnet50,457,model/tf.nn.relu_25/Relu;model/tf.math.add_36/Add;model/dynamic_conv2d_28/DynamicConv2D;model/tf.math.add_36/Add/y,"[np.int32(1), np.int32(40), np.int32(40), np.int32(256)]",float32,1638400,,
conditional_detr_resnet50,458,model/tf.nn.relu_26/Relu;model/tf.math.add_37/Add;model/dynamic_conv2d_29/DynamicConv2D;model/tf.math.add_37/Add/y,"[np.int32(1), np.int32(40), np.int32(40), np.int32(256)]",float32,1638400,,
conditional_detr_resnet50,459,model/tf.math.add_38/Add;model/dynamic_conv2d_30/DynamicConv2D;model/tf.math.add_38/Add/y,"[np.int32(1), np.int32(40), np.int32(40), np.int32(1024)]",float32,6553600,,
conditional_detr_resnet50,460,model/tf.nn.relu_27/Relu;model/tf.math.add_39/Add,"[np.int32(1), np.int32(40), np.int32(40), np.int32(1024)]",float32,6553600,,
conditional_detr_resnet50,461,model/tf.nn.relu_28/Relu;model/tf.math.add_40/Add;model/dynamic_conv2d_31/DynamicConv2D;model/tf.math.add_40/Add/y,"[np.int32(1), np.int32(40), np.int32(40), np.int32(256)]",float32,1638400,,
conditional_detr_resnet50,462,model/tf.nn.relu_29/Relu;model/tf.math.add_41/Add;model/dynamic_conv2d_32/DynamicConv2D;model/tf.math.add_41/Add/y,"[np.int32(1), np.int32(40), np.int32(40), np.int32(256)]",float32,1638400,,
conditional_detr_resnet50,463,model/tf.math.add_42/Add;model/dynamic_conv2d_33/DynamicConv2D;model/tf.math.add_42/Add/y,"[np.int32(1), np.int32(40), np.int32(40), np.int32(1024)]",float32,6553600,,
conditional_detr_resnet50,464,model/tf.nn.relu_30/Relu;model/tf.math.add_43/Add,"[np.int32(1), np.int32(40), np.int32(40), np.int32(1024)]",float32,6553600,,
conditional_detr_resnet50,465,model/tf.nn.relu_31/Relu;model/tf.math.add_44/Add;model/dynamic_conv2d_34/DynamicConv2D;model/tf.math.add_44/Add/y,"[np.int32(1), np.int32(40), np.int32(40), np.int32(256)]",float32,1638400,,
conditional_detr_resnet50,466,model/tf.nn.relu_32/Relu;model/tf.math.add_45/Add;model/dynamic_conv2d_35/DynamicConv2D;model/tf.math.add_45/Add/y,"[np.int32(1), np.int32(40), np.int32(40), np.int32(256)]",float32,1638400,,
conditional_detr_resnet50,467,model/tf.math.add_46/Add;model/dynamic_conv2d_36/DynamicConv2D;model/tf.math.add_46/Add/y,"[np.int32(1), np.int32(40), np.int32(40), np.int32(1024)]",float32,6553600,,
conditional_detr_resnet50,468,model/tf.nn.relu_33/Relu;model/tf.math.add_47/Add,"[np.int32(1), np.int32(40), np.int32(40), np.int32(1024)]",float32,6553600,,
conditional_detr_resnet50,469,model/tf.nn.relu_34/Relu;model/tf.math.add_48/Add;model/dynamic_conv2d_37/DynamicConv2D;model/tf.math.add_48/Add/y,"[np.int32(1), np.int32(40), np.int32(40), np.int32(256)]",float32,1638400,,
conditional_detr_resnet50,470,model/tf.nn.relu_35/Relu;model/tf.math.add_49/Add;model/dynamic_conv2d_38/DynamicConv2D;model/tf.math.add_49/Add/y,"[np.int32(1), np.int32(40), np.int32(40), np.int32(256)]",float32,1638400,,
conditional_detr_resnet50,471,model/tf.math.add_50/Add;model/dynamic_conv2d_39/DynamicConv2D;model/tf.math.add_50/Add/y,"[np.int32(1), np.int32(40), np.int32(40), np.int32(1024)]",float32,6553600,,
conditional_detr_resnet50,472,model/tf.nn.relu_36/Relu;model/tf.math.add_51/Add,"[np.int32(1), np.int32(40), np.int32(40), np.int32(1024)]",float32,6553600,,
conditional_detr_resnet50,473,model/tf.nn.relu_37/Relu;model/tf.math.add_52/Add;model/dynamic_conv2d_40/DynamicConv2D;model/tf.math.add_52/Add/y,"[np.int32(1), np.int32(40), np.int32(40), np.int32(256)]",float32,1638400,,
conditional_detr_resnet50,474,model/tf.nn.relu_38/Relu;model/tf.math.add_53/Add;model/dynamic_conv2d_41/DynamicConv2D;model/tf.math.add_53/Add/y,"[np.int32(1), np.int32(40), np.int32(40), np.int32(256)]",float32,1638400,,
conditional_detr_resnet50,475,model/tf.math.add_54/Add;model/dynamic_conv2d_42/DynamicConv2D;model/tf.math.add_54/Add/y,"[np.int32(1), np.int32(40), np.int32(40), np.int32(1024)]",float32,6553600,,
conditional_detr_resnet50,476,model/tf.nn.relu_39/Relu;model/tf.math.add_55/Add,"[np.int32(1), np.int32(40), np.int32(40), np.int32(1024)]",float32,6553600,,
conditional_detr_resnet50,477,model/tf.nn.relu_40/Relu;model/tf.math.add_56/Add;model/dynamic_conv2d_43/DynamicConv2D;model/tf.math.add_56/Add/y,"[np.int32(1), np.int32(40), np.int32(40), np.int32(512)]",float32,3276800,,
conditional_detr_resnet50,478,model/tf.compat.v1.pad_4/Pad,"[np.int32(1), np.int32(41), np.int32(41), np.int32(512)]",float32,3442688,,
conditional_detr_resnet50,479,model/tf.nn.relu_41/Relu;model/tf.math.add_57/Add;model/dynamic_conv2d_44/DynamicConv2D;model/tf.math.add_57/Add/y,"[np.int32(1), np.int32(20), np.int32(20), np.int32(512)]",float32,819200,,
conditional_detr_resnet50,480,model/tf.math.add_59/Add;model/dynamic_conv2d_45/DynamicConv2D;model/tf.math.add_59/Add/y,"[np.int32(1), np.int32(20), np.int32(20), np.int32(2048)]",float32,3276800,,
conditional_detr_resnet50,481,model/tf.math.add_58/Add;model/dynamic_conv2d_46/DynamicConv2D;model/tf.math.add_58/Add/y,"[np.int32(1), np.int32(20), np.int32(20), np.int32(2048)]",float32,3276800,,
conditional_detr_resnet50,482,model/tf.nn.relu_42/Relu;model/tf.math.add_60/Add,"[np.int32(1), np.int32(20), np.int32(20), np.int32(2048)]",float32,3276800,,
conditional_detr_resnet50,483,model/tf.nn.relu_43/Relu;model/tf.math.add_61/Add;model/dynamic_conv2d_47/DynamicConv2D;model/tf.math.add_61/Add/y,"[np.int32(1), np.int32(20), np.int32(20), np.int32(512)]",float32,819200,,
conditional_detr_resnet50,484,model/tf.nn.relu_44/Relu;model/tf.math.add_62/Add;model/dynamic_conv2d_48/DynamicConv2D;model/tf.math.add_62/Add/y,"[np.int32(1), np.int32(20), np.int32(20), np.int32(512)]",float32,819200,,
conditional_detr_resnet50,485,model/tf.math.add_63/Add;model/dynamic_conv2d_49/DynamicConv2D;model/tf.math.add_63/Add/y,"[np.int32(1), np.int32(20), np.int32(20), np.int32(2048)]",float32,3276800,,
conditional_detr_resnet50,486,model/tf.nn.relu_45/Relu;model/tf.math.add_64/Add,"[np.int32(1), np.int32(20), np.int32(20), np.int32(2048)]",float32,3276800,,
conditional_detr_resnet50,487,model/tf.nn.relu_46/Relu;model/tf.math.add_65/Add;model/dynamic_conv2d_50/DynamicConv2D;model/tf.math.add_65/Add/y,"[np.int32(1), np.int32(20), np.int32(20), np.int32(512)]",float32,819200,,
conditional_detr_resnet50,488,model/tf.nn.relu_47/Relu;model/tf.math.add_66/Add;model/dynamic_conv2d_51/DynamicConv2D;model/tf.math.add_66/Add/y,"[np.int32(1), np.int32(20), np.int32(20), np.int32(512)]",float32,819200,,
conditional_detr_resnet50,489,model/tf.math.add_67/Add;model/dynamic_conv2d_52/DynamicConv2D;model/tf.math.add_67/Add/y,"[np.int32(1), np.int32(20), np.int32(20), np.int32(2048)]",float32,3276800,,
conditional_detr_resnet50,490,model/tf.nn.relu_48/Relu;model/tf.math.add_68/Add,"[np.int32(1), np.int32(20), np.int32(20), np.int32(2048)]",float32,3276800,,
conditional_detr_resnet50,491,model/tf.math.add_69/Add;model/dynamic_conv2d_53/DynamicConv2D;model/tf.math.add_69/Add/y,"[np.int32(1), np.int32(20), np.int32(20), np.int32(256)]",float32,409600,,
conditional_detr_resnet50,492,model/tf.reshape/Reshape,"[np.int32(1), np.int32(400), np.int32(256)]",float32,409600,,
conditional_detr_resnet50,493,model/tf.linalg.matmul_2/MatMul;model/tf.math.add_73/Add,"[np.int32(1), np.int32(400), np.int32(256)]",float32,409600,,
conditional_detr_resnet50,494,model/tf.math.add_70/Add,"[np.int32(1), np.int32(400), np.int32(256)]",float32,409600,,
conditional_detr_resnet50,495,model/tf.linalg.matmul/MatMul;model/tf.math.add_71/Add;model/tf.math.multiply_53/Mul,"[np.int32(1), np.int32(400), np.int32(256)]",float32,409600,,
conditional_detr_resnet50,496,model/tf.linalg.matmul_1/MatMul;model/tf.math.add_72/Add,"[np.int32(1), np.int32(400), np.int32(256)]",float32,409600,,
conditional_detr_resnet50,497,model/tf.reshape_1/Reshape,"[np.int32(1), np.int32(400), np.int32(8), np.int32(32)]",float32,409600,,
conditional_detr_resnet50,498,model/tf.compat.v1.transpose/transpose,"[np.int32(1), np.int32(8), np.int32(400), np.int32(32)]",float32,409600,,
conditional_detr_resnet50,499,model/tf.reshape_2/Reshape,"[np.int32(1), np.int32(400), np.int32(8), np.int32(32)]",float32,409600,,
conditional_detr_resnet50,500,model/tf.compat.v1.transpose_1/transpose,"[np.int32(1), np.int32(8), np.int32(400), np.int32(32)]",float32,409600,,
conditional_detr_resnet50,501,model/tf.reshape_3/Reshape,"[np.int32(1), np.int32(400), np.int32(8), np.int32(32)]",float32,409600,,
conditional_detr_resnet50,502,model/tf.compat.v1.transpose_2/transpose,"[np.int32(1), np.int32(8), np.int32(400), np.int32(32)]",float32,409600,,
conditional_detr_resnet50,503,model/tf.reshape_4/Reshape,"[np.int32(8), np.int32(400), np.int32(32)]",float32,409600,,
conditional_detr_resnet50,504,model/tf.reshape_5/Reshape,"[np.int32(8), np.int32(400), np.int32(32)]",float32,409600,,
conditional_detr_resnet50,505,model/tf.compat.v1.transpose_3/transpose,"[np.int32(8), np.int32(32), np.int32(400)]",float32,409600,,
conditional_detr_resnet50,506,model/tf.linalg.matmul_3/MatMul,"[np.int32(8), np.int32(400), np.int32(400)]",float32,5120000,,
conditional_detr_resnet50,507,model/tf.nn.softmax/Softmax,"[np.int32(8), np.int32(400), np.int32(400)]",float32,5120000,,
conditional_detr_resnet50,508,model/tf.reshape_6/Reshape,"[np.int32(8), np.int32(400), np.int32(32)]",float32,409600,,
conditional_detr_resnet50,509,model/tf.linalg.matmul_4/MatMul,"[np.int32(8), np.int32(400), np.int32(32)]",float32,409600,,
conditional_detr_resnet50,510,model/tf.reshape_7/Reshape,"[np.int32(1), np.int32(8), np.int32(400), np.int32(32)]",float32,409600,,
conditional_detr_resnet50,511,model/tf.compat.v1.transpose_4/transpose,"[np.int32(1), np.int32(400), np.int32(8), np.int32(32)]",float32,409600,,
conditional_detr_resnet50,512,model/tf.reshape_8/Reshape,"[np.int32(1), np.int32(400), np.int32(256)]",float32,409600,,
conditional_detr_resnet50,513,model/tf.linalg.matmul_5/MatMul;model/tf.math.add_74/Add,"[np.int32(1), np.int32(400), np.int32(256)]",float32,409600,,
conditional_detr_resnet50,514,model/tf.math.add_75/Add,"[np.int32(1), np.int32(400), np.int32(256)]",float32,409600,,
conditional_detr_resnet50,515,model/tf.math.reduce_mean/Mean,"[np.int32(1), np.int32(400), np.int32(1)]",float32,1600,,
conditional_detr_resnet50,516,model/tf.math.squared_difference/SquaredDifference,"[np.int32(1), np.int32(400), np.int32(256)]",float32,409600,,
conditional_detr_resnet50,517,model/tf.math.reduce_mean_1/Mean,"[np.int32(1), np.int32(400), np.int32(1)]",float32,1600,,
conditional_detr_resnet50,518,model/tf.__operators__.add/AddV2,"[np.int32(1), np.int32(400), np.int32(1)]",float32,1600,,
conditional_detr_resnet50,519,model/tf.math.rsqrt/Rsqrt,"[np.int32(1), np.int32(400), np.int32(1)]",float32,1600,,
conditional_detr_resnet50,520,model/tf.math.multiply_54/Mul,"[np.int32(1), np.int32(400), np.int32(256)]",float32,409600,,
conditional_detr_resnet50,521,model/tf.math.multiply_55/Mul,"[np.int32(1), np.int32(400), np.int32(256)]",float32,409600,,
conditional_detr_resnet50,522,model/tf.math.multiply_56/Mul,"[np.int32(1), np.int32(400), np.int32(256)]",float32,409600,,
conditional_detr_resnet50,523,model/tf.math.subtract_1/Sub,"[np.int32(1), np.int32(400), np.int32(256)]",float32,409600,,
conditional_detr_resnet50,524,model/tf.__operators__.add_1/AddV2,"[np.int32(1), np.int32(400), np.int32(256)]",float32,409600,,
conditional_detr_resnet50,525,model/tf.linalg.matmul_6/MatMul;model/tf.nn.relu_49/Relu;model/tf.math.add_76/Add,"[np.int32(1), np.int32(400), np.int32(2048)]",float32,3276800,,
conditional_detr_resnet50,526,model/tf.linalg.matmul_7/MatMul;model/tf.math.add_77/Add,"[np.int32(1), np.int32(400), np.int32(256)]",float32,409600,,
conditional_detr_resnet50,527,model/tf.math.add_78/Add,"[np.int32(1), np.int32(400), np.int32(256)]",float32,409600,,
conditional_detr_resnet50,528,model/tf.math.reduce_mean_2/Mean,"[np.int32(1), np.int32(400), np.int32(1)]",float32,1600,,
conditional_detr_resnet50,529,model/tf.math.squared_difference_1/SquaredDifference,"[np.int32(1), np.int32(400), np.int32(256)]",float32,409600,,
conditional_detr_resnet50,530,model/tf.math.reduce_mean_3/Mean,"[np.int32(1), np.int32(400), np.int32(1)]",float32,1600,,
conditional_detr_resnet50,531,model/tf.__operators__.add_2/AddV2,"[np.int32(1), np.int32(400), np.int32(1)]",float32,1600,,
conditional_detr_resnet50,532,model/tf.math.rsqrt_1/Rsqrt,"[np.int32(1), np.int32(400), np.int32(1)]",float32,1600,,
conditional_detr_resnet50,533,model/tf.math.multiply_57/Mul,"[np.int32(1), np.int32(400), np.int32(256)]",float32,409600,,
conditional_detr_resnet50,534,model/tf.math.multiply_58/Mul,"[np.int32(1), np.int32(400), np.int32(256)]",float32,409600,,
conditional_detr_resnet50,535,model/tf.math.multiply_59/Mul,"[np.int32(1), np.int32(400), np.int32(256)]",float32,409600,,
conditional_detr_resnet50,536,model/tf.math.subtract_2/Sub,"[np.int32(1), np.int32(400), np.int32(256)]",float32,409600,,
conditional_detr_resnet50,537,model/tf.__operators__.add_3/AddV2,"[np.int32(1), np.int32(400), np.int32(256)]",float32,409600,,
conditional_detr_resnet50,538,model/tf.linalg.matmul_10/MatMul;model/tf.math.add_82/Add,"[np.int32(1), np.int32(400), np.int32(256)]",float32,409600,,
conditional_detr_resnet50,539,model/tf.reshape_10/Reshape,"[np.int32(1), np.int32(400), np.int32(8), np.int32(32)]",float32,409600,,
conditional_detr_resnet50,540,model/tf.compat.v1.transpose_6/transpose,"[np.int32(1), np.int32(8), np.int32(400), np.int32(32)]",float32,409600,,
conditional_detr_resnet50,541,model/tf.reshape_14/Reshape,"[np.int32(8), np.int32(400), np.int32(32)]",float32,409600,,
conditional_detr_resnet50,542,model/tf.math.add_79/Add,"[np.int32(1), np.int32(400), np.int32(256)]",float32,409600,,
conditional_detr_resnet50,543,model/tf.linalg.matmul_8/MatMul;model/tf.math.add_80/Add;model/tf.math.multiply_60/Mul,"[np.int32(1), np.int32(400), np.int32(256)]",float32,409600,,
conditional_detr_resnet50,544,model/tf.reshape_11/Reshape,"[np.int32(1), np.int32(400), np.int32(8), np.int32(32)]",float32,409600,,
conditional_detr_resnet50,545,model/tf.compat.v1.transpose_7/transpose,"[np.int32(1), np.int32(8), np.int32(400), np.int32(32)]",float32,409600,,
conditional_detr_resnet50,546,model/tf.reshape_12/Reshape,"[np.int32(8), np.int32(400), np.int32(32)]",float32,409600,,
conditional_detr_resnet50,547,model/tf.linalg.matmul_9/MatMul;model/tf.math.add_81/Add,"[np.int32(1), np.int32(400), np.int32(256)]",float32,409600,,
conditional_detr_resnet50,548,model/tf.reshape_9/Reshape,"[np.int32(1), np.int32(400), np.int32(8), np.int32(32)]",float32,409600,,
conditional_detr_resnet50,549,model/tf.compat.v1.transpose_5/transpose,"[np.int32(1), np.int32(8), np.int32(400), np.int32(32)]",float32,409600,,
conditional_detr_resnet50,550,model/tf.reshape_13/Reshape,"[np.int32(8), np.int32(400), np.int32(32)]",float32,409600,,
conditional_detr_resnet50,551,model/tf.compat.v1.transpose_8/transpose,"[np.int32(8), np.int32(32), np.int32(400)]",float32,409600,,
conditional_detr_resnet50,552,model/tf.linalg.matmul_11/MatMul,"[np.int32(8), np.int32(400), np.int32(400)]",float32,5120000,,
conditional_detr_resnet50,553,model/tf.nn.softmax_1/Softmax,"[np.int32(8), np.int32(400), np.int32(400)]",float32,5120000,,
conditional_detr_resnet50,554,model/tf.linalg.matmul_12/MatMul,"[np.int32(8), np.int32(400), np.int32(32)]",float32,409600,,
conditional_detr_resnet50,555,model/tf.reshape_15/Reshape,"[np.int32(1), np.int32(8), np.int32(400), np.int32(32)]",float32,409600,,
conditional_detr_resnet50,556,model/tf.compat.v1.transpose_9/transpose,"[np.int32(1), np.int32(400), np.int32(8), np.int32(32)]",float32,409600,,
conditional_detr_resnet50,557,model/tf.reshape_16/Reshape,"[np.int32(1), np.int32(400), np.int32(256)]",float32,409600,,
conditional_detr_resnet50,558,model/tf.linalg.matmul_13/MatMul;model/tf.math.add_83/Add,"[np.int32(1), np.int32(400), np.int32(256)]",float32,409600,,
conditional_detr_resnet50,559,model/tf.math.add_84/Add,"[np.int32(1), np.int32(400), np.int32(256)]",float32,409600,,
conditional_detr_resnet50,560,model/tf.math.reduce_mean_4/Mean,"[np.int32(1), np.int32(400), np.int32(1)]",float32,1600,,
conditional_detr_resnet50,561,model/tf.math.squared_difference_2/SquaredDifference,"[np.int32(1), np.int32(400), np.int32(256)]",float32,409600,,
conditional_detr_resnet50,562,model/tf.math.reduce_mean_5/Mean,"[np.int32(1), np.int32(400), np.int32(1)]",float32,1600,,
conditional_detr_resnet50,563,model/tf.__operators__.add_4/AddV2,"[np.int32(1), np.int32(400), np.int32(1)]",float32,1600,,
conditional_detr_resnet50,564,model/tf.math.rsqrt_2/Rsqrt,"[np.int32(1), np.int32(400), np.int32(1)]",float32,1600,,
conditional_detr_resnet50,565,model/tf.math.multiply_61/Mul,"[np.int32(1), np.int32(400), np.int32(256)]",float32,409600,,
conditional_detr_resnet50,566,model/tf.math.multiply_62/Mul,"[np.int32(1), np.int32(400), np.int32(256)]",float32,409600,,
conditional_detr_resnet50,567,model/tf.math.multiply_63/Mul,"[np.int32(1), np.int32(400), np.int32(256)]",float32,409600,,
conditional_detr_resnet50,568,model/tf.math.subtract_3/Sub,"[np.int32(1), np.int32(400), np.int32(256)]",float32,409600,,
conditional_detr_resnet50,569,model/tf.__operators__.add_5/AddV2,"[np.int32(1), np.int32(400), np.int32(256)]",float32,409600,,
conditional_detr_resnet50,570,model/tf.linalg.matmul_14/MatMul;model/tf.nn.relu_50/Relu;model/tf.math.add_85/Add,"[np.int32(1), np.int32(400), np.int32(2048)]",float32,3276800,,
conditional_detr_resnet50,571,model/tf.linalg.matmul_15/MatMul;model/tf.math.add_86/Add,"[np.int32(1), np.int32(400), np.int32(256)]",float32,409600,,
conditional_detr_resnet50,572,model/tf.math.add_87/Add,"[np.int32(1), np.int32(400), np.int32(256)]",float32,409600,,
conditional_detr_resnet50,573,model/tf.math.reduce_mean_6/Mean,"[np.int32(1), np.int32(400), np.int32(1)]",float32,1600,,
conditional_detr_resnet50,574,model/tf.math.squared_difference_3/SquaredDifference,"[np.int32(1), np.int32(400), np.int32(256)]",float32,409600,,
conditional_detr_resnet50,575,model/tf.math.reduce_mean_7/Mean,"[np.int32(1), np.int32(400), np.int32(1)]",float32,1600,,
conditional_detr_resnet50,576,model/tf.__operators__.add_6/AddV2,"[np.int32(1), np.int32(400), np.int32(1)]",float32,1600,,
conditional_detr_resnet50,577,model/tf.math.rsqrt_3/Rsqrt,"[np.int32(1), np.int32(400), np.int32(1)]",float32,1600,,
conditional_detr_resnet50,578,model/tf.math.multiply_64/Mul,"[np.int32(1), np.int32(400), np.int32(256)]",float32,409600,,
conditional_detr_resnet50,579,model/tf.math.multiply_65/Mul,"[np.int32(1), np.int32(400), np.int32(256)]",float32,409600,,
conditional_detr_resnet50,580,model/tf.math.multiply_66/Mul,"[np.int32(1), np.int32(400), np.int32(256)]",float32,409600,,
conditional_detr_resnet50,581,model/tf.math.subtract_4/Sub,"[np.int32(1), np.int32(400), np.int32(256)]",float32,409600,,
conditional_detr_resnet50,582,model/tf.__operators__.add_7/AddV2,"[np.int32(1), np.int32(400), np.int32(256)]",float32,409600,,
conditional_detr_resnet50,583,model/tf.linalg.matmul_18/MatMul;model/tf.math.add_91/Add,"[np.int32(1), np.int32(400), np.int32(256)]",float32,409600,,
conditional_detr_resnet50,584,model/tf.reshape_18/Reshape,"[np.int32(1), np.int32(400), np.int32(8), np.int32(32)]",float32,409600,,
conditional_detr_resnet50,585,model/tf.compat.v1.transpose_11/transpose,"[np.int32(1), np.int32(8), np.int32(400), np.int32(32)]",float32,409600,,
conditional_detr_resnet50,586,model/tf.reshape_22/Reshape,"[np.int32(8), np.int32(400), np.int32(32)]",float32,409600,,
conditional_detr_resnet50,587,model/tf.math.add_88/Add,"[np.int32(1), np.int32(400), np.int32(256)]",float32,409600,,
conditional_detr_resnet50,588,model/tf.linalg.matmul_16/MatMul;model/tf.math.add_89/Add;model/tf.math.multiply_67/Mul,"[np.int32(1), np.int32(400), np.int32(256)]",float32,409600,,
conditional_detr_resnet50,589,model/tf.reshape_19/Reshape,"[np.int32(1), np.int32(400), np.int32(8), np.int32(32)]",float32,409600,,
conditional_detr_resnet50,590,model/tf.compat.v1.transpose_12/transpose,"[np.int32(1), np.int32(8), np.int32(400), np.int32(32)]",float32,409600,,
conditional_detr_resnet50,591,model/tf.reshape_20/Reshape,"[np.int32(8), np.int32(400), np.int32(32)]",float32,409600,,
conditional_detr_resnet50,592,model/tf.linalg.matmul_17/MatMul;model/tf.math.add_90/Add,"[np.int32(1), np.int32(400), np.int32(256)]",float32,409600,,
conditional_detr_resnet50,593,model/tf.reshape_17/Reshape,"[np.int32(1), np.int32(400), np.int32(8), np.int32(32)]",float32,409600,,
conditional_detr_resnet50,594,model/tf.compat.v1.transpose_10/transpose,"[np.int32(1), np.int32(8), np.int32(400), np.int32(32)]",float32,409600,,
conditional_detr_resnet50,595,model/tf.reshape_21/Reshape,"[np.int32(8), np.int32(400), np.int32(32)]",float32,409600,,
conditional_detr_resnet50,596,model/tf.compat.v1.transpose_13/transpose,"[np.int32(8), np.int32(32), np.int32(400)]",float32,409600,,
conditional_detr_resnet50,597,model/tf.linalg.matmul_19/MatMul,"[np.int32(8), np.int32(400), np.int32(400)]",float32,5120000,,
conditional_detr_resnet50,598,model/tf.nn.softmax_2/Softmax,"[np.int32(8), np.int32(400), np.int32(400)]",float32,5120000,,
conditional_detr_resnet50,599,model/tf.linalg.matmul_20/MatMul,"[np.int32(8), np.int32(400), np.int32(32)]",float32,409600,,
conditional_detr_resnet50,600,model/tf.reshape_23/Reshape,"[np.int32(1), np.int32(8), np.int32(400), np.int32(32)]",float32,409600,,
conditional_detr_resnet50,601,model/tf.compat.v1.transpose_14/transpose,"[np.int32(1), np.int32(400), np.int32(8), np.int32(32)]",float32,409600,,
conditional_detr_resnet50,602,model/tf.reshape_24/Reshape,"[np.int32(1), np.int32(400), np.int32(256)]",float32,409600,,
conditional_detr_resnet50,603,model/tf.linalg.matmul_21/MatMul;model/tf.math.add_92/Add,"[np.int32(1), np.int32(400), np.int32(256)]",float32,409600,,
conditional_detr_resnet50,604,model/tf.math.add_93/Add,"[np.int32(1), np.int32(400), np.int32(256)]",float32,409600,,
conditional_detr_resnet50,605,model/tf.math.reduce_mean_8/Mean,"[np.int32(1), np.int32(400), np.int32(1)]",float32,1600,,
conditional_detr_resnet50,606,model/tf.math.squared_difference_4/SquaredDifference,"[np.int32(1), np.int32(400), np.int32(256)]",float32,409600,,
conditional_detr_resnet50,607,model/tf.math.reduce_mean_9/Mean,"[np.int32(1), np.int32(400), np.int32(1)]",float32,1600,,
conditional_detr_resnet50,608,model/tf.__operators__.add_8/AddV2,"[np.int32(1), np.int32(400), np.int32(1)]",float32,1600,,
conditional_detr_resnet50,609,model/tf.math.rsqrt_4/Rsqrt,"[np.int32(1), np.int32(400), np.int32(1)]",float32,1600,,
conditional_detr_resnet50,610,model/tf.math.multiply_68/Mul,"[np.int32(1), np.int32(400), np.int32(256)]",float32,409600,,
conditional_detr_resnet50,611,model/tf.math.multiply_69/Mul,"[np.int32(1), np.int32(400), np.int32(256)]",float32,409600,,
conditional_detr_resnet50,612,model/tf.math.multiply_70/Mul,"[np.int32(1), np.int32(400), np.int32(256)]",float32,409600,,
conditional_detr_resnet50,613,model/tf.math.subtract_5/Sub,"[np.int32(1), np.int32(400), np.int32(256)]",float32,409600,,
conditional_detr_resnet50,614,model/tf.__operators__.add_9/AddV2,"[np.int32(1), np.int32(400), np.int32(256)]",float32,409600,,
conditional_detr_resnet50,615,model/tf.linalg.matmul_22/MatMul;model/tf.nn.relu_51/Relu;model/tf.math.add_94/Add,"[np.int32(1), np.int32(400), np.int32(2048)]",float32,3276800,,
conditional_detr_resnet50,616,model/tf.linalg.matmul_23/MatMul;model/tf.math.add_95/Add,"[np.int32(1), np.int32(400), np.int32(256)]",float32,409600,,
conditional_detr_resnet50,617,model/tf.math.add_96/Add,"[np.int32(1), np.int32(400), np.int32(256)]",float32,409600,,
conditional_detr_resnet50,618,model/tf.math.reduce_mean_10/Mean,"[np.int32(1), np.int32(400), np.int32(1)]",float32,1600,,
conditional_detr_resnet50,619,model/tf.math.squared_difference_5/SquaredDifference,"[np.int32(1), np.int32(400), np.int32(256)]",float32,409600,,
conditional_detr_resnet50,620,model/tf.math.reduce_mean_11/Mean,"[np.int32(1), np.int32(400), np.int32(1)]",float32,1600,,
conditional_detr_resnet50,621,model/tf.__operators__.add_10/AddV2,"[np.int32(1), np.int32(400), np.int32(1)]",float32,1600,,
conditional_detr_resnet50,622,model/tf.math.rsqrt_5/Rsqrt,"[np.int32(1), np.int32(400), np.int32(1)]",float32,1600,,
conditional_detr_resnet50,623,model/tf.math.multiply_71/Mul,"[np.int32(1), np.int32(400), np.int32(256)]",float32,409600,,
conditional_detr_resnet50,624,model/tf.math.multiply_72/Mul,"[np.int32(1), np.int32(400), np.int32(256)]",float32,409600,,
conditional_detr_resnet50,625,model/tf.math.multiply_73/Mul,"[np.int32(1), np.int32(400), np.int32(256)]",float32,409600,,
conditional_detr_resnet50,626,model/tf.math.subtract_6/Sub,"[np.int32(1), np.int32(400), np.int32(256)]",float32,409600,,
conditional_detr_resnet50,627,model/tf.__operators__.add_11/AddV2,"[np.int32(1), np.int32(400), np.int32(256)]",float32,409600,,
conditional_detr_resnet50,628,model/tf.linalg.matmul_26/MatMul;model/tf.math.add_100/Add,"[np.int32(1), np.int32(400), np.int32(256)]",float32,409600,,
conditional_detr_resnet50,629,model/tf.reshape_26/Reshape,"[np.int32(1), np.int32(400), np.int32(8), np.int32(32)]",float32,409600,,
conditional_detr_resnet50,630,model/tf.compat.v1.transpose_16/transpose,"[np.int32(1), np.int32(8), np.int32(400), np.int32(32)]",float32,409600,,
conditional_detr_resnet50,631,model/tf.reshape_30/Reshape,"[np.int32(8), np.int32(400), np.int32(32)]",float32,409600,,
conditional_detr_resnet50,632,model/tf.math.add_97/Add,"[np.int32(1), np.int32(400), np.int32(256)]",float32,409600,,
conditional_detr_resnet50,633,model/tf.linalg.matmul_24/MatMul;model/tf.math.add_98/Add;model/tf.math.multiply_74/Mul,"[np.int32(1), np.int32(400), np.int32(256)]",float32,409600,,
conditional_detr_resnet50,634,model/tf.reshape_27/Reshape,"[np.int32(1), np.int32(400), np.int32(8), np.int32(32)]",float32,409600,,
conditional_detr_resnet50,635,model/tf.compat.v1.transpose_17/transpose,"[np.int32(1), np.int32(8), np.int32(400), np.int32(32)]",float32,409600,,
conditional_detr_resnet50,636,model/tf.reshape_28/Reshape,"[np.int32(8), np.int32(400), np.int32(32)]",float32,409600,,
conditional_detr_resnet50,637,model/tf.linalg.matmul_25/MatMul;model/tf.math.add_99/Add,"[np.int32(1), np.int32(400), np.int32(256)]",float32,409600,,
conditional_detr_resnet50,638,model/tf.reshape_25/Reshape,"[np.int32(1), np.int32(400), np.int32(8), np.int32(32)]",float32,409600,,
conditional_detr_resnet50,639,model/tf.compat.v1.transpose_15/transpose,"[np.int32(1), np.int32(8), np.int32(400), np.int32(32)]",float32,409600,,
conditional_detr_resnet50,640,model/tf.reshape_29/Reshape,"[np.int32(8), np.int32(400), np.int32(32)]",float32,409600,,
conditional_detr_resnet50,641,model/tf.compat.v1.transpose_18/transpose,"[np.int32(8), np.int32(32), np.int32(400)]",float32,409600,,
conditional_detr_resnet50,642,model/tf.linalg.matmul_27/MatMul,"[np.int32(8), np.int32(400), np.int32(400)]",float32,5120000,,
conditional_detr_resnet50,643,model/tf.nn.softmax_3/Softmax,"[np.int32(8), np.int32(400), np.int32(400)]",float32,5120000,,
conditional_detr_resnet50,644,model/tf.linalg.matmul_28/MatMul,"[np.int32(8), np.int32(400), np.int32(32)]",float32,409600,,
conditional_detr_resnet50,645,model/tf.reshape_31/Reshape,"[np.int32(1), np.int32(8), np.int32(400), np.int32(32)]",float32,409600,,
conditional_detr_resnet50,646,model/tf.compat.v1.transpose_19/transpose,"[np.int32(1), np.int32(400), np.int32(8), np.int32(32)]",float32,409600,,
conditional_detr_resnet50,647,model/tf.reshape_32/Reshape,"[np.int32(1), np.int32(400), np.int32(256)]",float32,409600,,
conditional_detr_resnet50,648,model/tf.linalg.matmul_29/MatMul;model/tf.math.add_101/Add,"[np.int32(1), np.int32(400), np.int32(256)]",float32,409600,,
conditional_detr_resnet50,649,model/tf.math.add_102/Add,"[np.int32(1), np.int32(400), np.int32(256)]",float32,409600,,
conditional_detr_resnet50,650,model/tf.math.reduce_mean_12/Mean,"[np.int32(1), np.int32(400), np.int32(1)]",float32,1600,,
conditional_detr_resnet50,651,model/tf.math.squared_difference_6/SquaredDifference,"[np.int32(1), np.int32(400), np.int32(256)]",float32,409600,,
conditional_detr_resnet50,652,model/tf.math.reduce_mean_13/Mean,"[np.int32(1), np.int32(400), np.int32(1)]",float32,1600,,
conditional_detr_resnet50,653,model/tf.__operators__.add_12/AddV2,"[np.int32(1), np.int32(400), np.int32(1)]",float32,1600,,
conditional_detr_resnet50,654,model/tf.math.rsqrt_6/Rsqrt,"[np.int32(1), np.int32(400), np.int32(1)]",float32,1600,,
conditional_detr_resnet50,655,model/tf.math.multiply_75/Mul,"[np.int32(1), np.int32(400), np.int32(256)]",float32,409600,,
conditional_detr_resnet50,656,model/tf.math.multiply_76/Mul,"[np.int32(1), np.int32(400), np.int32(256)]",float32,409600,,
conditional_detr_resnet50,657,model/tf.math.multiply_77/Mul,"[np.int32(1), np.int32(400), np.int32(256)]",float32,409600,,
conditional_detr_resnet50,658,model/tf.math.subtract_7/Sub,"[np.int32(1), np.int32(400), np.int32(256)]",float32,409600,,
conditional_detr_resnet50,659,model/tf.__operators__.add_13/AddV2,"[np.int32(1), np.int32(400), np.int32(256)]",float32,409600,,
conditional_detr_resnet50,660,model/tf.linalg.matmul_30/MatMul;model/tf.nn.relu_52/Relu;model/tf.math.add_103/Add,"[np.int32(1), np.int32(400), np.int32(2048)]",float32,3276800,,
conditional_detr_resnet50,661,model/tf.linalg.matmul_31/MatMul;model/tf.math.add_104/Add,"[np.int32(1), np.int32(400), np.int32(256)]",float32,409600,,
conditional_detr_resnet50,662,model/tf.math.add_105/Add,"[np.int32(1), np.int32(400), np.int32(256)]",float32,409600,,
conditional_detr_resnet50,663,model/tf.math.reduce_mean_14/Mean,"[np.int32(1), np.int32(400), np.int32(1)]",float32,1600,,
conditional_detr_resnet50,664,model/tf.math.squared_difference_7/SquaredDifference,"[np.int32(1), np.int32(400), np.int32(256)]",float32,409600,,
conditional_detr_resnet50,665,model/tf.math.reduce_mean_15/Mean,"[np.int32(1), np.int32(400), np.int32(1)]",float32,1600,,
conditional_detr_resnet50,666,model/tf.__operators__.add_14/AddV2,"[np.int32(1), np.int32(400), np.int32(1)]",float32,1600,,
conditional_detr_resnet50,667,model/tf.math.rsqrt_7/Rsqrt,"[np.int32(1), np.int32(400), np.int32(1)]",float32,1600,,
conditional_detr_resnet50,668,model/tf.math.multiply_78/Mul,"[np.int32(1), np.int32(400), np.int32(256)]",float32,409600,,
conditional_detr_resnet50,669,model/tf.math.multiply_79/Mul,"[np.int32(1), np.int32(400), np.int32(256)]",float32,409600,,
conditional_detr_resnet50,670,model/tf.math.multiply_80/Mul,"[np.int32(1), np.int32(400), np.int32(256)]",float32,409600,,
conditional_detr_resnet50,671,model/tf.math.subtract_8/Sub,"[np.int32(1), np.int32(400), np.int32(256)]",float32,409600,,
conditional_detr_resnet50,672,model/tf.__operators__.add_15/AddV2,"[np.int32(1), np.int32(400), np.int32(256)]",float32,409600,,
conditional_detr_resnet50,673,model/tf.linalg.matmul_34/MatMul;model/tf.math.add_109/Add,"[np.int32(1), np.int32(400), np.int32(256)]",float32,409600,,
conditional_detr_resnet50,674,model/tf.reshape_34/Reshape,"[np.int32(1), np.int32(400), np.int32(8), np.int32(32)]",float32,409600,,
conditional_detr_resnet50,675,model/tf.compat.v1.transpose_21/transpose,"[np.int32(1), np.int32(8), np.int32(400), np.int32(32)]",float32,409600,,
conditional_detr_resnet50,676,model/tf.reshape_38/Reshape,"[np.int32(8), np.int32(400), np.int32(32)]",float32,409600,,
conditional_detr_resnet50,677,model/tf.math.add_106/Add,"[np.int32(1), np.int32(400), np.int32(256)]",float32,409600,,
conditional_detr_resnet50,678,model/tf.linalg.matmul_32/MatMul;model/tf.math.add_107/Add;model/tf.math.multiply_81/Mul,"[np.int32(1), np.int32(400), np.int32(256)]",float32,409600,,
conditional_detr_resnet50,679,model/tf.reshape_35/Reshape,"[np.int32(1), np.int32(400), np.int32(8), np.int32(32)]",float32,409600,,
conditional_detr_resnet50,680,model/tf.compat.v1.transpose_22/transpose,"[np.int32(1), np.int32(8), np.int32(400), np.int32(32)]",float32,409600,,
conditional_detr_resnet50,681,model/tf.reshape_36/Reshape,"[np.int32(8), np.int32(400), np.int32(32)]",float32,409600,,
conditional_detr_resnet50,682,model/tf.linalg.matmul_33/MatMul;model/tf.math.add_108/Add,"[np.int32(1), np.int32(400), np.int32(256)]",float32,409600,,
conditional_detr_resnet50,683,model/tf.reshape_33/Reshape,"[np.int32(1), np.int32(400), np.int32(8), np.int32(32)]",float32,409600,,
conditional_detr_resnet50,684,model/tf.compat.v1.transpose_20/transpose,"[np.int32(1), np.int32(8), np.int32(400), np.int32(32)]",float32,409600,,
conditional_detr_resnet50,685,model/tf.reshape_37/Reshape,"[np.int32(8), np.int32(400), np.int32(32)]",float32,409600,,
conditional_detr_resnet50,686,model/tf.compat.v1.transpose_23/transpose,"[np.int32(8), np.int32(32), np.int32(400)]",float32,409600,,
conditional_detr_resnet50,687,model/tf.linalg.matmul_35/MatMul,"[np.int32(8), np.int32(400), np.int32(400)]",float32,5120000,,
conditional_detr_resnet50,688,model/tf.nn.softmax_4/Softmax,"[np.int32(8), np.int32(400), np.int32(400)]",float32,5120000,,
conditional_detr_resnet50,689,model/tf.linalg.matmul_36/MatMul,"[np.int32(8), np.int32(400), np.int32(32)]",float32,409600,,
conditional_detr_resnet50,690,model/tf.reshape_39/Reshape,"[np.int32(1), np.int32(8), np.int32(400), np.int32(32)]",float32,409600,,
conditional_detr_resnet50,691,model/tf.compat.v1.transpose_24/transpose,"[np.int32(1), np.int32(400), np.int32(8), np.int32(32)]",float32,409600,,
conditional_detr_resnet50,692,model/tf.reshape_40/Reshape,"[np.int32(1), np.int32(400), np.int32(256)]",float32,409600,,
conditional_detr_resnet50,693,model/tf.linalg.matmul_37/MatMul;model/tf.math.add_110/Add,"[np.int32(1), np.int32(400), np.int32(256)]",float32,409600,,
conditional_detr_resnet50,694,model/tf.math.add_111/Add,"[np.int32(1), np.int32(400), np.int32(256)]",float32,409600,,
conditional_detr_resnet50,695,model/tf.math.reduce_mean_16/Mean,"[np.int32(1), np.int32(400), np.int32(1)]",float32,1600,,
conditional_detr_resnet50,696,model/tf.math.squared_difference_8/SquaredDifference,"[np.int32(1), np.int32(400), np.int32(256)]",float32,409600,,
conditional_detr_resnet50,697,model/tf.math.reduce_mean_17/Mean,"[np.int32(1), np.int32(400), np.int32(1)]",float32,1600,,
conditional_detr_resnet50,698,model/tf.__operators__.add_16/AddV2,"[np.int32(1), np.int32(400), np.int32(1)]",float32,1600,,
conditional_detr_resnet50,699,model/tf.math.rsqrt_8/Rsqrt,"[np.int32(1), np.int32(400), np.int32(1)]",float32,1600,,
conditional_detr_resnet50,700,model/tf.math.multiply_82/Mul,"[np.int32(1), np.int32(400), np.int32(256)]",float32,409600,,
conditional_detr_resnet50,701,model/tf.math.multiply_83/Mul,"[np.int32(1), np.int32(400), np.int32(256)]",float32,409600,,
conditional_detr_resnet50,702,model/tf.math.multiply_84/Mul,"[np.int32(1), np.int32(400), np.int32(256)]",float32,409600,,
conditional_detr_resnet50,703,model/tf.math.subtract_9/Sub,"[np.int32(1), np.int32(400), np.int32(256)]",float32,409600,,
conditional_detr_resnet50,704,model/tf.__operators__.add_17/AddV2,"[np.int32(1), np.int32(400), np.int32(256)]",float32,409600,,
conditional_detr_resnet50,705,model/tf.linalg.matmul_38/MatMul;model/tf.nn.relu_53/Relu;model/tf.math.add_112/Add,"[np.int32(1), np.int32(400), np.int32(2048)]",float32,3276800,,
conditional_detr_resnet50,706,model/tf.linalg.matmul_39/MatMul;model/tf.math.add_113/Add,"[np.int32(1), np.int32(400), np.int32(256)]",float32,409600,,
conditional_detr_resnet50,707,model/tf.math.add_114/Add,"[np.int32(1), np.int32(400), np.int32(256)]",float32,409600,,
conditional_detr_resnet50,708,model/tf.math.reduce_mean_18/Mean,"[np.int32(1), np.int32(400), np.int32(1)]",float32,1600,,
conditional_detr_resnet50,709,model/tf.math.squared_difference_9/SquaredDifference,"[np.int32(1), np.int32(400), np.int32(256)]",float32,409600,,
conditional_detr_resnet50,710,model/tf.math.reduce_mean_19/Mean,"[np.int32(1), np.int32(400), np.int32(1)]",float32,1600,,
conditional_detr_resnet50,711,model/tf.__operators__.add_18/AddV2,"[np.int32(1), np.int32(400), np.int32(1)]",float32,1600,,
conditional_detr_resnet50,712,model/tf.math.rsqrt_9/Rsqrt,"[np.int32(1), np.int32(400), np.int32(1)]",float32,1600,,
conditional_detr_resnet50,713,model/tf.math.multiply_85/Mul,"[np.int32(1), np.int32(400), np.int32(256)]",float32,409600,,
conditional_detr_resnet50,714,model/tf.math.multiply_86/Mul,"[np.int32(1), np.int32(400), np.int32(256)]",float32,409600,,
conditional_detr_resnet50,715,model/tf.math.multiply_87/Mul,"[np.int32(1), np.int32(400), np.int32(256)]",float32,409600,,
conditional_detr_resnet50,716,model/tf.math.subtract_10/Sub,"[np.int32(1), np.int32(400), np.int32(256)]",float32,409600,,
conditional_detr_resnet50,717,model/tf.__operators__.add_19/AddV2,"[np.int32(1), np.int32(400), np.int32(256)]",float32,409600,,
conditional_detr_resnet50,718,model/tf.linalg.matmul_42/MatMul;model/tf.math.add_118/Add,"[np.int32(1), np.int32(400), np.int32(256)]",float32,409600,,
conditional_detr_resnet50,719,model/tf.reshape_42/Reshape,"[np.int32(1), np.int32(400), np.int32(8), np.int32(32)]",float32,409600,,
conditional_detr_resnet50,720,model/tf.compat.v1.transpose_26/transpose,"[np.int32(1), np.int32(8), np.int32(400), np.int32(32)]",float32,409600,,
conditional_detr_resnet50,721,model/tf.reshape_46/Reshape,"[np.int32(8), np.int32(400), np.int32(32)]",float32,409600,,
conditional_detr_resnet50,722,model/tf.math.add_115/Add,"[np.int32(1), np.int32(400), np.int32(256)]",float32,409600,,
conditional_detr_resnet50,723,model/tf.linalg.matmul_40/MatMul;model/tf.math.add_116/Add;model/tf.math.multiply_88/Mul,"[np.int32(1), np.int32(400), np.int32(256)]",float32,409600,,
conditional_detr_resnet50,724,model/tf.reshape_43/Reshape,"[np.int32(1), np.int32(400), np.int32(8), np.int32(32)]",float32,409600,,
conditional_detr_resnet50,725,model/tf.compat.v1.transpose_27/transpose,"[np.int32(1), np.int32(8), np.int32(400), np.int32(32)]",float32,409600,,
conditional_detr_resnet50,726,model/tf.reshape_44/Reshape,"[np.int32(8), np.int32(400), np.int32(32)]",float32,409600,,
conditional_detr_resnet50,727,model/tf.linalg.matmul_41/MatMul;model/tf.math.add_117/Add,"[np.int32(1), np.int32(400), np.int32(256)]",float32,409600,,
conditional_detr_resnet50,728,model/tf.reshape_41/Reshape,"[np.int32(1), np.int32(400), np.int32(8), np.int32(32)]",float32,409600,,
conditional_detr_resnet50,729,model/tf.compat.v1.transpose_25/transpose,"[np.int32(1), np.int32(8), np.int32(400), np.int32(32)]",float32,409600,,
conditional_detr_resnet50,730,model/tf.reshape_45/Reshape,"[np.int32(8), np.int32(400), np.int32(32)]",float32,409600,,
conditional_detr_resnet50,731,model/tf.compat.v1.transpose_28/transpose,"[np.int32(8), np.int32(32), np.int32(400)]",float32,409600,,
conditional_detr_resnet50,732,model/tf.linalg.matmul_43/MatMul,"[np.int32(8), np.int32(400), np.int32(400)]",float32,5120000,,
conditional_detr_resnet50,733,model/tf.nn.softmax_5/Softmax,"[np.int32(8), np.int32(400), np.int32(400)]",float32,5120000,,
conditional_detr_resnet50,734,model/tf.linalg.matmul_44/MatMul,"[np.int32(8), np.int32(400), np.int32(32)]",float32,409600,,
conditional_detr_resnet50,735,model/tf.reshape_47/Reshape,"[np.int32(1), np.int32(8), np.int32(400), np.int32(32)]",float32,409600,,
conditional_detr_resnet50,736,model/tf.compat.v1.transpose_29/transpose,"[np.int32(1), np.int32(400), np.int32(8), np.int32(32)]",float32,409600,,
conditional_detr_resnet50,737,model/tf.reshape_48/Reshape,"[np.int32(1), np.int32(400), np.int32(256)]",float32,409600,,
conditional_detr_resnet50,738,model/tf.linalg.matmul_45/MatMul;model/tf.math.add_119/Add,"[np.int32(1), np.int32(400), np.int32(256)]",float32,409600,,
conditional_detr_resnet50,739,model/tf.math.add_120/Add,"[np.int32(1), np.int32(400), np.int32(256)]",float32,409600,,
conditional_detr_resnet50,740,model/tf.math.reduce_mean_20/Mean,"[np.int32(1), np.int32(400), np.int32(1)]",float32,1600,,
conditional_detr_resnet50,741,model/tf.math.squared_difference_10/SquaredDifference,"[np.int32(1), np.int32(400), np.int32(256)]",float32,409600,,
conditional_detr_resnet50,742,model/tf.math.reduce_mean_21/Mean,"[np.int32(1), np.int32(400), np.int32(1)]",float32,1600,,
conditional_detr_resnet50,743,model/tf.__operators__.add_20/AddV2,"[np.int32(1), np.int32(400), np.int32(1)]",float32,1600,,
conditional_detr_resnet50,744,model/tf.math.rsqrt_10/Rsqrt,"[np.int32(1), np.int32(400), np.int32(1)]",float32,1600,,
conditional_detr_resnet50,745,model/tf.math.multiply_89/Mul,"[np.int32(1), np.int32(400), np.int32(256)]",float32,409600,,
conditional_detr_resnet50,746,model/tf.math.multiply_90/Mul,"[np.int32(1), np.int32(400), np.int32(256)]",float32,409600,,
conditional_detr_resnet50,747,model/tf.math.multiply_91/Mul,"[np.int32(1), np.int32(400), np.int32(256)]",float32,409600,,
conditional_detr_resnet50,748,model/tf.math.subtract_11/Sub,"[np.int32(1), np.int32(400), np.int32(256)]",float32,409600,,
conditional_detr_resnet50,749,model/tf.__operators__.add_21/AddV2,"[np.int32(1), np.int32(400), np.int32(256)]",float32,409600,,
conditional_detr_resnet50,750,model/tf.linalg.matmul_46/MatMul;model/tf.nn.relu_54/Relu;model/tf.math.add_121/Add,"[np.int32(1), np.int32(400), np.int32(2048)]",float32,3276800,,
conditional_detr_resnet50,751,model/tf.linalg.matmul_47/MatMul;model/tf.math.add_122/Add,"[np.int32(1), np.int32(400), np.int32(256)]",float32,409600,,
conditional_detr_resnet50,752,model/tf.math.add_123/Add,"[np.int32(1), np.int32(400), np.int32(256)]",float32,409600,,
conditional_detr_resnet50,753,model/tf.math.reduce_mean_22/Mean,"[np.int32(1), np.int32(400), np.int32(1)]",float32,1600,,
conditional_detr_resnet50,754,model/tf.math.squared_difference_11/SquaredDifference,"[np.int32(1), np.int32(400), np.int32(256)]",float32,409600,,
conditional_detr_resnet50,755,model/tf.math.reduce_mean_23/Mean,"[np.int32(1), np.int32(400), np.int32(1)]",float32,1600,,
conditional_detr_resnet50,756,model/tf.__operators__.add_22/AddV2,"[np.int32(1), np.int32(400), np.int32(1)]",float32,1600,,
conditional_detr_resnet50,757,model/tf.math.rsqrt_11/Rsqrt,"[np.int32(1), np.int32(400), np.int32(1)]",float32,1600,,
conditional_detr_resnet50,758,model/tf.math.multiply_92/Mul,"[np.int32(1), np.int32(400), np.int32(256)]",float32,409600,,
conditional_detr_resnet50,759,model/tf.math.multiply_93/Mul,"[np.int32(1), np.int32(400), np.int32(256)]",float32,409600,,
conditional_detr_resnet50,760,model/tf.math.multiply_94/Mul,"[np.int32(1), np.int32(400), np.int32(256)]",float32,409600,,
conditional_detr_resnet50,761,model/tf.math.subtract_12/Sub,"[np.int32(1), np.int32(400), np.int32(256)]",float32,409600,,
conditional_detr_resnet50,762,model/tf.__operators__.add_23/AddV2,"[np.int32(1), np.int32(400), np.int32(256)]",float32,409600,,
conditional_detr_resnet50,763,model/tf.linalg.matmul_115/MatMul;model/tf.math.add_196/Add,"[np.int32(1), np.int32(400), np.int32(256)]",float32,409600,,
conditional_detr_resnet50,764,model/tf.reshape_123/Reshape,"[np.int32(1), np.int32(400), np.int32(8), np.int32(32)]",float32,409600,,
conditional_detr_resnet50,765,model/tf.concat_8/.model/model/decoder/4/Concat_1,"[np.int32(1), np.int32(400), np.int32(8), np.int32(64)]",float32,819200,,
conditional_detr_resnet50,766,model/tf.compat.v1.transpose_69/transpose,"[np.int32(1), np.int32(8), np.int32(400), np.int32(64)]",float32,819200,,
conditional_detr_resnet50,767,model/tf.reshape_127/Reshape,"[np.int32(8), np.int32(400), np.int32(64)]",float32,819200,,
conditional_detr_resnet50,768,model/tf.compat.v1.transpose_72/transpose,"[np.int32(8), np.int32(64), np.int32(400)]",float32,819200,,
conditional_detr_resnet50,769,model/tf.linalg.matmul_116/MatMul;model/tf.math.add_197/Add,"[np.int32(1), np.int32(400), np.int32(256)]",float32,409600,,
conditional_detr_resnet50,770,model/tf.reshape_124/Reshape,"[np.int32(1), np.int32(400), np.int32(8), np.int32(32)]",float32,409600,,
conditional_detr_resnet50,771,model/tf.compat.v1.transpose_70/transpose,"[np.int32(1), np.int32(8), np.int32(400), np.int32(32)]",float32,409600,,
conditional_detr_resnet50,772,model/tf.reshape_128/Reshape,"[np.int32(8), np.int32(400), np.int32(32)]",float32,409600,,
conditional_detr_resnet50,773,model/tf.linalg.matmul_132/MatMul;model/tf.math.add_214/Add,"[np.int32(1), np.int32(400), np.int32(256)]",float32,409600,,
conditional_detr_resnet50,774,model/tf.reshape_142/Reshape,"[np.int32(1), np.int32(400), np.int32(8), np.int32(32)]",float32,409600,,
conditional_detr_resnet50,775,model/tf.concat_10/.model/model/decoder/5/Concat_1,"[np.int32(1), np.int32(400), np.int32(8), np.int32(64)]",float32,819200,,
conditional_detr_resnet50,776,model/tf.compat.v1.transpose_79/transpose,"[np.int32(1), np.int32(8), np.int32(400), np.int32(64)]",float32,819200,,
conditional_detr_resnet50,777,model/tf.reshape_146/Reshape,"[np.int32(8), np.int32(400), np.int32(64)]",float32,819200,,
conditional_detr_resnet50,778,model/tf.compat.v1.transpose_82/transpose,"[np.int32(8), np.int32(64), np.int32(400)]",float32,819200,,
conditional_detr_resnet50,779,model/tf.linalg.matmul_133/MatMul;model/tf.math.add_215/Add,"[np.int32(1), np.int32(400), np.int32(256)]",float32,409600,,
conditional_detr_resnet50,780,model/tf.reshape_143/Reshape,"[np.int32(1), np.int32(400), np.int32(8), np.int32(32)]",float32,409600,,
conditional_detr_resnet50,781,model/tf.compat.v1.transpose_80/transpose,"[np.int32(1), np.int32(8), np.int32(400), np.int32(32)]",float32,409600,,
conditional_detr_resnet50,782,model/tf.reshape_147/Reshape,"[np.int32(8), np.int32(400), np.int32(32)]",float32,409600,,
conditional_detr_resnet50,783,model/tf.linalg.matmul_48/MatMul,"[np.int32(1), np.int32(400), np.int32(256)]",float32,409600,,
conditional_detr_resnet50,784,model/tf.math.add_126/Add;model/9022;model/tf.math.add_124/Add;model/tf.math.add_126/Add/y,"[np.int32(1), np.int32(400), np.int32(256)]",float32,409600,,
conditional_detr_resnet50,785,model/tf.reshape_49/Reshape,"[np.int32(1), np.int32(400), np.int32(8), np.int32(32)]",float32,409600,,
conditional_detr_resnet50,786,model/tf.concat/.model/model/decoder/0/Concat_1,"[np.int32(1), np.int32(400), np.int32(8), np.int32(64)]",float32,819200,,
conditional_detr_resnet50,787,model/tf.compat.v1.transpose_30/transpose,"[np.int32(1), np.int32(8), np.int32(400), np.int32(64)]",float32,819200,,
conditional_detr_resnet50,788,model/tf.reshape_51/Reshape,"[np.int32(8), np.int32(400), np.int32(64)]",float32,819200,,
conditional_detr_resnet50,789,model/tf.compat.v1.transpose_32/transpose,"[np.int32(8), np.int32(64), np.int32(400)]",float32,819200,,
conditional_detr_resnet50,790,model/tf.linalg.matmul_50/MatMul,"[np.int32(8), np.int32(300), np.int32(400)]",float32,3840000,,
conditional_detr_resnet50,791,model/tf.nn.softmax_6/Softmax,"[np.int32(8), np.int32(300), np.int32(400)]",float32,3840000,,
conditional_detr_resnet50,792,model/tf.linalg.matmul_49/MatMul;model/tf.math.add_125/Add,"[np.int32(1), np.int32(400), np.int32(256)]",float32,409600,,
conditional_detr_resnet50,793,model/tf.reshape_50/Reshape,"[np.int32(1), np.int32(400), np.int32(8), np.int32(32)]",float32,409600,,
conditional_detr_resnet50,794,model/tf.compat.v1.transpose_31/transpose,"[np.int32(1), np.int32(8), np.int32(400), np.int32(32)]",float32,409600,,
conditional_detr_resnet50,795,model/tf.reshape_52/Reshape,"[np.int32(8), np.int32(400), np.int32(32)]",float32,409600,,
conditional_detr_resnet50,796,model/tf.linalg.matmul_51/MatMul,"[np.int32(8), np.int32(300), np.int32(32)]",float32,307200,,
conditional_detr_resnet50,797,model/tf.reshape_53/Reshape,"[np.int32(1), np.int32(8), np.int32(300), np.int32(32)]",float32,307200,,
conditional_detr_resnet50,798,model/tf.compat.v1.transpose_33/transpose,"[np.int32(1), np.int32(300), np.int32(8), np.int32(32)]",float32,307200,,
conditional_detr_resnet50,799,model/tf.reshape_54/Reshape,"[np.int32(1), np.int32(300), np.int32(256)]",float32,307200,,
conditional_detr_resnet50,800,model/tf.linalg.matmul_52/MatMul,"[np.int32(1), np.int32(300), np.int32(256)]",float32,307200,,
conditional_detr_resnet50,801,model/tf.math.add_128/Add;model/9064;model/tf.math.add_127/Add;model/9067,"[np.int32(1), np.int32(300), np.int32(256)]",float32,307200,,
conditional_detr_resnet50,802,model/tf.math.reduce_mean_24/Mean,"[np.int32(1), np.int32(300), np.int32(1)]",float32,1200,,
conditional_detr_resnet50,803,model/tf.math.squared_difference_12/SquaredDifference,"[np.int32(1), np.int32(300), np.int32(256)]",float32,307200,,
conditional_detr_resnet50,804,model/tf.math.reduce_mean_25/Mean,"[np.int32(1), np.int32(300), np.int32(1)]",float32,1200,,
conditional_detr_resnet50,805,model/tf.__operators__.add_24/AddV2,"[np.int32(1), np.int32(300), np.int32(1)]",float32,1200,,
conditional_detr_resnet50,806,model/tf.math.rsqrt_12/Rsqrt,"[np.int32(1), np.int32(300), np.int32(1)]",float32,1200,,
conditional_detr_resnet50,807,model/tf.math.multiply_95/Mul,"[np.int32(1), np.int32(300), np.int32(256)]",float32,307200,,
conditional_detr_resnet50,808,model/tf.math.multiply_96/Mul,"[np.int32(1), np.int32(300), np.int32(256)]",float32,307200,,
conditional_detr_resnet50,809,model/tf.math.multiply_97/Mul,"[np.int32(1), np.int32(300), np.int32(256)]",float32,307200,,
conditional_detr_resnet50,810,model/tf.math.subtract_13/Sub,"[np.int32(1), np.int32(300), np.int32(256)]",float32,307200,,
conditional_detr_resnet50,811,model/tf.__operators__.add_25/AddV2,"[np.int32(1), np.int32(300), np.int32(256)]",float32,307200,,
conditional_detr_resnet50,812,model/tf.linalg.matmul_53/MatMul;model/tf.nn.relu_55/Relu;model/tf.math.add_129/Add,"[np.int32(1), np.int32(300), np.int32(2048)]",float32,2457600,,
conditional_detr_resnet50,813,model/tf.linalg.matmul_54/MatMul;model/tf.math.add_130/Add,"[np.int32(1), np.int32(300), np.int32(256)]",float32,307200,,
conditional_detr_resnet50,814,model/tf.math.add_131/Add,"[np.int32(1), np.int32(300), np.int32(256)]",float32,307200,,
conditional_detr_resnet50,815,model/tf.math.reduce_mean_26/Mean,"[np.int32(1), np.int32(300), np.int32(1)]",float32,1200,,
conditional_detr_resnet50,816,model/tf.math.squared_difference_13/SquaredDifference,"[np.int32(1), np.int32(300), np.int32(256)]",float32,307200,,
conditional_detr_resnet50,817,model/tf.math.reduce_mean_27/Mean,"[np.int32(1), np.int32(300), np.int32(1)]",float32,1200,,
conditional_detr_resnet50,818,model/tf.__operators__.add_26/AddV2,"[np.int32(1), np.int32(300), np.int32(1)]",float32,1200,,
conditional_detr_resnet50,819,model/tf.math.rsqrt_13/Rsqrt,"[np.int32(1), np.int32(300), np.int32(1)]",float32,1200,,
conditional_detr_resnet50,820,model/tf.math.multiply_98/Mul,"[np.int32(1), np.int32(300), np.int32(256)]",float32,307200,,
conditional_detr_resnet50,821,model/tf.math.multiply_100/Mul,"[np.int32(1), np.int32(300), np.int32(256)]",float32,307200,,
conditional_detr_resnet50,822,model/tf.math.subtract_14/Sub,"[np.int32(1), np.int32(300), np.int32(256)]",float32,307200,,
conditional_detr_resnet50,823,model/tf.math.multiply_99/Mul,"[np.int32(1), np.int32(300), np.int32(256)]",float32,307200,,
conditional_detr_resnet50,824,model/tf.__operators__.add_27/AddV2,"[np.int32(1), np.int32(300), np.int32(256)]",float32,307200,,
conditional_detr_resnet50,825,model/tf.linalg.matmul_55/MatMul;model/tf.nn.relu_56/Relu;model/tf.math.add_132/Add,"[np.int32(1), np.int32(300), np.int32(256)]",float32,307200,,
conditional_detr_resnet50,826,model/tf.linalg.matmul_56/MatMul;model/tf.math.add_133/Add,"[np.int32(1), np.int32(300), np.int32(256)]",float32,307200,,
conditional_detr_resnet50,827,model/tf.math.multiply_101/Mul,"[np.int32(1), np.int32(300), np.int32(256)]",float32,307200,,
conditional_detr_resnet50,828,model/tf.linalg.matmul_66/MatMul;model/tf.math.add_144/Add,"[np.int32(1), np.int32(300), np.int32(256)]",float32,307200,,
conditional_detr_resnet50,829,model/tf.reshape_64/Reshape,"[np.int32(1), np.int32(300), np.int32(8), np.int32(32)]",float32,307200,,
conditional_detr_resnet50,830,model/tf.linalg.matmul_57/MatMul,"[np.int32(1), np.int32(300), np.int32(256)]",float32,307200,,
conditional_detr_resnet50,831,model/tf.math.add_137/Add;model/9125;model/tf.math.add_134/Add;model/tf.math.add_137/Add/y,"[np.int32(1), np.int32(300), np.int32(256)]",float32,307200,,
conditional_detr_resnet50,832,model/tf.math.multiply_102/Mul,"[np.int32(1), np.int32(300), np.int32(256)]",float32,307200,,
conditional_detr_resnet50,833,model/tf.reshape_57/Reshape,"[np.int32(1), np.int32(300), np.int32(8), np.int32(32)]",float32,307200,,
conditional_detr_resnet50,834,model/tf.compat.v1.transpose_36/transpose,"[np.int32(1), np.int32(8), np.int32(300), np.int32(32)]",float32,307200,,
conditional_detr_resnet50,835,model/tf.reshape_58/Reshape,"[np.int32(8), np.int32(300), np.int32(32)]",float32,307200,,
conditional_detr_resnet50,836,model/tf.linalg.matmul_58/MatMul,"[np.int32(1), np.int32(300), np.int32(256)]",float32,307200,,
conditional_detr_resnet50,837,model/tf.math.add_138/Add;model/9118;model/tf.math.add_135/Add;model/tf.math.add_138/Add/y,"[np.int32(1), np.int32(300), np.int32(256)]",float32,307200,,
conditional_detr_resnet50,838,model/tf.reshape_55/Reshape,"[np.int32(1), np.int32(300), np.int32(8), np.int32(32)]",float32,307200,,
conditional_detr_resnet50,839,model/tf.compat.v1.transpose_34/transpose,"[np.int32(1), np.int32(8), np.int32(300), np.int32(32)]",float32,307200,,
conditional_detr_resnet50,840,model/tf.reshape_59/Reshape,"[np.int32(8), np.int32(300), np.int32(32)]",float32,307200,,
conditional_detr_resnet50,841,model/tf.compat.v1.transpose_37/transpose,"[np.int32(8), np.int32(32), np.int32(300)]",float32,307200,,
conditional_detr_resnet50,842,model/tf.linalg.matmul_60/MatMul,"[np.int32(8), np.int32(300), np.int32(300)]",float32,2880000,,
conditional_detr_resnet50,843,model/tf.nn.softmax_7/Softmax,"[np.int32(8), np.int32(300), np.int32(300)]",float32,2880000,,
conditional_detr_resnet50,844,model/tf.linalg.matmul_59/MatMul;model/tf.math.add_136/Add,"[np.int32(1), np.int32(300), np.int32(256)]",float32,307200,,
conditional_detr_resnet50,845,model/tf.reshape_56/Reshape,"[np.int32(1), np.int32(300), np.int32(8), np.int32(32)]",float32,307200,,
conditional_detr_resnet50,846,model/tf.compat.v1.transpose_35/transpose,"[np.int32(1), np.int32(8), np.int32(300), np.int32(32)]",float32,307200,,
conditional_detr_resnet50,847,model/tf.reshape_60/Reshape,"[np.int32(8), np.int32(300), np.int32(32)]",float32,307200,,
conditional_detr_resnet50,848,model/tf.linalg.matmul_61/MatMul,"[np.int32(8), np.int32(300), np.int32(32)]",float32,307200,,
conditional_detr_resnet50,849,model/tf.reshape_61/Reshape,"[np.int32(1), np.int32(8), np.int32(300), np.int32(32)]",float32,307200,,
conditional_detr_resnet50,850,model/tf.compat.v1.transpose_38/transpose,"[np.int32(1), np.int32(300), np.int32(8), np.int32(32)]",float32,307200,,
conditional_detr_resnet50,851,model/tf.reshape_62/Reshape,"[np.int32(1), np.int32(300), np.int32(256)]",float32,307200,,
conditional_detr_resnet50,852,model/tf.linalg.matmul_62/MatMul;model/tf.math.add_139/Add,"[np.int32(1), np.int32(300), np.int32(256)]",float32,307200,,
conditional_detr_resnet50,853,model/tf.math.add_140/Add,"[np.int32(1), np.int32(300), np.int32(256)]",float32,307200,,
conditional_detr_resnet50,854,model/tf.math.reduce_mean_28/Mean,"[np.int32(1), np.int32(300), np.int32(1)]",float32,1200,,
conditional_detr_resnet50,855,model/tf.math.squared_difference_14/SquaredDifference,"[np.int32(1), np.int32(300), np.int32(256)]",float32,307200,,
conditional_detr_resnet50,856,model/tf.math.reduce_mean_29/Mean,"[np.int32(1), np.int32(300), np.int32(1)]",float32,1200,,
conditional_detr_resnet50,857,model/tf.__operators__.add_28/AddV2,"[np.int32(1), np.int32(300), np.int32(1)]",float32,1200,,
conditional_detr_resnet50,858,model/tf.math.rsqrt_14/Rsqrt,"[np.int32(1), np.int32(300), np.int32(1)]",float32,1200,,
conditional_detr_resnet50,859,model/tf.math.multiply_103/Mul,"[np.int32(1), np.int32(300), np.int32(256)]",float32,307200,,
conditional_detr_resnet50,860,model/tf.math.multiply_104/Mul,"[np.int32(1), np.int32(300), np.int32(256)]",float32,307200,,
conditional_detr_resnet50,861,model/tf.math.multiply_105/Mul,"[np.int32(1), np.int32(300), np.int32(256)]",float32,307200,,
conditional_detr_resnet50,862,model/tf.math.subtract_15/Sub,"[np.int32(1), np.int32(300), np.int32(256)]",float32,307200,,
conditional_detr_resnet50,863,model/tf.__operators__.add_29/AddV2,"[np.int32(1), np.int32(300), np.int32(256)]",float32,307200,,
conditional_detr_resnet50,864,model/tf.linalg.matmul_63/MatMul;model/tf.math.add_141/Add,"[np.int32(1), np.int32(300), np.int32(256)]",float32,307200,,
conditional_detr_resnet50,865,model/tf.reshape_63/Reshape,"[np.int32(1), np.int32(300), np.int32(8), np.int32(32)]",float32,307200,,
conditional_detr_resnet50,866,model/tf.concat_1/.model/model/decoder/1/Concat,"[np.int32(1), np.int32(300), np.int32(8), np.int32(64)]",float32,614400,,
conditional_detr_resnet50,867,model/tf.math.multiply_106/Mul;model/tf.reshape_65/Reshape,"[np.int32(1), np.int32(300), np.int32(8), np.int32(64)]",float32,614400,,
conditional_detr_resnet50,868,model/tf.compat.v1.transpose_41/transpose,"[np.int32(1), np.int32(8), np.int32(300), np.int32(64)]",float32,614400,,
conditional_detr_resnet50,869,model/tf.reshape_69/Reshape,"[np.int32(8), np.int32(300), np.int32(64)]",float32,614400,,
conditional_detr_resnet50,870,model/tf.linalg.matmul_64/MatMul;model/tf.math.add_142/Add,"[np.int32(1), np.int32(400), np.int32(256)]",float32,409600,,
conditional_detr_resnet50,871,model/tf.reshape_66/Reshape,"[np.int32(1), np.int32(400), np.int32(8), np.int32(32)]",float32,409600,,
conditional_detr_resnet50,872,model/tf.concat_2/.model/model/decoder/1/Concat_1,"[np.int32(1), np.int32(400), np.int32(8), np.int32(64)]",float32,819200,,
conditional_detr_resnet50,873,model/tf.compat.v1.transpose_39/transpose,"[np.int32(1), np.int32(8), np.int32(400), np.int32(64)]",float32,819200,,
conditional_detr_resnet50,874,model/tf.reshape_70/Reshape,"[np.int32(8), np.int32(400), np.int32(64)]",float32,819200,,
conditional_detr_resnet50,875,model/tf.compat.v1.transpose_42/transpose,"[np.int32(8), np.int32(64), np.int32(400)]",float32,819200,,
conditional_detr_resnet50,876,model/tf.linalg.matmul_67/MatMul,"[np.int32(8), np.int32(300), np.int32(400)]",float32,3840000,,
conditional_detr_resnet50,877,model/tf.nn.softmax_8/Softmax,"[np.int32(8), np.int32(300), np.int32(400)]",float32,3840000,,
conditional_detr_resnet50,878,model/tf.linalg.matmul_65/MatMul;model/tf.math.add_143/Add,"[np.int32(1), np.int32(400), np.int32(256)]",float32,409600,,
conditional_detr_resnet50,879,model/tf.reshape_67/Reshape,"[np.int32(1), np.int32(400), np.int32(8), np.int32(32)]",float32,409600,,
conditional_detr_resnet50,880,model/tf.compat.v1.transpose_40/transpose,"[np.int32(1), np.int32(8), np.int32(400), np.int32(32)]",float32,409600,,
conditional_detr_resnet50,881,model/tf.reshape_71/Reshape,"[np.int32(8), np.int32(400), np.int32(32)]",float32,409600,,
conditional_detr_resnet50,882,model/tf.linalg.matmul_68/MatMul,"[np.int32(8), np.int32(300), np.int32(32)]",float32,307200,,
conditional_detr_resnet50,883,model/tf.reshape_72/Reshape,"[np.int32(1), np.int32(8), np.int32(300), np.int32(32)]",float32,307200,,
conditional_detr_resnet50,884,model/tf.compat.v1.transpose_43/transpose,"[np.int32(1), np.int32(300), np.int32(8), np.int32(32)]",float32,307200,,
conditional_detr_resnet50,885,model/tf.reshape_73/Reshape,"[np.int32(1), np.int32(300), np.int32(256)]",float32,307200,,
conditional_detr_resnet50,886,model/tf.linalg.matmul_69/MatMul;model/tf.math.add_145/Add,"[np.int32(1), np.int32(300), np.int32(256)]",float32,307200,,
conditional_detr_resnet50,887,model/tf.math.add_146/Add,"[np.int32(1), np.int32(300), np.int32(256)]",float32,307200,,
conditional_detr_resnet50,888,model/tf.math.reduce_mean_30/Mean,"[np.int32(1), np.int32(300), np.int32(1)]",float32,1200,,
conditional_detr_resnet50,889,model/tf.math.squared_difference_15/SquaredDifference,"[np.int32(1), np.int32(300), np.int32(256)]",float32,307200,,
conditional_detr_resnet50,890,model/tf.math.reduce_mean_31/Mean,"[np.int32(1), np.int32(300), np.int32(1)]",float32,1200,,
conditional_detr_resnet50,891,model/tf.__operators__.add_30/AddV2,"[np.int32(1), np.int32(300), np.int32(1)]",float32,1200,,
conditional_detr_resnet50,892,model/tf.math.rsqrt_15/Rsqrt,"[np.int32(1), np.int32(300), np.int32(1)]",float32,1200,,
conditional_detr_resnet50,893,model/tf.math.multiply_107/Mul,"[np.int32(1), np.int32(300), np.int32(256)]",float32,307200,,
conditional_detr_resnet50,894,model/tf.math.multiply_108/Mul,"[np.int32(1), np.int32(300), np.int32(256)]",float32,307200,,
conditional_detr_resnet50,895,model/tf.math.multiply_109/Mul,"[np.int32(1), np.int32(300), np.int32(256)]",float32,307200,,
conditional_detr_resnet50,896,model/tf.math.subtract_16/Sub,"[np.int32(1), np.int32(300), np.int32(256)]",float32,307200,,
conditional_detr_resnet50,897,model/tf.__operators__.add_31/AddV2,"[np.int32(1), np.int32(300), np.int32(256)]",float32,307200,,
conditional_detr_resnet50,898,model/tf.linalg.matmul_70/MatMul;model/tf.nn.relu_57/Relu;model/tf.math.add_147/Add,"[np.int32(1), np.int32(300), np.int32(2048)]",float32,2457600,,
conditional_detr_resnet50,899,model/tf.linalg.matmul_71/MatMul;model/tf.math.add_148/Add,"[np.int32(1), np.int32(300), np.int32(256)]",float32,307200,,
conditional_detr_resnet50,900,model/tf.math.add_149/Add,"[np.int32(1), np.int32(300), np.int32(256)]",float32,307200,,
conditional_detr_resnet50,901,model/tf.math.reduce_mean_32/Mean,"[np.int32(1), np.int32(300), np.int32(1)]",float32,1200,,
conditional_detr_resnet50,902,model/tf.math.squared_difference_16/SquaredDifference,"[np.int32(1), np.int32(300), np.int32(256)]",float32,307200,,
conditional_detr_resnet50,903,model/tf.math.reduce_mean_33/Mean,"[np.int32(1), np.int32(300), np.int32(1)]",float32,1200,,
conditional_detr_resnet50,904,model/tf.__operators__.add_32/AddV2,"[np.int32(1), np.int32(300), np.int32(1)]",float32,1200,,
conditional_detr_resnet50,905,model/tf.math.rsqrt_16/Rsqrt,"[np.int32(1), np.int32(300), np.int32(1)]",float32,1200,,
conditional_detr_resnet50,906,model/tf.math.multiply_110/Mul,"[np.int32(1), np.int32(300), np.int32(256)]",float32,307200,,
conditional_detr_resnet50,907,model/tf.math.multiply_111/Mul,"[np.int32(1), np.int32(300), np.int32(256)]",float32,307200,,
conditional_detr_resnet50,908,model/tf.math.multiply_112/Mul,"[np.int32(1), np.int32(300), np.int32(256)]",float32,307200,,
conditional_detr_resnet50,909,model/tf.math.subtract_17/Sub,"[np.int32(1), np.int32(300), np.int32(256)]",float32,307200,,
conditional_detr_resnet50,910,model/tf.__operators__.add_33/AddV2,"[np.int32(1), np.int32(300), np.int32(256)]",float32,307200,,
conditional_detr_resnet50,911,model/tf.linalg.matmul_72/MatMul;model/tf.nn.relu_58/Relu;model/tf.math.add_150/Add,"[np.int32(1), np.int32(300), np.int32(256)]",float32,307200,,
conditional_detr_resnet50,912,model/tf.linalg.matmul_73/MatMul;model/tf.math.add_151/Add,"[np.int32(1), np.int32(300), np.int32(256)]",float32,307200,,
conditional_detr_resnet50,913,model/tf.math.multiply_113/Mul,"[np.int32(1), np.int32(300), np.int32(256)]",float32,307200,,
conditional_detr_resnet50,914,model/tf.linalg.matmul_83/MatMul;model/tf.math.add_162/Add,"[np.int32(1), np.int32(300), np.int32(256)]",float32,307200,,
conditional_detr_resnet50,915,model/tf.reshape_83/Reshape,"[np.int32(1), np.int32(300), np.int32(8), np.int32(32)]",float32,307200,,
conditional_detr_resnet50,916,model/tf.linalg.matmul_74/MatMul,"[np.int32(1), np.int32(300), np.int32(256)]",float32,307200,,
conditional_detr_resnet50,917,model/tf.math.add_155/Add;model/9329;model/tf.math.add_152/Add;model/tf.math.add_155/Add/y,"[np.int32(1), np.int32(300), np.int32(256)]",float32,307200,,
conditional_detr_resnet50,918,model/tf.math.multiply_114/Mul,"[np.int32(1), np.int32(300), np.int32(256)]",float32,307200,,
conditional_detr_resnet50,919,model/tf.reshape_76/Reshape,"[np.int32(1), np.int32(300), np.int32(8), np.int32(32)]",float32,307200,,
conditional_detr_resnet50,920,model/tf.compat.v1.transpose_46/transpose,"[np.int32(1), np.int32(8), np.int32(300), np.int32(32)]",float32,307200,,
conditional_detr_resnet50,921,model/tf.reshape_77/Reshape,"[np.int32(8), np.int32(300), np.int32(32)]",float32,307200,,
conditional_detr_resnet50,922,model/tf.linalg.matmul_75/MatMul,"[np.int32(1), np.int32(300), np.int32(256)]",float32,307200,,
conditional_detr_resnet50,923,model/tf.math.add_156/Add;model/9322;model/tf.math.add_153/Add;model/tf.math.add_156/Add/y,"[np.int32(1), np.int32(300), np.int32(256)]",float32,307200,,
conditional_detr_resnet50,924,model/tf.reshape_74/Reshape,"[np.int32(1), np.int32(300), np.int32(8), np.int32(32)]",float32,307200,,
conditional_detr_resnet50,925,model/tf.compat.v1.transpose_44/transpose,"[np.int32(1), np.int32(8), np.int32(300), np.int32(32)]",float32,307200,,
conditional_detr_resnet50,926,model/tf.reshape_78/Reshape,"[np.int32(8), np.int32(300), np.int32(32)]",float32,307200,,
conditional_detr_resnet50,927,model/tf.compat.v1.transpose_47/transpose,"[np.int32(8), np.int32(32), np.int32(300)]",float32,307200,,
conditional_detr_resnet50,928,model/tf.linalg.matmul_77/MatMul,"[np.int32(8), np.int32(300), np.int32(300)]",float32,2880000,,
conditional_detr_resnet50,929,model/tf.nn.softmax_9/Softmax,"[np.int32(8), np.int32(300), np.int32(300)]",float32,2880000,,
conditional_detr_resnet50,930,model/tf.linalg.matmul_76/MatMul;model/tf.math.add_154/Add,"[np.int32(1), np.int32(300), np.int32(256)]",float32,307200,,
conditional_detr_resnet50,931,model/tf.reshape_75/Reshape,"[np.int32(1), np.int32(300), np.int32(8), np.int32(32)]",float32,307200,,
conditional_detr_resnet50,932,model/tf.compat.v1.transpose_45/transpose,"[np.int32(1), np.int32(8), np.int32(300), np.int32(32)]",float32,307200,,
conditional_detr_resnet50,933,model/tf.reshape_79/Reshape,"[np.int32(8), np.int32(300), np.int32(32)]",float32,307200,,
conditional_detr_resnet50,934,model/tf.linalg.matmul_78/MatMul,"[np.int32(8), np.int32(300), np.int32(32)]",float32,307200,,
conditional_detr_resnet50,935,model/tf.reshape_80/Reshape,"[np.int32(1), np.int32(8), np.int32(300), np.int32(32)]",float32,307200,,
conditional_detr_resnet50,936,model/tf.compat.v1.transpose_48/transpose,"[np.int32(1), np.int32(300), np.int32(8), np.int32(32)]",float32,307200,,
conditional_detr_resnet50,937,model/tf.reshape_81/Reshape,"[np.int32(1), np.int32(300), np.int32(256)]",float32,307200,,
conditional_detr_resnet50,938,model/tf.linalg.matmul_79/MatMul;model/tf.math.add_157/Add,"[np.int32(1), np.int32(300), np.int32(256)]",float32,307200,,
conditional_detr_resnet50,939,model/tf.math.add_158/Add,"[np.int32(1), np.int32(300), np.int32(256)]",float32,307200,,
conditional_detr_resnet50,940,model/tf.math.reduce_mean_34/Mean,"[np.int32(1), np.int32(300), np.int32(1)]",float32,1200,,
conditional_detr_resnet50,941,model/tf.math.squared_difference_17/SquaredDifference,"[np.int32(1), np.int32(300), np.int32(256)]",float32,307200,,
conditional_detr_resnet50,942,model/tf.math.reduce_mean_35/Mean,"[np.int32(1), np.int32(300), np.int32(1)]",float32,1200,,
conditional_detr_resnet50,943,model/tf.__operators__.add_34/AddV2,"[np.int32(1), np.int32(300), np.int32(1)]",float32,1200,,
conditional_detr_resnet50,944,model/tf.math.rsqrt_17/Rsqrt,"[np.int32(1), np.int32(300), np.int32(1)]",float32,1200,,
conditional_detr_resnet50,945,model/tf.math.multiply_115/Mul,"[np.int32(1), np.int32(300), np.int32(256)]",float32,307200,,
conditional_detr_resnet50,946,model/tf.math.multiply_116/Mul,"[np.int32(1), np.int32(300), np.int32(256)]",float32,307200,,
conditional_detr_resnet50,947,model/tf.math.multiply_117/Mul,"[np.int32(1), np.int32(300), np.int32(256)]",float32,307200,,
conditional_detr_resnet50,948,model/tf.math.subtract_18/Sub,"[np.int32(1), np.int32(300), np.int32(256)]",float32,307200,,
conditional_detr_resnet50,949,model/tf.__operators__.add_35/AddV2,"[np.int32(1), np.int32(300), np.int32(256)]",float32,307200,,
conditional_detr_resnet50,950,model/tf.linalg.matmul_80/MatMul;model/tf.math.add_159/Add,"[np.int32(1), np.int32(300), np.int32(256)]",float32,307200,,
conditional_detr_resnet50,951,model/tf.reshape_82/Reshape,"[np.int32(1), np.int32(300), np.int32(8), np.int32(32)]",float32,307200,,
conditional_detr_resnet50,952,model/tf.concat_3/.model/model/decoder/2/Concat,"[np.int32(1), np.int32(300), np.int32(8), np.int32(64)]",float32,614400,,
conditional_detr_resnet50,953,model/tf.math.multiply_118/Mul;model/tf.reshape_84/Reshape,"[np.int32(1), np.int32(300), np.int32(8), np.int32(64)]",float32,614400,,
conditional_detr_resnet50,954,model/tf.compat.v1.transpose_51/transpose,"[np.int32(1), np.int32(8), np.int32(300), np.int32(64)]",float32,614400,,
conditional_detr_resnet50,955,model/tf.reshape_88/Reshape,"[np.int32(8), np.int32(300), np.int32(64)]",float32,614400,,
conditional_detr_resnet50,956,model/tf.linalg.matmul_81/MatMul;model/tf.math.add_160/Add,"[np.int32(1), np.int32(400), np.int32(256)]",float32,409600,,
conditional_detr_resnet50,957,model/tf.reshape_85/Reshape,"[np.int32(1), np.int32(400), np.int32(8), np.int32(32)]",float32,409600,,
conditional_detr_resnet50,958,model/tf.concat_4/.model/model/decoder/2/Concat_1,"[np.int32(1), np.int32(400), np.int32(8), np.int32(64)]",float32,819200,,
conditional_detr_resnet50,959,model/tf.compat.v1.transpose_49/transpose,"[np.int32(1), np.int32(8), np.int32(400), np.int32(64)]",float32,819200,,
conditional_detr_resnet50,960,model/tf.reshape_89/Reshape,"[np.int32(8), np.int32(400), np.int32(64)]",float32,819200,,
conditional_detr_resnet50,961,model/tf.compat.v1.transpose_52/transpose,"[np.int32(8), np.int32(64), np.int32(400)]",float32,819200,,
conditional_detr_resnet50,962,model/tf.linalg.matmul_84/MatMul,"[np.int32(8), np.int32(300), np.int32(400)]",float32,3840000,,
conditional_detr_resnet50,963,model/tf.nn.softmax_10/Softmax,"[np.int32(8), np.int32(300), np.int32(400)]",float32,3840000,,
conditional_detr_resnet50,964,model/tf.linalg.matmul_82/MatMul;model/tf.math.add_161/Add,"[np.int32(1), np.int32(400), np.int32(256)]",float32,409600,,
conditional_detr_resnet50,965,model/tf.reshape_86/Reshape,"[np.int32(1), np.int32(400), np.int32(8), np.int32(32)]",float32,409600,,
conditional_detr_resnet50,966,model/tf.compat.v1.transpose_50/transpose,"[np.int32(1), np.int32(8), np.int32(400), np.int32(32)]",float32,409600,,
conditional_detr_resnet50,967,model/tf.linalg.matmul_98/MatMul;model/tf.math.add_178/Add,"[np.int32(1), np.int32(400), np.int32(256)]",float32,409600,,
conditional_detr_resnet50,968,model/tf.reshape_104/Reshape,"[np.int32(1), np.int32(400), np.int32(8), np.int32(32)]",float32,409600,,
conditional_detr_resnet50,969,model/tf.concat_6/.model/model/decoder/3/Concat_1,"[np.int32(1), np.int32(400), np.int32(8), np.int32(64)]",float32,819200,,
conditional_detr_resnet50,970,model/tf.compat.v1.transpose_59/transpose,"[np.int32(1), np.int32(8), np.int32(400), np.int32(64)]",float32,819200,,
conditional_detr_resnet50,971,model/tf.reshape_108/Reshape,"[np.int32(8), np.int32(400), np.int32(64)]",float32,819200,,
conditional_detr_resnet50,972,model/tf.compat.v1.transpose_62/transpose,"[np.int32(8), np.int32(64), np.int32(400)]",float32,819200,,
conditional_detr_resnet50,973,model/tf.linalg.matmul_99/MatMul;model/tf.math.add_179/Add,"[np.int32(1), np.int32(400), np.int32(256)]",float32,409600,,
conditional_detr_resnet50,974,model/tf.reshape_105/Reshape,"[np.int32(1), np.int32(400), np.int32(8), np.int32(32)]",float32,409600,,
conditional_detr_resnet50,975,model/tf.compat.v1.transpose_60/transpose,"[np.int32(1), np.int32(8), np.int32(400), np.int32(32)]",float32,409600,,
conditional_detr_resnet50,976,model/tf.reshape_109/Reshape,"[np.int32(8), np.int32(400), np.int32(32)]",float32,409600,,
conditional_detr_resnet50,977,model/tf.reshape_90/Reshape,"[np.int32(8), np.int32(400), np.int32(32)]",float32,409600,,
conditional_detr_resnet50,978,model/tf.linalg.matmul_85/MatMul,"[np.int32(8), np.int32(300), np.int32(32)]",float32,307200,,
conditional_detr_resnet50,979,model/tf.reshape_91/Reshape,"[np.int32(1), np.int32(8), np.int32(300), np.int32(32)]",float32,307200,,
conditional_detr_resnet50,980,model/tf.compat.v1.transpose_53/transpose,"[np.int32(1), np.int32(300), np.int32(8), np.int32(32)]",float32,307200,,
conditional_detr_resnet50,981,model/tf.reshape_92/Reshape,"[np.int32(1), np.int32(300), np.int32(256)]",float32,307200,,
conditional_detr_resnet50,982,model/tf.linalg.matmul_86/MatMul;model/tf.math.add_163/Add,"[np.int32(1), np.int32(300), np.int32(256)]",float32,307200,,
conditional_detr_resnet50,983,model/tf.math.add_164/Add,"[np.int32(1), np.int32(300), np.int32(256)]",float32,307200,,
conditional_detr_resnet50,984,model/tf.math.reduce_mean_36/Mean,"[np.int32(1), np.int32(300), np.int32(1)]",float32,1200,,
conditional_detr_resnet50,985,model/tf.math.squared_difference_18/SquaredDifference,"[np.int32(1), np.int32(300), np.int32(256)]",float32,307200,,
conditional_detr_resnet50,986,model/tf.math.reduce_mean_37/Mean,"[np.int32(1), np.int32(300), np.int32(1)]",float32,1200,,
conditional_detr_resnet50,987,model/tf.__operators__.add_36/AddV2,"[np.int32(1), np.int32(300), np.int32(1)]",float32,1200,,
conditional_detr_resnet50,988,model/tf.math.rsqrt_18/Rsqrt,"[np.int32(1), np.int32(300), np.int32(1)]",float32,1200,,
conditional_detr_resnet50,989,model/tf.math.multiply_119/Mul,"[np.int32(1), np.int32(300), np.int32(256)]",float32,307200,,
conditional_detr_resnet50,990,model/tf.math.multiply_120/Mul,"[np.int32(1), np.int32(300), np.int32(256)]",float32,307200,,
conditional_detr_resnet50,991,model/tf.math.multiply_121/Mul,"[np.int32(1), np.int32(300), np.int32(256)]",float32,307200,,
conditional_detr_resnet50,992,model/tf.math.subtract_19/Sub,"[np.int32(1), np.int32(300), np.int32(256)]",float32,307200,,
conditional_detr_resnet50,993,model/tf.__operators__.add_37/AddV2,"[np.int32(1), np.int32(300), np.int32(256)]",float32,307200,,
conditional_detr_resnet50,994,model/tf.linalg.matmul_87/MatMul;model/tf.nn.relu_59/Relu;model/tf.math.add_165/Add,"[np.int32(1), np.int32(300), np.int32(2048)]",float32,2457600,,
conditional_detr_resnet50,995,model/tf.linalg.matmul_88/MatMul;model/tf.math.add_166/Add,"[np.int32(1), np.int32(300), np.int32(256)]",float32,307200,,
conditional_detr_resnet50,996,model/tf.math.add_167/Add,"[np.int32(1), np.int32(300), np.int32(256)]",float32,307200,,
conditional_detr_resnet50,997,model/tf.math.reduce_mean_38/Mean,"[np.int32(1), np.int32(300), np.int32(1)]",float32,1200,,
conditional_detr_resnet50,998,model/tf.math.squared_difference_19/SquaredDifference,"[np.int32(1), np.int32(300), np.int32(256)]",float32,307200,,
conditional_detr_resnet50,999,model/tf.math.reduce_mean_39/Mean,"[np.int32(1), np.int32(300), np.int32(1)]",float32,1200,,
conditional_detr_resnet50,1000,model/tf.__operators__.add_38/AddV2,"[np.int32(1), np.int32(300), np.int32(1)]",float32,1200,,
conditional_detr_resnet50,1001,model/tf.math.rsqrt_19/Rsqrt,"[np.int32(1), np.int32(300), np.int32(1)]",float32,1200,,
conditional_detr_resnet50,1002,model/tf.math.multiply_122/Mul,"[np.int32(1), np.int32(300), np.int32(256)]",float32,307200,,
conditional_detr_resnet50,1003,model/tf.math.multiply_123/Mul,"[np.int32(1), np.int32(300), np.int32(256)]",float32,307200,,
conditional_detr_resnet50,1004,model/tf.math.multiply_124/Mul,"[np.int32(1), np.int32(300), np.int32(256)]",float32,307200,,
conditional_detr_resnet50,1005,model/tf.math.subtract_20/Sub,"[np.int32(1), np.int32(300), np.int32(256)]",float32,307200,,
conditional_detr_resnet50,1006,model/tf.__operators__.add_39/AddV2,"[np.int32(1), np.int32(300), np.int32(256)]",float32,307200,,
conditional_detr_resnet50,1007,model/tf.linalg.matmul_89/MatMul;model/tf.nn.relu_60/Relu;model/tf.math.add_168/Add,"[np.int32(1), np.int32(300), np.int32(256)]",float32,307200,,
conditional_detr_resnet50,1008,model/tf.linalg.matmul_90/MatMul;model/tf.math.add_169/Add,"[np.int32(1), np.int32(300), np.int32(256)]",float32,307200,,
conditional_detr_resnet50,1009,model/tf.math.multiply_125/Mul,"[np.int32(1), np.int32(300), np.int32(256)]",float32,307200,,
conditional_detr_resnet50,1010,model/tf.linalg.matmul_100/MatMul;model/tf.math.add_180/Add,"[np.int32(1), np.int32(300), np.int32(256)]",float32,307200,,
conditional_detr_resnet50,1011,model/tf.reshape_102/Reshape,"[np.int32(1), np.int32(300), np.int32(8), np.int32(32)]",float32,307200,,
conditional_detr_resnet50,1012,model/tf.linalg.matmul_91/MatMul,"[np.int32(1), np.int32(300), np.int32(256)]",float32,307200,,
conditional_detr_resnet50,1013,model/tf.math.add_173/Add;model/9533;model/tf.math.add_170/Add;model/tf.math.add_173/Add/y,"[np.int32(1), np.int32(300), np.int32(256)]",float32,307200,,
conditional_detr_resnet50,1014,model/tf.math.multiply_126/Mul,"[np.int32(1), np.int32(300), np.int32(256)]",float32,307200,,
conditional_detr_resnet50,1015,model/tf.linalg.matmul_92/MatMul,"[np.int32(1), np.int32(300), np.int32(256)]",float32,307200,,
conditional_detr_resnet50,1016,model/tf.math.add_174/Add;model/9526;model/tf.math.add_171/Add;model/tf.math.add_174/Add/y,"[np.int32(1), np.int32(300), np.int32(256)]",float32,307200,,
conditional_detr_resnet50,1017,model/tf.linalg.matmul_93/MatMul;model/tf.math.add_172/Add,"[np.int32(1), np.int32(300), np.int32(256)]",float32,307200,,
conditional_detr_resnet50,1018,model/tf.reshape_93/Reshape,"[np.int32(1), np.int32(300), np.int32(8), np.int32(32)]",float32,307200,,
conditional_detr_resnet50,1019,model/tf.compat.v1.transpose_54/transpose,"[np.int32(1), np.int32(8), np.int32(300), np.int32(32)]",float32,307200,,
conditional_detr_resnet50,1020,model/tf.reshape_94/Reshape,"[np.int32(1), np.int32(300), np.int32(8), np.int32(32)]",float32,307200,,
conditional_detr_resnet50,1021,model/tf.compat.v1.transpose_55/transpose,"[np.int32(1), np.int32(8), np.int32(300), np.int32(32)]",float32,307200,,
conditional_detr_resnet50,1022,model/tf.reshape_95/Reshape,"[np.int32(1), np.int32(300), np.int32(8), np.int32(32)]",float32,307200,,
conditional_detr_resnet50,1023,model/tf.compat.v1.transpose_56/transpose,"[np.int32(1), np.int32(8), np.int32(300), np.int32(32)]",float32,307200,,
conditional_detr_resnet50,1024,model/tf.reshape_96/Reshape,"[np.int32(8), np.int32(300), np.int32(32)]",float32,307200,,
conditional_detr_resnet50,1025,model/tf.reshape_97/Reshape,"[np.int32(8), np.int32(300), np.int32(32)]",float32,307200,,
conditional_detr_resnet50,1026,model/tf.compat.v1.transpose_57/transpose,"[np.int32(8), np.int32(32), np.int32(300)]",float32,307200,,
conditional_detr_resnet50,1027,model/tf.linalg.matmul_94/MatMul,"[np.int32(8), np.int32(300), np.int32(300)]",float32,2880000,,
conditional_detr_resnet50,1028,model/tf.nn.softmax_11/Softmax,"[np.int32(8), np.int32(300), np.int32(300)]",float32,2880000,,
conditional_detr_resnet50,1029,model/tf.reshape_98/Reshape,"[np.int32(8), np.int32(300), np.int32(32)]",float32,307200,,
conditional_detr_resnet50,1030,model/tf.linalg.matmul_95/MatMul,"[np.int32(8), np.int32(300), np.int32(32)]",float32,307200,,
conditional_detr_resnet50,1031,model/tf.reshape_99/Reshape,"[np.int32(1), np.int32(8), np.int32(300), np.int32(32)]",float32,307200,,
conditional_detr_resnet50,1032,model/tf.compat.v1.transpose_58/transpose,"[np.int32(1), np.int32(300), np.int32(8), np.int32(32)]",float32,307200,,
conditional_detr_resnet50,1033,model/tf.reshape_100/Reshape,"[np.int32(1), np.int32(300), np.int32(256)]",float32,307200,,
conditional_detr_resnet50,1034,model/tf.linalg.matmul_96/MatMul;model/tf.math.add_175/Add,"[np.int32(1), np.int32(300), np.int32(256)]",float32,307200,,
conditional_detr_resnet50,1035,model/tf.math.add_176/Add,"[np.int32(1), np.int32(300), np.int32(256)]",float32,307200,,
conditional_detr_resnet50,1036,model/tf.math.reduce_mean_40/Mean,"[np.int32(1), np.int32(300), np.int32(1)]",float32,1200,,
conditional_detr_resnet50,1037,model/tf.math.squared_difference_20/SquaredDifference,"[np.int32(1), np.int32(300), np.int32(256)]",float32,307200,,
conditional_detr_resnet50,1038,model/tf.math.reduce_mean_41/Mean,"[np.int32(1), np.int32(300), np.int32(1)]",float32,1200,,
conditional_detr_resnet50,1039,model/tf.__operators__.add_40/AddV2,"[np.int32(1), np.int32(300), np.int32(1)]",float32,1200,,
conditional_detr_resnet50,1040,model/tf.math.rsqrt_20/Rsqrt,"[np.int32(1), np.int32(300), np.int32(1)]",float32,1200,,
conditional_detr_resnet50,1041,model/tf.math.multiply_127/Mul,"[np.int32(1), np.int32(300), np.int32(256)]",float32,307200,,
conditional_detr_resnet50,1042,model/tf.math.multiply_128/Mul,"[np.int32(1), np.int32(300), np.int32(256)]",float32,307200,,
conditional_detr_resnet50,1043,model/tf.math.multiply_129/Mul,"[np.int32(1), np.int32(300), np.int32(256)]",float32,307200,,
conditional_detr_resnet50,1044,model/tf.math.subtract_21/Sub,"[np.int32(1), np.int32(300), np.int32(256)]",float32,307200,,
conditional_detr_resnet50,1045,model/tf.__operators__.add_41/AddV2,"[np.int32(1), np.int32(300), np.int32(256)]",float32,307200,,
conditional_detr_resnet50,1046,model/tf.linalg.matmul_97/MatMul;model/tf.math.add_177/Add,"[np.int32(1), np.int32(300), np.int32(256)]",float32,307200,,
conditional_detr_resnet50,1047,model/tf.reshape_101/Reshape,"[np.int32(1), np.int32(300), np.int32(8), np.int32(32)]",float32,307200,,
conditional_detr_resnet50,1048,model/tf.concat_5/.model/model/decoder/3/Concat,"[np.int32(1), np.int32(300), np.int32(8), np.int32(64)]",float32,614400,,
conditional_detr_resnet50,1049,model/tf.math.multiply_130/Mul;model/tf.reshape_103/Reshape,"[np.int32(1), np.int32(300), np.int32(8), np.int32(64)]",float32,614400,,
conditional_detr_resnet50,1050,model/tf.compat.v1.transpose_61/transpose,"[np.int32(1), np.int32(8), np.int32(300), np.int32(64)]",float32,614400,,
conditional_detr_resnet50,1051,model/tf.reshape_107/Reshape,"[np.int32(8), np.int32(300), np.int32(64)]",float32,614400,,
conditional_detr_resnet50,1052,model/tf.linalg.matmul_101/MatMul,"[np.int32(8), np.int32(300), np.int32(400)]",float32,3840000,,
conditional_detr_resnet50,1053,model/tf.nn.softmax_12/Softmax,"[np.int32(8), np.int32(300), np.int32(400)]",float32,3840000,,
conditional_detr_resnet50,1054,model/tf.linalg.matmul_102/MatMul,"[np.int32(8), np.int32(300), np.int32(32)]",float32,307200,,
conditional_detr_resnet50,1055,model/tf.reshape_110/Reshape,"[np.int32(1), np.int32(8), np.int32(300), np.int32(32)]",float32,307200,,
conditional_detr_resnet50,1056,model/tf.compat.v1.transpose_63/transpose,"[np.int32(1), np.int32(300), np.int32(8), np.int32(32)]",float32,307200,,
conditional_detr_resnet50,1057,model/tf.reshape_111/Reshape,"[np.int32(1), np.int32(300), np.int32(256)]",float32,307200,,
conditional_detr_resnet50,1058,model/tf.linalg.matmul_103/MatMul;model/tf.math.add_181/Add,"[np.int32(1), np.int32(300), np.int32(256)]",float32,307200,,
conditional_detr_resnet50,1059,model/tf.math.add_182/Add,"[np.int32(1), np.int32(300), np.int32(256)]",float32,307200,,
conditional_detr_resnet50,1060,model/tf.math.reduce_mean_42/Mean,"[np.int32(1), np.int32(300), np.int32(1)]",float32,1200,,
conditional_detr_resnet50,1061,model/tf.math.squared_difference_21/SquaredDifference,"[np.int32(1), np.int32(300), np.int32(256)]",float32,307200,,
conditional_detr_resnet50,1062,model/tf.math.reduce_mean_43/Mean,"[np.int32(1), np.int32(300), np.int32(1)]",float32,1200,,
conditional_detr_resnet50,1063,model/tf.__operators__.add_42/AddV2,"[np.int32(1), np.int32(300), np.int32(1)]",float32,1200,,
conditional_detr_resnet50,1064,model/tf.math.rsqrt_21/Rsqrt,"[np.int32(1), np.int32(300), np.int32(1)]",float32,1200,,
conditional_detr_resnet50,1065,model/tf.math.multiply_131/Mul,"[np.int32(1), np.int32(300), np.int32(256)]",float32,307200,,
conditional_detr_resnet50,1066,model/tf.math.multiply_132/Mul,"[np.int32(1), np.int32(300), np.int32(256)]",float32,307200,,
conditional_detr_resnet50,1067,model/tf.math.multiply_133/Mul,"[np.int32(1), np.int32(300), np.int32(256)]",float32,307200,,
conditional_detr_resnet50,1068,model/tf.math.subtract_22/Sub,"[np.int32(1), np.int32(300), np.int32(256)]",float32,307200,,
conditional_detr_resnet50,1069,model/tf.__operators__.add_43/AddV2,"[np.int32(1), np.int32(300), np.int32(256)]",float32,307200,,
conditional_detr_resnet50,1070,model/tf.linalg.matmul_104/MatMul;model/tf.nn.relu_61/Relu;model/tf.math.add_183/Add,"[np.int32(1), np.int32(300), np.int32(2048)]",float32,2457600,,
conditional_detr_resnet50,1071,model/tf.linalg.matmul_105/MatMul;model/tf.math.add_184/Add,"[np.int32(1), np.int32(300), np.int32(256)]",float32,307200,,
conditional_detr_resnet50,1072,model/tf.math.add_185/Add,"[np.int32(1), np.int32(300), np.int32(256)]",float32,307200,,
conditional_detr_resnet50,1073,model/tf.math.reduce_mean_44/Mean,"[np.int32(1), np.int32(300), np.int32(1)]",float32,1200,,
conditional_detr_resnet50,1074,model/tf.math.squared_difference_22/SquaredDifference,"[np.int32(1), np.int32(300), np.int32(256)]",float32,307200,,
conditional_detr_resnet50,1075,model/tf.math.reduce_mean_45/Mean,"[np.int32(1), np.int32(300), np.int32(1)]",float32,1200,,
conditional_detr_resnet50,1076,model/tf.__operators__.add_44/AddV2,"[np.int32(1), np.int32(300), np.int32(1)]",float32,1200,,
conditional_detr_resnet50,1077,model/tf.math.rsqrt_22/Rsqrt,"[np.int32(1), np.int32(300), np.int32(1)]",float32,1200,,
conditional_detr_resnet50,1078,model/tf.math.multiply_134/Mul,"[np.int32(1), np.int32(300), np.int32(256)]",float32,307200,,
conditional_detr_resnet50,1079,model/tf.math.multiply_135/Mul,"[np.int32(1), np.int32(300), np.int32(256)]",float32,307200,,
conditional_detr_resnet50,1080,model/tf.math.multiply_136/Mul,"[np.int32(1), np.int32(300), np.int32(256)]",float32,307200,,
conditional_detr_resnet50,1081,model/tf.math.subtract_23/Sub,"[np.int32(1), np.int32(300), np.int32(256)]",float32,307200,,
conditional_detr_resnet50,1082,model/tf.__operators__.add_45/AddV2,"[np.int32(1), np.int32(300), np.int32(256)]",float32,307200,,
conditional_detr_resnet50,1083,model/tf.linalg.matmul_106/MatMul;model/tf.nn.relu_62/Relu;model/tf.math.add_186/Add,"[np.int32(1), np.int32(300), np.int32(256)]",float32,307200,,
conditional_detr_resnet50,1084,model/tf.linalg.matmul_107/MatMul;model/tf.math.add_187/Add,"[np.int32(1), np.int32(300), np.int32(256)]",float32,307200,,
conditional_detr_resnet50,1085,model/tf.math.multiply_137/Mul,"[np.int32(1), np.int32(300), np.int32(256)]",float32,307200,,
conditional_detr_resnet50,1086,model/tf.linalg.matmul_117/MatMul;model/tf.math.add_198/Add,"[np.int32(1), np.int32(300), np.int32(256)]",float32,307200,,
conditional_detr_resnet50,1087,model/tf.reshape_121/Reshape,"[np.int32(1), np.int32(300), np.int32(8), np.int32(32)]",float32,307200,,
conditional_detr_resnet50,1088,model/tf.linalg.matmul_108/MatMul,"[np.int32(1), np.int32(300), np.int32(256)]",float32,307200,,
conditional_detr_resnet50,1089,model/tf.math.add_191/Add;model/9737;model/tf.math.add_188/Add;model/tf.math.add_191/Add/y,"[np.int32(1), np.int32(300), np.int32(256)]",float32,307200,,
conditional_detr_resnet50,1090,model/tf.math.multiply_138/Mul,"[np.int32(1), np.int32(300), np.int32(256)]",float32,307200,,
conditional_detr_resnet50,1091,model/tf.reshape_114/Reshape,"[np.int32(1), np.int32(300), np.int32(8), np.int32(32)]",float32,307200,,
conditional_detr_resnet50,1092,model/tf.compat.v1.transpose_66/transpose,"[np.int32(1), np.int32(8), np.int32(300), np.int32(32)]",float32,307200,,
conditional_detr_resnet50,1093,model/tf.reshape_115/Reshape,"[np.int32(8), np.int32(300), np.int32(32)]",float32,307200,,
conditional_detr_resnet50,1094,model/tf.linalg.matmul_109/MatMul,"[np.int32(1), np.int32(300), np.int32(256)]",float32,307200,,
conditional_detr_resnet50,1095,model/tf.math.add_192/Add;model/9730;model/tf.math.add_189/Add;model/tf.math.add_192/Add/y,"[np.int32(1), np.int32(300), np.int32(256)]",float32,307200,,
conditional_detr_resnet50,1096,model/tf.reshape_112/Reshape,"[np.int32(1), np.int32(300), np.int32(8), np.int32(32)]",float32,307200,,
conditional_detr_resnet50,1097,model/tf.compat.v1.transpose_64/transpose,"[np.int32(1), np.int32(8), np.int32(300), np.int32(32)]",float32,307200,,
conditional_detr_resnet50,1098,model/tf.reshape_116/Reshape,"[np.int32(8), np.int32(300), np.int32(32)]",float32,307200,,
conditional_detr_resnet50,1099,model/tf.compat.v1.transpose_67/transpose,"[np.int32(8), np.int32(32), np.int32(300)]",float32,307200,,
conditional_detr_resnet50,1100,model/tf.linalg.matmul_111/MatMul,"[np.int32(8), np.int32(300), np.int32(300)]",float32,2880000,,
conditional_detr_resnet50,1101,model/tf.nn.softmax_13/Softmax,"[np.int32(8), np.int32(300), np.int32(300)]",float32,2880000,,
conditional_detr_resnet50,1102,model/tf.linalg.matmul_110/MatMul;model/tf.math.add_190/Add,"[np.int32(1), np.int32(300), np.int32(256)]",float32,307200,,
conditional_detr_resnet50,1103,model/tf.reshape_113/Reshape,"[np.int32(1), np.int32(300), np.int32(8), np.int32(32)]",float32,307200,,
conditional_detr_resnet50,1104,model/tf.compat.v1.transpose_65/transpose,"[np.int32(1), np.int32(8), np.int32(300), np.int32(32)]",float32,307200,,
conditional_detr_resnet50,1105,model/tf.reshape_117/Reshape,"[np.int32(8), np.int32(300), np.int32(32)]",float32,307200,,
conditional_detr_resnet50,1106,model/tf.linalg.matmul_112/MatMul,"[np.int32(8), np.int32(300), np.int32(32)]",float32,307200,,
conditional_detr_resnet50,1107,model/tf.reshape_118/Reshape,"[np.int32(1), np.int32(8), np.int32(300), np.int32(32)]",float32,307200,,
conditional_detr_resnet50,1108,model/tf.compat.v1.transpose_68/transpose,"[np.int32(1), np.int32(300), np.int32(8), np.int32(32)]",float32,307200,,
conditional_detr_resnet50,1109,model/tf.reshape_119/Reshape,"[np.int32(1), np.int32(300), np.int32(256)]",float32,307200,,
conditional_detr_resnet50,1110,model/tf.linalg.matmul_113/MatMul;model/tf.math.add_193/Add,"[np.int32(1), np.int32(300), np.int32(256)]",float32,307200,,
conditional_detr_resnet50,1111,model/tf.math.add_194/Add,"[np.int32(1), np.int32(300), np.int32(256)]",float32,307200,,
conditional_detr_resnet50,1112,model/tf.math.reduce_mean_46/Mean,"[np.int32(1), np.int32(300), np.int32(1)]",float32,1200,,
conditional_detr_resnet50,1113,model/tf.math.squared_difference_23/SquaredDifference,"[np.int32(1), np.int32(300), np.int32(256)]",float32,307200,,
conditional_detr_resnet50,1114,model/tf.math.reduce_mean_47/Mean,"[np.int32(1), np.int32(300), np.int32(1)]",float32,1200,,
conditional_detr_resnet50,1115,model/tf.__operators__.add_46/AddV2,"[np.int32(1), np.int32(300), np.int32(1)]",float32,1200,,
conditional_detr_resnet50,1116,model/tf.math.rsqrt_23/Rsqrt,"[np.int32(1), np.int32(300), np.int32(1)]",float32,1200,,
conditional_detr_resnet50,1117,model/tf.math.multiply_139/Mul,"[np.int32(1), np.int32(300), np.int32(256)]",float32,307200,,
conditional_detr_resnet50,1118,model/tf.math.multiply_140/Mul,"[np.int32(1), np.int32(300), np.int32(256)]",float32,307200,,
conditional_detr_resnet50,1119,model/tf.math.multiply_141/Mul,"[np.int32(1), np.int32(300), np.int32(256)]",float32,307200,,
conditional_detr_resnet50,1120,model/tf.math.subtract_24/Sub,"[np.int32(1), np.int32(300), np.int32(256)]",float32,307200,,
conditional_detr_resnet50,1121,model/tf.__operators__.add_47/AddV2,"[np.int32(1), np.int32(300), np.int32(256)]",float32,307200,,
conditional_detr_resnet50,1122,model/tf.linalg.matmul_114/MatMul;model/tf.math.add_195/Add,"[np.int32(1), np.int32(300), np.int32(256)]",float32,307200,,
conditional_detr_resnet50,1123,model/tf.reshape_120/Reshape,"[np.int32(1), np.int32(300), np.int32(8), np.int32(32)]",float32,307200,,
conditional_detr_resnet50,1124,model/tf.concat_7/.model/model/decoder/4/Concat,"[np.int32(1), np.int32(300), np.int32(8), np.int32(64)]",float32,614400,,
conditional_detr_resnet50,1125,model/tf.math.multiply_142/Mul;model/tf.reshape_122/Reshape,"[np.int32(1), np.int32(300), np.int32(8), np.int32(64)]",float32,614400,,
conditional_detr_resnet50,1126,model/tf.compat.v1.transpose_71/transpose,"[np.int32(1), np.int32(8), np.int32(300), np.int32(64)]",float32,614400,,
conditional_detr_resnet50,1127,model/tf.reshape_126/Reshape,"[np.int32(8), np.int32(300), np.int32(64)]",float32,614400,,
conditional_detr_resnet50,1128,model/tf.linalg.matmul_118/MatMul,"[np.int32(8), np.int32(300), np.int32(400)]",float32,3840000,,
conditional_detr_resnet50,1129,model/tf.nn.softmax_14/Softmax,"[np.int32(8), np.int32(300), np.int32(400)]",float32,3840000,,
conditional_detr_resnet50,1130,model/tf.linalg.matmul_119/MatMul,"[np.int32(8), np.int32(300), np.int32(32)]",float32,307200,,
conditional_detr_resnet50,1131,model/tf.reshape_129/Reshape,"[np.int32(1), np.int32(8), np.int32(300), np.int32(32)]",float32,307200,,
conditional_detr_resnet50,1132,model/tf.compat.v1.transpose_73/transpose,"[np.int32(1), np.int32(300), np.int32(8), np.int32(32)]",float32,307200,,
conditional_detr_resnet50,1133,model/tf.reshape_130/Reshape,"[np.int32(1), np.int32(300), np.int32(256)]",float32,307200,,
conditional_detr_resnet50,1134,model/tf.linalg.matmul_120/MatMul;model/tf.math.add_199/Add,"[np.int32(1), np.int32(300), np.int32(256)]",float32,307200,,
conditional_detr_resnet50,1135,model/tf.math.add_200/Add,"[np.int32(1), np.int32(300), np.int32(256)]",float32,307200,,
conditional_detr_resnet50,1136,model/tf.math.reduce_mean_48/Mean,"[np.int32(1), np.int32(300), np.int32(1)]",float32,1200,,
conditional_detr_resnet50,1137,model/tf.math.squared_difference_24/SquaredDifference,"[np.int32(1), np.int32(300), np.int32(256)]",float32,307200,,
conditional_detr_resnet50,1138,model/tf.math.reduce_mean_49/Mean,"[np.int32(1), np.int32(300), np.int32(1)]",float32,1200,,
conditional_detr_resnet50,1139,model/tf.__operators__.add_48/AddV2,"[np.int32(1), np.int32(300), np.int32(1)]",float32,1200,,
conditional_detr_resnet50,1140,model/tf.math.rsqrt_24/Rsqrt,"[np.int32(1), np.int32(300), np.int32(1)]",float32,1200,,
conditional_detr_resnet50,1141,model/tf.math.multiply_143/Mul,"[np.int32(1), np.int32(300), np.int32(256)]",float32,307200,,
conditional_detr_resnet50,1142,model/tf.math.multiply_144/Mul,"[np.int32(1), np.int32(300), np.int32(256)]",float32,307200,,
conditional_detr_resnet50,1143,model/tf.math.multiply_145/Mul,"[np.int32(1), np.int32(300), np.int32(256)]",float32,307200,,
conditional_detr_resnet50,1144,model/tf.math.subtract_25/Sub,"[np.int32(1), np.int32(300), np.int32(256)]",float32,307200,,
conditional_detr_resnet50,1145,model/tf.__operators__.add_49/AddV2,"[np.int32(1), np.int32(300), np.int32(256)]",float32,307200,,
conditional_detr_resnet50,1146,model/tf.linalg.matmul_121/MatMul;model/tf.nn.relu_63/Relu;model/tf.math.add_201/Add,"[np.int32(1), np.int32(300), np.int32(2048)]",float32,2457600,,
conditional_detr_resnet50,1147,model/tf.linalg.matmul_122/MatMul;model/tf.math.add_202/Add,"[np.int32(1), np.int32(300), np.int32(256)]",float32,307200,,
conditional_detr_resnet50,1148,model/tf.math.add_203/Add,"[np.int32(1), np.int32(300), np.int32(256)]",float32,307200,,
conditional_detr_resnet50,1149,model/tf.math.reduce_mean_50/Mean,"[np.int32(1), np.int32(300), np.int32(1)]",float32,1200,,
conditional_detr_resnet50,1150,model/tf.math.squared_difference_25/SquaredDifference,"[np.int32(1), np.int32(300), np.int32(256)]",float32,307200,,
conditional_detr_resnet50,1151,model/tf.math.reduce_mean_51/Mean,"[np.int32(1), np.int32(300), np.int32(1)]",float32,1200,,
conditional_detr_resnet50,1152,model/tf.__operators__.add_50/AddV2,"[np.int32(1), np.int32(300), np.int32(1)]",float32,1200,,
conditional_detr_resnet50,1153,model/tf.math.rsqrt_25/Rsqrt,"[np.int32(1), np.int32(300), np.int32(1)]",float32,1200,,
conditional_detr_resnet50,1154,model/tf.math.multiply_146/Mul,"[np.int32(1), np.int32(300), np.int32(256)]",float32,307200,,
conditional_detr_resnet50,1155,model/tf.math.multiply_147/Mul,"[np.int32(1), np.int32(300), np.int32(256)]",float32,307200,,
conditional_detr_resnet50,1156,model/tf.math.multiply_148/Mul,"[np.int32(1), np.int32(300), np.int32(256)]",float32,307200,,
conditional_detr_resnet50,1157,model/tf.math.subtract_26/Sub,"[np.int32(1), np.int32(300), np.int32(256)]",float32,307200,,
conditional_detr_resnet50,1158,model/tf.__operators__.add_51/AddV2,"[np.int32(1), np.int32(300), np.int32(256)]",float32,307200,,
conditional_detr_resnet50,1159,model/tf.linalg.matmul_123/MatMul;model/tf.nn.relu_64/Relu;model/tf.math.add_204/Add,"[np.int32(1), np.int32(300), np.int32(256)]",float32,307200,,
conditional_detr_resnet50,1160,model/tf.linalg.matmul_124/MatMul;model/tf.math.add_205/Add,"[np.int32(1), np.int32(300), np.int32(256)]",float32,307200,,
conditional_detr_resnet50,1161,model/tf.math.multiply_149/Mul,"[np.int32(1), np.int32(300), np.int32(256)]",float32,307200,,
conditional_detr_resnet50,1162,model/tf.linalg.matmul_134/MatMul;model/tf.math.add_216/Add,"[np.int32(1), np.int32(300), np.int32(256)]",float32,307200,,
conditional_detr_resnet50,1163,model/tf.reshape_140/Reshape,"[np.int32(1), np.int32(300), np.int32(8), np.int32(32)]",float32,307200,,
conditional_detr_resnet50,1164,model/tf.linalg.matmul_125/MatMul,"[np.int32(1), np.int32(300), np.int32(256)]",float32,307200,,
conditional_detr_resnet50,1165,model/tf.math.add_209/Add;model/9941;model/tf.math.add_206/Add;model/tf.math.add_209/Add/y,"[np.int32(1), np.int32(300), np.int32(256)]",float32,307200,,
conditional_detr_resnet50,1166,model/tf.math.multiply_150/Mul,"[np.int32(1), np.int32(300), np.int32(256)]",float32,307200,,
conditional_detr_resnet50,1167,model/tf.reshape_133/Reshape,"[np.int32(1), np.int32(300), np.int32(8), np.int32(32)]",float32,307200,,
conditional_detr_resnet50,1168,model/tf.compat.v1.transpose_76/transpose,"[np.int32(1), np.int32(8), np.int32(300), np.int32(32)]",float32,307200,,
conditional_detr_resnet50,1169,model/tf.reshape_134/Reshape,"[np.int32(8), np.int32(300), np.int32(32)]",float32,307200,,
conditional_detr_resnet50,1170,model/tf.linalg.matmul_126/MatMul,"[np.int32(1), np.int32(300), np.int32(256)]",float32,307200,,
conditional_detr_resnet50,1171,model/tf.math.add_210/Add;model/9934;model/tf.math.add_207/Add;model/tf.math.add_210/Add/y,"[np.int32(1), np.int32(300), np.int32(256)]",float32,307200,,
conditional_detr_resnet50,1172,model/tf.reshape_131/Reshape,"[np.int32(1), np.int32(300), np.int32(8), np.int32(32)]",float32,307200,,
conditional_detr_resnet50,1173,model/tf.compat.v1.transpose_74/transpose,"[np.int32(1), np.int32(8), np.int32(300), np.int32(32)]",float32,307200,,
conditional_detr_resnet50,1174,model/tf.reshape_135/Reshape,"[np.int32(8), np.int32(300), np.int32(32)]",float32,307200,,
conditional_detr_resnet50,1175,model/tf.compat.v1.transpose_77/transpose,"[np.int32(8), np.int32(32), np.int32(300)]",float32,307200,,
conditional_detr_resnet50,1176,model/tf.linalg.matmul_128/MatMul,"[np.int32(8), np.int32(300), np.int32(300)]",float32,2880000,,
conditional_detr_resnet50,1177,model/tf.nn.softmax_15/Softmax,"[np.int32(8), np.int32(300), np.int32(300)]",float32,2880000,,
conditional_detr_resnet50,1178,model/tf.linalg.matmul_127/MatMul;model/tf.math.add_208/Add,"[np.int32(1), np.int32(300), np.int32(256)]",float32,307200,,
conditional_detr_resnet50,1179,model/tf.reshape_132/Reshape,"[np.int32(1), np.int32(300), np.int32(8), np.int32(32)]",float32,307200,,
conditional_detr_resnet50,1180,model/tf.compat.v1.transpose_75/transpose,"[np.int32(1), np.int32(8), np.int32(300), np.int32(32)]",float32,307200,,
conditional_detr_resnet50,1181,model/tf.reshape_136/Reshape,"[np.int32(8), np.int32(300), np.int32(32)]",float32,307200,,
conditional_detr_resnet50,1182,model/tf.linalg.matmul_129/MatMul,"[np.int32(8), np.int32(300), np.int32(32)]",float32,307200,,
conditional_detr_resnet50,1183,model/tf.reshape_137/Reshape,"[np.int32(1), np.int32(8), np.int32(300), np.int32(32)]",float32,307200,,
conditional_detr_resnet50,1184,model/tf.compat.v1.transpose_78/transpose,"[np.int32(1), np.int32(300), np.int32(8), np.int32(32)]",float32,307200,,
conditional_detr_resnet50,1185,model/tf.reshape_138/Reshape,"[np.int32(1), np.int32(300), np.int32(256)]",float32,307200,,
conditional_detr_resnet50,1186,model/tf.linalg.matmul_130/MatMul;model/tf.math.add_211/Add,"[np.int32(1), np.int32(300), np.int32(256)]",float32,307200,,
conditional_detr_resnet50,1187,model/tf.math.add_212/Add,"[np.int32(1), np.int32(300), np.int32(256)]",float32,307200,,
conditional_detr_resnet50,1188,model/tf.math.reduce_mean_52/Mean,"[np.int32(1), np.int32(300), np.int32(1)]",float32,1200,,
conditional_detr_resnet50,1189,model/tf.math.squared_difference_26/SquaredDifference,"[np.int32(1), np.int32(300), np.int32(256)]",float32,307200,,
conditional_detr_resnet50,1190,model/tf.math.reduce_mean_53/Mean,"[np.int32(1), np.int32(300), np.int32(1)]",float32,1200,,
conditional_detr_resnet50,1191,model/tf.__operators__.add_52/AddV2,"[np.int32(1), np.int32(300), np.int32(1)]",float32,1200,,
conditional_detr_resnet50,1192,model/tf.math.rsqrt_26/Rsqrt,"[np.int32(1), np.int32(300), np.int32(1)]",float32,1200,,
conditional_detr_resnet50,1193,model/tf.math.multiply_151/Mul,"[np.int32(1), np.int32(300), np.int32(256)]",float32,307200,,
conditional_detr_resnet50,1194,model/tf.math.multiply_152/Mul,"[np.int32(1), np.int32(300), np.int32(256)]",float32,307200,,
conditional_detr_resnet50,1195,model/tf.math.multiply_153/Mul,"[np.int32(1), np.int32(300), np.int32(256)]",float32,307200,,
conditional_detr_resnet50,1196,model/tf.math.subtract_27/Sub,"[np.int32(1), np.int32(300), np.int32(256)]",float32,307200,,
conditional_detr_resnet50,1197,model/tf.__operators__.add_53/AddV2,"[np.int32(1), np.int32(300), np.int32(256)]",float32,307200,,
conditional_detr_resnet50,1198,model/tf.linalg.matmul_131/MatMul;model/tf.math.add_213/Add,"[np.int32(1), np.int32(300), np.int32(256)]",float32,307200,,
conditional_detr_resnet50,1199,model/tf.reshape_139/Reshape,"[np.int32(1), np.int32(300), np.int32(8), np.int32(32)]",float32,307200,,
conditional_detr_resnet50,1200,model/tf.concat_9/.model/model/decoder/5/Concat,"[np.int32(1), np.int32(300), np.int32(8), np.int32(64)]",float32,614400,,
conditional_detr_resnet50,1201,model/tf.math.multiply_154/Mul;model/tf.reshape_141/Reshape,"[np.int32(1), np.int32(300), np.int32(8), np.int32(64)]",float32,614400,,
conditional_detr_resnet50,1202,model/tf.compat.v1.transpose_81/transpose,"[np.int32(1), np.int32(8), np.int32(300), np.int32(64)]",float32,614400,,
conditional_detr_resnet50,1203,model/tf.reshape_145/Reshape,"[np.int32(8), np.int32(300), np.int32(64)]",float32,614400,,
conditional_detr_resnet50,1204,model/tf.linalg.matmul_135/MatMul,"[np.int32(8), np.int32(300), np.int32(400)]",float32,3840000,,
conditional_detr_resnet50,1205,model/tf.nn.softmax_16/Softmax,"[np.int32(8), np.int32(300), np.int32(400)]",float32,3840000,,
conditional_detr_resnet50,1206,model/tf.linalg.matmul_136/MatMul,"[np.int32(8), np.int32(300), np.int32(32)]",float32,307200,,
conditional_detr_resnet50,1207,model/tf.reshape_148/Reshape,"[np.int32(1), np.int32(8), np.int32(300), np.int32(32)]",float32,307200,,
conditional_detr_resnet50,1208,model/tf.compat.v1.transpose_83/transpose,"[np.int32(1), np.int32(300), np.int32(8), np.int32(32)]",float32,307200,,
conditional_detr_resnet50,1209,model/tf.reshape_149/Reshape,"[np.int32(1), np.int32(300), np.int32(256)]",float32,307200,,
conditional_detr_resnet50,1210,model/tf.linalg.matmul_137/MatMul;model/tf.math.add_217/Add,"[np.int32(1), np.int32(300), np.int32(256)]",float32,307200,,
conditional_detr_resnet50,1211,model/tf.math.add_218/Add,"[np.int32(1), np.int32(300), np.int32(256)]",float32,307200,,
conditional_detr_resnet50,1212,model/tf.math.reduce_mean_54/Mean,"[np.int32(1), np.int32(300), np.int32(1)]",float32,1200,,
conditional_detr_resnet50,1213,model/tf.math.squared_difference_27/SquaredDifference,"[np.int32(1), np.int32(300), np.int32(256)]",float32,307200,,
conditional_detr_resnet50,1214,model/tf.math.reduce_mean_55/Mean,"[np.int32(1), np.int32(300), np.int32(1)]",float32,1200,,
conditional_detr_resnet50,1215,model/tf.__operators__.add_54/AddV2,"[np.int32(1), np.int32(300), np.int32(1)]",float32,1200,,
conditional_detr_resnet50,1216,model/tf.math.rsqrt_27/Rsqrt,"[np.int32(1), np.int32(300), np.int32(1)]",float32,1200,,
conditional_detr_resnet50,1217,model/tf.math.multiply_155/Mul,"[np.int32(1), np.int32(300), np.int32(256)]",float32,307200,,
conditional_detr_resnet50,1218,model/tf.math.multiply_156/Mul,"[np.int32(1), np.int32(300), np.int32(256)]",float32,307200,,
conditional_detr_resnet50,1219,model/tf.math.multiply_157/Mul,"[np.int32(1), np.int32(300), np.int32(256)]",float32,307200,,
conditional_detr_resnet50,1220,model/tf.math.subtract_28/Sub,"[np.int32(1), np.int32(300), np.int32(256)]",float32,307200,,
conditional_detr_resnet50,1221,model/tf.__operators__.add_55/AddV2,"[np.int32(1), np.int32(300), np.int32(256)]",float32,307200,,
conditional_detr_resnet50,1222,model/tf.linalg.matmul_138/MatMul;model/tf.nn.relu_65/Relu;model/tf.math.add_219/Add,"[np.int32(1), np.int32(300), np.int32(2048)]",float32,2457600,,
conditional_detr_resnet50,1223,model/tf.linalg.matmul_139/MatMul;model/tf.math.add_220/Add,"[np.int32(1), np.int32(300), np.int32(256)]",float32,307200,,
conditional_detr_resnet50,1224,model/tf.math.add_221/Add,"[np.int32(1), np.int32(300), np.int32(256)]",float32,307200,,
conditional_detr_resnet50,1225,model/tf.math.reduce_mean_56/Mean,"[np.int32(1), np.int32(300), np.int32(1)]",float32,1200,,
conditional_detr_resnet50,1226,model/tf.math.squared_difference_28/SquaredDifference,"[np.int32(1), np.int32(300), np.int32(256)]",float32,307200,,
conditional_detr_resnet50,1227,model/tf.math.reduce_mean_57/Mean,"[np.int32(1), np.int32(300), np.int32(1)]",float32,1200,,
conditional_detr_resnet50,1228,model/tf.__operators__.add_56/AddV2,"[np.int32(1), np.int32(300), np.int32(1)]",float32,1200,,
conditional_detr_resnet50,1229,model/tf.math.rsqrt_28/Rsqrt,"[np.int32(1), np.int32(300), np.int32(1)]",float32,1200,,
conditional_detr_resnet50,1230,model/tf.math.multiply_158/Mul,"[np.int32(1), np.int32(300), np.int32(256)]",float32,307200,,
conditional_detr_resnet50,1231,model/tf.math.multiply_159/Mul,"[np.int32(1), np.int32(300), np.int32(256)]",float32,307200,,
conditional_detr_resnet50,1232,model/tf.math.multiply_160/Mul,"[np.int32(1), np.int32(300), np.int32(256)]",float32,307200,,
conditional_detr_resnet50,1233,model/tf.math.subtract_29/Sub,"[np.int32(1), np.int32(300), np.int32(256)]",float32,307200,,
conditional_detr_resnet50,1234,model/tf.__operators__.add_57/AddV2,"[np.int32(1), np.int32(300), np.int32(256)]",float32,307200,,
conditional_detr_resnet50,1235,model/tf.math.reduce_mean_58/Mean,"[np.int32(1), np.int32(300), np.int32(1)]",float32,1200,,
conditional_detr_resnet50,1236,model/tf.math.squared_difference_29/SquaredDifference,"[np.int32(1), np.int32(300), np.int32(256)]",float32,307200,,
conditional_detr_resnet50,1237,model/tf.math.reduce_mean_59/Mean,"[np.int32(1), np.int32(300), np.int32(1)]",float32,1200,,
conditional_detr_resnet50,1238,model/tf.__operators__.add_58/AddV2,"[np.int32(1), np.int32(300), np.int32(1)]",float32,1200,,
conditional_detr_resnet50,1239,model/tf.math.rsqrt_29/Rsqrt,"[np.int32(1), np.int32(300), np.int32(1)]",float32,1200,,
conditional_detr_resnet50,1240,model/tf.math.multiply_161/Mul,"[np.int32(1), np.int32(300), np.int32(256)]",float32,307200,,
conditional_detr_resnet50,1241,model/tf.math.multiply_162/Mul,"[np.int32(1), np.int32(300), np.int32(256)]",float32,307200,,
conditional_detr_resnet50,1242,model/tf.math.multiply_163/Mul,"[np.int32(1), np.int32(300), np.int32(256)]",float32,307200,,
conditional_detr_resnet50,1243,model/tf.math.subtract_30/Sub,"[np.int32(1), np.int32(300), np.int32(256)]",float32,307200,,
conditional_detr_resnet50,1244,model/tf.__operators__.add_59/AddV2,"[np.int32(1), np.int32(300), np.int32(256)]",float32,307200,,
conditional_detr_resnet50,1245,model/tf.linalg.matmul_140/MatMul;model/tf.math.add_222/Add,"[np.int32(1), np.int32(300), np.int32(91)]",float32,109200,,
conditional_detr_resnet50,1246,model/tf.nn.softmax_17/Softmax,"[np.int32(1), np.int32(300), np.int32(91)]",float32,109200,,
conditional_detr_resnet50,1247,model/tf.linalg.matmul_141/MatMul;model/tf.nn.relu_66/Relu;model/tf.math.add_223/Add,"[np.int32(1), np.int32(300), np.int32(256)]",float32,307200,,
conditional_detr_resnet50,1248,model/tf.linalg.matmul_142/MatMul;model/tf.nn.relu_67/Relu;model/tf.math.add_224/Add,"[np.int32(1), np.int32(300), np.int32(256)]",float32,307200,,
conditional_detr_resnet50,1249,model/tf.linalg.matmul_143/MatMul;model/tf.math.add_225/Add,"[np.int32(1), np.int32(300), np.int32(4)]",float32,4800,,
conditional_detr_resnet50,1250,model/tf.math.multiply_164/Mul,"[np.int32(1), np.int32(300), np.int32(4)]",float32,4800,,
conditional_detr_resnet50,1251,model/tf.strided_slice/StridedSlice,"[np.int32(1), np.int32(300), np.int32(2)]",float32,2400,,
conditional_detr_resnet50,1252,model/tf.math.add_226/Add,"[np.int32(1), np.int32(300), np.int32(2)]",float32,2400,,
conditional_detr_resnet50,1253,model/tf.scatter_nd/ScatterNd,"[np.int32(1), np.int32(300), np.int32(4)]",float32,4800,,
conditional_detr_resnet50,1254,model/tf.__operators__.add_60/AddV2,"[np.int32(1), np.int32(300), np.int32(4)]",float32,4800,,
conditional_detr_resnet50,1255,model/tf.math.multiply_165/Mul,"[np.int32(1), np.int32(300), np.int32(4)]",float32,4800,,
conditional_detr_resnet50,1256,model/tf.__operators__.add_61/AddV2,"[np.int32(1), np.int32(300), np.int32(4)]",float32,4800,,
conditional_detr_resnet50,1257,model/tf.math.sigmoid/Sigmoid,"[np.int32(1), np.int32(300), np.int32(4)]",float32,4800,,
conditional_detr_resnet50,1258,model/tf.unstack/unstack,"[np.int32(1), np.int32(300)]",float32,1200,,
conditional_detr_resnet50,1259,model/tf.unstack/unstack1,"[np.int32(1), np.int32(300)]",float32,1200,,
conditional_detr_resnet50,1260,model/tf.unstack/unstack2,"[np.int32(1), np.int32(300)]",float32,1200,,
conditional_detr_resnet50,1261,model/tf.unstack/unstack3,"[np.int32(1), np.int32(300)]",float32,1200,,
conditional_detr_resnet50,1262,model/tf.math.multiply_166/Mul,"[np.int32(1), np.int32(300)]",float32,1200,,
conditional_detr_resnet50,1263,model/tf.math.add_227/Add,"[np.int32(1), np.int32(300)]",float32,1200,,
conditional_detr_resnet50,1264,model/tf.reshape_152/Reshape,"[np.int32(1), np.int32(300), np.int32(1)]",float32,1200,,
conditional_detr_resnet50,1265,model/tf.math.subtract_31/Sub,"[np.int32(1), np.int32(300)]",float32,1200,,
conditional_detr_resnet50,1266,model/tf.reshape_150/Reshape,"[np.int32(1), np.int32(300), np.int32(1)]",float32,1200,,
conditional_detr_resnet50,1267,model/tf.math.multiply_167/Mul,"[np.int32(1), np.int32(300)]",float32,1200,,
conditional_detr_resnet50,1268,model/tf.math.add_228/Add,"[np.int32(1), np.int32(300)]",float32,1200,,
conditional_detr_resnet50,1269,model/tf.reshape_153/Reshape,"[np.int32(1), np.int32(300), np.int32(1)]",float32,1200,,
conditional_detr_resnet50,1270,model/tf.math.subtract_32/Sub,"[np.int32(1), np.int32(300)]",float32,1200,,
conditional_detr_resnet50,1271,model/tf.reshape_151/Reshape,"[np.int32(1), np.int32(300), np.int32(1)]",float32,1200,,
conditional_detr_resnet50,1272,model/tf.concat_11/.Concat,"[np.int32(1), np.int32(300), np.int32(4)]",float32,4800,,
conditional_detr_resnet50,1273,boxes,"[np.int32(1), np.int32(300), np.int32(4)]",float32,4800,,
conditional_detr_resnet50,1274,model/tf.strided_slice_1/StridedSlice,"[np.int32(1), np.int32(300), np.int32(90)]",float32,108000,,
conditional_detr_resnet50,1275,logits,"[np.int32(1), np.int32(300)]",float32,1200,,
conditional_detr_resnet50,1276,classes,"[np.int32(1), np.int32(300)]",int32,1200,,
convnext_base-convnext-base-float,0,image_tensor,"[np.int32(1), np.int32(224), np.int32(224), np.int32(3)]",float32,602112,,
convnext_base-convnext-base-float,1,arith.constant,[np.int32(1024)],float32,4096,,
convnext_base-convnext-base-float,2,arith.constant1,"[np.int32(1024), np.int32(4096)]",float32,16777216,,
convnext_base-convnext-base-float,3,arith.constant2,[np.int32(1024)],float32,4096,,
convnext_base-convnext-base-float,4,arith.constant3,[np.int32(1024)],float32,4096,,
convnext_base-convnext-base-float,5,arith.constant4,"[np.int32(1024), np.int32(4096)]",float32,16777216,,
convnext_base-convnext-base-float,6,arith.constant5,[np.int32(1024)],float32,4096,,
convnext_base-convnext-base-float,7,arith.constant6,[np.int32(1024)],float32,4096,,
convnext_base-convnext-base-float,8,arith.constant7,"[np.int32(1024), np.int32(4096)]",float32,16777216,,
convnext_base-convnext-base-float,9,arith.constant8,[np.int32(1024)],float32,4096,,
convnext_base-convnext-base-float,10,arith.constant9,[np.int32(1024)],float32,4096,,
convnext_base-convnext-base-float,11,arith.constant10,[np.int32(512)],float32,2048,,
convnext_base-convnext-base-float,12,arith.constant11,"[np.int32(512), np.int32(2048)]",float32,4194304,,
convnext_base-convnext-base-float,13,arith.constant12,[np.int32(512)],float32,2048,,
convnext_base-convnext-base-float,14,arith.constant13,[np.int32(512)],float32,2048,,
convnext_base-convnext-base-float,15,arith.constant14,"[np.int32(512), np.int32(2048)]",float32,4194304,,
convnext_base-convnext-base-float,16,arith.constant15,[np.int32(512)],float32,2048,,
convnext_base-convnext-base-float,17,arith.constant16,[np.int32(512)],float32,2048,,
convnext_base-convnext-base-float,18,arith.constant17,"[np.int32(512), np.int32(2048)]",float32,4194304,,
convnext_base-convnext-base-float,19,arith.constant18,[np.int32(512)],float32,2048,,
convnext_base-convnext-base-float,20,arith.constant19,[np.int32(512)],float32,2048,,
convnext_base-convnext-base-float,21,arith.constant20,"[np.int32(512), np.int32(2048)]",float32,4194304,,
convnext_base-convnext-base-float,22,arith.constant21,[np.int32(512)],float32,2048,,
convnext_base-convnext-base-float,23,arith.constant22,[np.int32(512)],float32,2048,,
convnext_base-convnext-base-float,24,arith.constant23,"[np.int32(512), np.int32(2048)]",float32,4194304,,
convnext_base-convnext-base-float,25,arith.constant24,[np.int32(512)],float32,2048,,
convnext_base-convnext-base-float,26,arith.constant25,[np.int32(512)],float32,2048,,
convnext_base-convnext-base-float,27,arith.constant26,"[np.int32(512), np.int32(2048)]",float32,4194304,,
convnext_base-convnext-base-float,28,arith.constant27,[np.int32(512)],float32,2048,,
convnext_base-convnext-base-float,29,arith.constant28,[np.int32(512)],float32,2048,,
convnext_base-convnext-base-float,30,arith.constant29,"[np.int32(512), np.int32(2048)]",float32,4194304,,
convnext_base-convnext-base-float,31,arith.constant30,[np.int32(512)],float32,2048,,
convnext_base-convnext-base-float,32,arith.constant31,[np.int32(512)],float32,2048,,
convnext_base-convnext-base-float,33,arith.constant32,"[np.int32(512), np.int32(2048)]",float32,4194304,,
convnext_base-convnext-base-float,34,arith.constant33,[np.int32(512)],float32,2048,,
convnext_base-convnext-base-float,35,arith.constant34,[np.int32(512)],float32,2048,,
convnext_base-convnext-base-float,36,arith.constant35,"[np.int32(512), np.int32(2048)]",float32,4194304,,
convnext_base-convnext-base-float,37,arith.constant36,[np.int32(512)],float32,2048,,
convnext_base-convnext-base-float,38,arith.constant37,[np.int32(512)],float32,2048,,
convnext_base-convnext-base-float,39,arith.constant38,"[np.int32(512), np.int32(2048)]",float32,4194304,,
convnext_base-convnext-base-float,40,arith.constant39,[np.int32(512)],float32,2048,,
convnext_base-convnext-base-float,41,arith.constant40,[np.int32(512)],float32,2048,,
convnext_base-convnext-base-float,42,arith.constant41,"[np.int32(512), np.int32(2048)]",float32,4194304,,
convnext_base-convnext-base-float,43,arith.constant42,[np.int32(512)],float32,2048,,
convnext_base-convnext-base-float,44,arith.constant43,[np.int32(512)],float32,2048,,
convnext_base-convnext-base-float,45,arith.constant44,"[np.int32(512), np.int32(2048)]",float32,4194304,,
convnext_base-convnext-base-float,46,arith.constant45,[np.int32(512)],float32,2048,,
convnext_base-convnext-base-float,47,arith.constant46,[np.int32(512)],float32,2048,,
convnext_base-convnext-base-float,48,arith.constant47,"[np.int32(512), np.int32(2048)]",float32,4194304,,
convnext_base-convnext-base-float,49,arith.constant48,[np.int32(512)],float32,2048,,
convnext_base-convnext-base-float,50,arith.constant49,[np.int32(512)],float32,2048,,
convnext_base-convnext-base-float,51,arith.constant50,"[np.int32(512), np.int32(2048)]",float32,4194304,,
convnext_base-convnext-base-float,52,arith.constant51,[np.int32(512)],float32,2048,,
convnext_base-convnext-base-float,53,arith.constant52,[np.int32(512)],float32,2048,,
convnext_base-convnext-base-float,54,arith.constant53,"[np.int32(512), np.int32(2048)]",float32,4194304,,
convnext_base-convnext-base-float,55,arith.constant54,[np.int32(512)],float32,2048,,
convnext_base-convnext-base-float,56,arith.constant55,[np.int32(512)],float32,2048,,
convnext_base-convnext-base-float,57,arith.constant56,"[np.int32(512), np.int32(2048)]",float32,4194304,,
convnext_base-convnext-base-float,58,arith.constant57,[np.int32(512)],float32,2048,,
convnext_base-convnext-base-float,59,arith.constant58,[np.int32(512)],float32,2048,,
convnext_base-convnext-base-float,60,arith.constant59,"[np.int32(512), np.int32(2048)]",float32,4194304,,
convnext_base-convnext-base-float,61,arith.constant60,[np.int32(512)],float32,2048,,
convnext_base-convnext-base-float,62,arith.constant61,[np.int32(512)],float32,2048,,
convnext_base-convnext-base-float,63,arith.constant62,"[np.int32(512), np.int32(2048)]",float32,4194304,,
convnext_base-convnext-base-float,64,arith.constant63,[np.int32(512)],float32,2048,,
convnext_base-convnext-base-float,65,arith.constant64,[np.int32(512)],float32,2048,,
convnext_base-convnext-base-float,66,arith.constant65,"[np.int32(512), np.int32(2048)]",float32,4194304,,
convnext_base-convnext-base-float,67,arith.constant66,[np.int32(512)],float32,2048,,
convnext_base-convnext-base-float,68,arith.constant67,[np.int32(512)],float32,2048,,
convnext_base-convnext-base-float,69,arith.constant68,"[np.int32(512), np.int32(2048)]",float32,4194304,,
convnext_base-convnext-base-float,70,arith.constant69,[np.int32(512)],float32,2048,,
convnext_base-convnext-base-float,71,arith.constant70,[np.int32(512)],float32,2048,,
convnext_base-convnext-base-float,72,arith.constant71,"[np.int32(512), np.int32(2048)]",float32,4194304,,
convnext_base-convnext-base-float,73,arith.constant72,[np.int32(512)],float32,2048,,
convnext_base-convnext-base-float,74,arith.constant73,[np.int32(512)],float32,2048,,
convnext_base-convnext-base-float,75,arith.constant74,"[np.int32(512), np.int32(2048)]",float32,4194304,,
convnext_base-convnext-base-float,76,arith.constant75,[np.int32(512)],float32,2048,,
convnext_base-convnext-base-float,77,arith.constant76,[np.int32(512)],float32,2048,,
convnext_base-convnext-base-float,78,arith.constant77,"[np.int32(512), np.int32(2048)]",float32,4194304,,
convnext_base-convnext-base-float,79,arith.constant78,[np.int32(512)],float32,2048,,
convnext_base-convnext-base-float,80,arith.constant79,[np.int32(512)],float32,2048,,
convnext_base-convnext-base-float,81,arith.constant80,"[np.int32(512), np.int32(2048)]",float32,4194304,,
convnext_base-convnext-base-float,82,arith.constant81,[np.int32(512)],float32,2048,,
convnext_base-convnext-base-float,83,arith.constant82,[np.int32(512)],float32,2048,,
convnext_base-convnext-base-float,84,arith.constant83,"[np.int32(512), np.int32(2048)]",float32,4194304,,
convnext_base-convnext-base-float,85,arith.constant84,[np.int32(512)],float32,2048,,
convnext_base-convnext-base-float,86,arith.constant85,[np.int32(512)],float32,2048,,
convnext_base-convnext-base-float,87,arith.constant86,"[np.int32(512), np.int32(2048)]",float32,4194304,,
convnext_base-convnext-base-float,88,arith.constant87,[np.int32(512)],float32,2048,,
convnext_base-convnext-base-float,89,arith.constant88,[np.int32(512)],float32,2048,,
convnext_base-convnext-base-float,90,arith.constant89,"[np.int32(512), np.int32(2048)]",float32,4194304,,
convnext_base-convnext-base-float,91,arith.constant90,[np.int32(512)],float32,2048,,
convnext_base-convnext-base-float,92,arith.constant91,[np.int32(512)],float32,2048,,
convnext_base-convnext-base-float,93,arith.constant92,[np.int32(256)],float32,1024,,
convnext_base-convnext-base-float,94,arith.constant93,"[np.int32(256), np.int32(1024)]",float32,1048576,,
convnext_base-convnext-base-float,95,arith.constant94,[np.int32(256)],float32,1024,,
convnext_base-convnext-base-float,96,arith.constant95,[np.int32(256)],float32,1024,,
convnext_base-convnext-base-float,97,arith.constant96,"[np.int32(256), np.int32(1024)]",float32,1048576,,
convnext_base-convnext-base-float,98,arith.constant97,[np.int32(256)],float32,1024,,
convnext_base-convnext-base-float,99,arith.constant98,[np.int32(256)],float32,1024,,
convnext_base-convnext-base-float,100,arith.constant99,"[np.int32(256), np.int32(1024)]",float32,1048576,,
convnext_base-convnext-base-float,101,arith.constant100,[np.int32(256)],float32,1024,,
convnext_base-convnext-base-float,102,arith.constant101,[np.int32(256)],float32,1024,,
convnext_base-convnext-base-float,103,arith.constant102,[np.int32(128)],float32,512,,
convnext_base-convnext-base-float,104,arith.constant103,"[np.int32(128), np.int32(512)]",float32,262144,,
convnext_base-convnext-base-float,105,arith.constant104,[np.int32(128)],float32,512,,
convnext_base-convnext-base-float,106,arith.constant105,[np.int32(128)],float32,512,,
convnext_base-convnext-base-float,107,arith.constant106,"[np.int32(128), np.int32(512)]",float32,262144,,
convnext_base-convnext-base-float,108,arith.constant107,[np.int32(128)],float32,512,,
convnext_base-convnext-base-float,109,arith.constant108,[np.int32(128)],float32,512,,
convnext_base-convnext-base-float,110,arith.constant109,"[np.int32(128), np.int32(512)]",float32,262144,,
convnext_base-convnext-base-float,111,arith.constant110,[np.int32(128)],float32,512,,
convnext_base-convnext-base-float,112,arith.constant111,[np.int32(128)],float32,512,,
convnext_base-convnext-base-float,113,arith.constant112,"[np.int32(4096), np.int32(1024)]",float32,16777216,,
convnext_base-convnext-base-float,114,arith.constant113,"[np.int32(4096), np.int32(1024)]",float32,16777216,,
convnext_base-convnext-base-float,115,arith.constant114,"[np.int32(4096), np.int32(1024)]",float32,16777216,,
convnext_base-convnext-base-float,116,arith.constant115,"[np.int32(2048), np.int32(512)]",float32,4194304,,
convnext_base-convnext-base-float,117,arith.constant116,"[np.int32(2048), np.int32(512)]",float32,4194304,,
convnext_base-convnext-base-float,118,arith.constant117,"[np.int32(2048), np.int32(512)]",float32,4194304,,
convnext_base-convnext-base-float,119,arith.constant118,"[np.int32(2048), np.int32(512)]",float32,4194304,,
convnext_base-convnext-base-float,120,arith.constant119,"[np.int32(2048), np.int32(512)]",float32,4194304,,
convnext_base-convnext-base-float,121,arith.constant120,"[np.int32(2048), np.int32(512)]",float32,4194304,,
convnext_base-convnext-base-float,122,arith.constant121,"[np.int32(2048), np.int32(512)]",float32,4194304,,
convnext_base-convnext-base-float,123,arith.constant122,"[np.int32(2048), np.int32(512)]",float32,4194304,,
convnext_base-convnext-base-float,124,arith.constant123,"[np.int32(2048), np.int32(512)]",float32,4194304,,
convnext_base-convnext-base-float,125,arith.constant124,"[np.int32(2048), np.int32(512)]",float32,4194304,,
convnext_base-convnext-base-float,126,arith.constant125,"[np.int32(2048), np.int32(512)]",float32,4194304,,
convnext_base-convnext-base-float,127,arith.constant126,"[np.int32(2048), np.int32(512)]",float32,4194304,,
convnext_base-convnext-base-float,128,arith.constant127,"[np.int32(2048), np.int32(512)]",float32,4194304,,
convnext_base-convnext-base-float,129,arith.constant128,"[np.int32(2048), np.int32(512)]",float32,4194304,,
convnext_base-convnext-base-float,130,arith.constant129,"[np.int32(2048), np.int32(512)]",float32,4194304,,
convnext_base-convnext-base-float,131,arith.constant130,"[np.int32(2048), np.int32(512)]",float32,4194304,,
convnext_base-convnext-base-float,132,arith.constant131,"[np.int32(2048), np.int32(512)]",float32,4194304,,
convnext_base-convnext-base-float,133,arith.constant132,"[np.int32(2048), np.int32(512)]",float32,4194304,,
convnext_base-convnext-base-float,134,arith.constant133,"[np.int32(2048), np.int32(512)]",float32,4194304,,
convnext_base-convnext-base-float,135,arith.constant134,"[np.int32(2048), np.int32(512)]",float32,4194304,,
convnext_base-convnext-base-float,136,arith.constant135,"[np.int32(2048), np.int32(512)]",float32,4194304,,
convnext_base-convnext-base-float,137,arith.constant136,"[np.int32(2048), np.int32(512)]",float32,4194304,,
convnext_base-convnext-base-float,138,arith.constant137,"[np.int32(2048), np.int32(512)]",float32,4194304,,
convnext_base-convnext-base-float,139,arith.constant138,"[np.int32(2048), np.int32(512)]",float32,4194304,,
convnext_base-convnext-base-float,140,arith.constant139,"[np.int32(2048), np.int32(512)]",float32,4194304,,
convnext_base-convnext-base-float,141,arith.constant140,"[np.int32(2048), np.int32(512)]",float32,4194304,,
convnext_base-convnext-base-float,142,arith.constant141,"[np.int32(2048), np.int32(512)]",float32,4194304,,
convnext_base-convnext-base-float,143,arith.constant142,"[np.int32(1024), np.int32(256)]",float32,1048576,,
convnext_base-convnext-base-float,144,arith.constant143,"[np.int32(1024), np.int32(256)]",float32,1048576,,
convnext_base-convnext-base-float,145,arith.constant144,"[np.int32(1024), np.int32(256)]",float32,1048576,,
convnext_base-convnext-base-float,146,arith.constant145,"[np.int32(512), np.int32(128)]",float32,262144,,
convnext_base-convnext-base-float,147,arith.constant146,"[np.int32(512), np.int32(128)]",float32,262144,,
convnext_base-convnext-base-float,148,arith.constant147,"[np.int32(512), np.int32(128)]",float32,262144,,
convnext_base-convnext-base-float,149,arith.constant148,"[np.int32(1), np.int32(7), np.int32(7), np.int32(1024)]",float32,200704,,
convnext_base-convnext-base-float,150,arith.constant149,"[np.int32(1), np.int32(7), np.int32(7), np.int32(1024)]",float32,200704,,
convnext_base-convnext-base-float,151,arith.constant150,"[np.int32(1), np.int32(7), np.int32(7), np.int32(1024)]",float32,200704,,
convnext_base-convnext-base-float,152,arith.constant151,"[np.int32(1024), np.int32(2), np.int32(2), np.int32(512)]",float32,8388608,,
convnext_base-convnext-base-float,153,arith.constant152,"[np.int32(1), np.int32(7), np.int32(7), np.int32(512)]",float32,100352,,
convnext_base-convnext-base-float,154,arith.constant153,"[np.int32(1), np.int32(7), np.int32(7), np.int32(512)]",float32,100352,,
convnext_base-convnext-base-float,155,arith.constant154,"[np.int32(1), np.int32(7), np.int32(7), np.int32(512)]",float32,100352,,
convnext_base-convnext-base-float,156,arith.constant155,"[np.int32(1), np.int32(7), np.int32(7), np.int32(512)]",float32,100352,,
convnext_base-convnext-base-float,157,arith.constant156,"[np.int32(1), np.int32(7), np.int32(7), np.int32(512)]",float32,100352,,
convnext_base-convnext-base-float,158,arith.constant157,"[np.int32(1), np.int32(7), np.int32(7), np.int32(512)]",float32,100352,,
convnext_base-convnext-base-float,159,arith.constant158,"[np.int32(1), np.int32(7), np.int32(7), np.int32(512)]",float32,100352,,
convnext_base-convnext-base-float,160,arith.constant159,"[np.int32(1), np.int32(7), np.int32(7), np.int32(512)]",float32,100352,,
convnext_base-convnext-base-float,161,arith.constant160,"[np.int32(1), np.int32(7), np.int32(7), np.int32(512)]",float32,100352,,
convnext_base-convnext-base-float,162,arith.constant161,"[np.int32(1), np.int32(7), np.int32(7), np.int32(512)]",float32,100352,,
convnext_base-convnext-base-float,163,arith.constant162,"[np.int32(1), np.int32(7), np.int32(7), np.int32(512)]",float32,100352,,
convnext_base-convnext-base-float,164,arith.constant163,"[np.int32(1), np.int32(7), np.int32(7), np.int32(512)]",float32,100352,,
convnext_base-convnext-base-float,165,arith.constant164,"[np.int32(1), np.int32(7), np.int32(7), np.int32(512)]",float32,100352,,
convnext_base-convnext-base-float,166,arith.constant165,"[np.int32(1), np.int32(7), np.int32(7), np.int32(512)]",float32,100352,,
convnext_base-convnext-base-float,167,arith.constant166,"[np.int32(1), np.int32(7), np.int32(7), np.int32(512)]",float32,100352,,
convnext_base-convnext-base-float,168,arith.constant167,"[np.int32(1), np.int32(7), np.int32(7), np.int32(512)]",float32,100352,,
convnext_base-convnext-base-float,169,arith.constant168,"[np.int32(1), np.int32(7), np.int32(7), np.int32(512)]",float32,100352,,
convnext_base-convnext-base-float,170,arith.constant169,"[np.int32(1), np.int32(7), np.int32(7), np.int32(512)]",float32,100352,,
convnext_base-convnext-base-float,171,arith.constant170,"[np.int32(1), np.int32(7), np.int32(7), np.int32(512)]",float32,100352,,
convnext_base-convnext-base-float,172,arith.constant171,"[np.int32(1), np.int32(7), np.int32(7), np.int32(512)]",float32,100352,,
convnext_base-convnext-base-float,173,arith.constant172,"[np.int32(1), np.int32(7), np.int32(7), np.int32(512)]",float32,100352,,
convnext_base-convnext-base-float,174,arith.constant173,"[np.int32(1), np.int32(7), np.int32(7), np.int32(512)]",float32,100352,,
convnext_base-convnext-base-float,175,arith.constant174,"[np.int32(1), np.int32(7), np.int32(7), np.int32(512)]",float32,100352,,
convnext_base-convnext-base-float,176,arith.constant175,"[np.int32(1), np.int32(7), np.int32(7), np.int32(512)]",float32,100352,,
convnext_base-convnext-base-float,177,arith.constant176,"[np.int32(1), np.int32(7), np.int32(7), np.int32(512)]",float32,100352,,
convnext_base-convnext-base-float,178,arith.constant177,"[np.int32(1), np.int32(7), np.int32(7), np.int32(512)]",float32,100352,,
convnext_base-convnext-base-float,179,arith.constant178,"[np.int32(1), np.int32(7), np.int32(7), np.int32(512)]",float32,100352,,
convnext_base-convnext-base-float,180,arith.constant179,"[np.int32(512), np.int32(2), np.int32(2), np.int32(256)]",float32,2097152,,
convnext_base-convnext-base-float,181,arith.constant180,"[np.int32(1), np.int32(7), np.int32(7), np.int32(256)]",float32,50176,,
convnext_base-convnext-base-float,182,arith.constant181,"[np.int32(1), np.int32(7), np.int32(7), np.int32(256)]",float32,50176,,
convnext_base-convnext-base-float,183,arith.constant182,"[np.int32(1), np.int32(7), np.int32(7), np.int32(256)]",float32,50176,,
convnext_base-convnext-base-float,184,arith.constant183,"[np.int32(256), np.int32(2), np.int32(2), np.int32(128)]",float32,524288,,
convnext_base-convnext-base-float,185,arith.constant184,"[np.int32(1), np.int32(7), np.int32(7), np.int32(128)]",float32,25088,,
convnext_base-convnext-base-float,186,arith.constant185,"[np.int32(1), np.int32(7), np.int32(7), np.int32(128)]",float32,25088,,
convnext_base-convnext-base-float,187,arith.constant186,"[np.int32(1), np.int32(7), np.int32(7), np.int32(128)]",float32,25088,,
convnext_base-convnext-base-float,188,arith.constant187,"[np.int32(128), np.int32(4), np.int32(4), np.int32(3)]",float32,24576,,
convnext_base-convnext-base-float,189,arith.constant188,"[np.int32(1000), np.int32(1024)]",float32,4096000,,
convnext_base-convnext-base-float,190,arith.constant189,[np.int32(3)],float32,12,,
convnext_base-convnext-base-float,191,arith.constant190,[np.int32(3)],float32,12,,
convnext_base-convnext-base-float,192,arith.constant191,[np.int32(2)],int32,8,,
convnext_base-convnext-base-float,193,arith.constant192,[np.int32(1)],int32,4,,
convnext_base-convnext-base-float,194,arith.constant193,[np.int32(512)],float32,2048,,
convnext_base-convnext-base-float,195,arith.constant194,[np.int32(512)],float32,2048,,
convnext_base-convnext-base-float,196,arith.constant195,[np.int32(512)],float32,2048,,
convnext_base-convnext-base-float,197,arith.constant196,[np.int32(512)],float32,2048,,
convnext_base-convnext-base-float,198,arith.constant197,[np.int32(512)],float32,2048,,
convnext_base-convnext-base-float,199,arith.constant198,[np.int32(512)],float32,2048,,
convnext_base-convnext-base-float,200,arith.constant199,[np.int32(512)],float32,2048,,
convnext_base-convnext-base-float,201,arith.constant200,[np.int32(128)],float32,512,,
convnext_base-convnext-base-float,202,arith.constant201,[np.int32(512)],float32,2048,,
convnext_base-convnext-base-float,203,arith.constant202,[np.int32(512)],float32,2048,,
convnext_base-convnext-base-float,204,arith.constant203,[np.int32(512)],float32,2048,,
convnext_base-convnext-base-float,205,arith.constant204,[np.int32(512)],float32,2048,,
convnext_base-convnext-base-float,206,arith.constant205,[np.int32(512)],float32,2048,,
convnext_base-convnext-base-float,207,arith.constant206,[np.int32(512)],float32,2048,,
convnext_base-convnext-base-float,208,arith.constant207,[np.int32(512)],float32,2048,,
convnext_base-convnext-base-float,209,arith.constant208,[np.int32(512)],float32,2048,,
convnext_base-convnext-base-float,210,arith.constant209,[np.int32(512)],float32,2048,,
convnext_base-convnext-base-float,211,arith.constant210,[np.int32(512)],float32,2048,,
convnext_base-convnext-base-float,212,arith.constant211,[np.int32(256)],float32,1024,,
convnext_base-convnext-base-float,213,arith.constant212,[np.int32(128)],float32,512,,
convnext_base-convnext-base-float,214,arith.constant213,[np.int32(256)],float32,1024,,
convnext_base-convnext-base-float,215,arith.constant214,[np.int32(256)],float32,1024,,
convnext_base-convnext-base-float,216,arith.constant215,[np.int32(256)],float32,1024,,
convnext_base-convnext-base-float,217,arith.constant216,[np.int32(1024)],float32,4096,,
convnext_base-convnext-base-float,218,arith.constant217,[np.int32(1024)],float32,4096,,
convnext_base-convnext-base-float,219,arith.constant218,[np.int32(128)],float32,512,,
convnext_base-convnext-base-float,220,arith.constant219,[np.int32(1024)],float32,4096,,
convnext_base-convnext-base-float,221,arith.constant220,[np.int32(1024)],float32,4096,,
convnext_base-convnext-base-float,222,arith.constant221,[np.int32(512)],float32,2048,,
convnext_base-convnext-base-float,223,arith.constant222,[np.int32(512)],float32,2048,,
convnext_base-convnext-base-float,224,arith.constant223,[np.int32(512)],float32,2048,,
convnext_base-convnext-base-float,225,arith.constant224,[np.int32(512)],float32,2048,,
convnext_base-convnext-base-float,226,arith.constant225,[np.int32(512)],float32,2048,,
convnext_base-convnext-base-float,227,arith.constant226,[np.int32(512)],float32,2048,,
convnext_base-convnext-base-float,228,arith.constant227,[np.int32(512)],float32,2048,,
convnext_base-convnext-base-float,229,arith.constant228,[np.int32(512)],float32,2048,,
convnext_base-convnext-base-float,230,arith.constant229,[np.int32(128)],float32,512,,
convnext_base-convnext-base-float,231,arith.constant230,[np.int32(512)],float32,2048,,
convnext_base-convnext-base-float,232,arith.constant231,[np.int32(512)],float32,2048,,
convnext_base-convnext-base-float,233,arith.constant232,[np.int32(512)],float32,2048,,
convnext_base-convnext-base-float,234,arith.constant233,[np.int32(128)],float32,512,,
convnext_base-convnext-base-float,235,arith.constant234,[np.int32(1000)],float32,4000,,
convnext_base-convnext-base-float,236,arith.constant235,[],float32,4,,
convnext_base-convnext-base-float,237,arith.constant236,[np.int32(1024)],float32,4096,,
convnext_base-convnext-base-float,238,arith.constant237,[np.int32(4096)],float32,16384,,
convnext_base-convnext-base-float,239,arith.constant238,[np.int32(1024)],float32,4096,,
convnext_base-convnext-base-float,240,arith.constant239,[np.int32(4096)],float32,16384,,
convnext_base-convnext-base-float,241,arith.constant240,[np.int32(1024)],float32,4096,,
convnext_base-convnext-base-float,242,arith.constant241,[np.int32(4096)],float32,16384,,
convnext_base-convnext-base-float,243,arith.constant242,[np.int32(1024)],float32,4096,,
convnext_base-convnext-base-float,244,arith.constant243,[np.int32(512)],float32,2048,,
convnext_base-convnext-base-float,245,arith.constant244,[np.int32(2048)],float32,8192,,
convnext_base-convnext-base-float,246,arith.constant245,[np.int32(512)],float32,2048,,
convnext_base-convnext-base-float,247,arith.constant246,[np.int32(2048)],float32,8192,,
convnext_base-convnext-base-float,248,arith.constant247,[np.int32(512)],float32,2048,,
convnext_base-convnext-base-float,249,arith.constant248,[np.int32(2048)],float32,8192,,
convnext_base-convnext-base-float,250,arith.constant249,[np.int32(512)],float32,2048,,
convnext_base-convnext-base-float,251,arith.constant250,[np.int32(2048)],float32,8192,,
convnext_base-convnext-base-float,252,arith.constant251,[np.int32(512)],float32,2048,,
convnext_base-convnext-base-float,253,arith.constant252,[np.int32(2048)],float32,8192,,
convnext_base-convnext-base-float,254,arith.constant253,[np.int32(512)],float32,2048,,
convnext_base-convnext-base-float,255,arith.constant254,[np.int32(2048)],float32,8192,,
convnext_base-convnext-base-float,256,arith.constant255,[np.int32(512)],float32,2048,,
convnext_base-convnext-base-float,257,arith.constant256,[np.int32(2048)],float32,8192,,
convnext_base-convnext-base-float,258,arith.constant257,[np.int32(512)],float32,2048,,
convnext_base-convnext-base-float,259,arith.constant258,[np.int32(2048)],float32,8192,,
convnext_base-convnext-base-float,260,arith.constant259,[np.int32(512)],float32,2048,,
convnext_base-convnext-base-float,261,arith.constant260,[np.int32(2048)],float32,8192,,
convnext_base-convnext-base-float,262,arith.constant261,[np.int32(512)],float32,2048,,
convnext_base-convnext-base-float,263,arith.constant262,[np.int32(2048)],float32,8192,,
convnext_base-convnext-base-float,264,arith.constant263,[np.int32(512)],float32,2048,,
convnext_base-convnext-base-float,265,arith.constant264,[np.int32(2048)],float32,8192,,
convnext_base-convnext-base-float,266,arith.constant265,[np.int32(512)],float32,2048,,
convnext_base-convnext-base-float,267,arith.constant266,[np.int32(2048)],float32,8192,,
convnext_base-convnext-base-float,268,arith.constant267,[np.int32(512)],float32,2048,,
convnext_base-convnext-base-float,269,arith.constant268,[np.int32(2048)],float32,8192,,
convnext_base-convnext-base-float,270,arith.constant269,[np.int32(512)],float32,2048,,
convnext_base-convnext-base-float,271,arith.constant270,[np.int32(2048)],float32,8192,,
convnext_base-convnext-base-float,272,arith.constant271,[np.int32(512)],float32,2048,,
convnext_base-convnext-base-float,273,arith.constant272,[np.int32(2048)],float32,8192,,
convnext_base-convnext-base-float,274,arith.constant273,[np.int32(512)],float32,2048,,
convnext_base-convnext-base-float,275,arith.constant274,[np.int32(2048)],float32,8192,,
convnext_base-convnext-base-float,276,arith.constant275,[np.int32(512)],float32,2048,,
convnext_base-convnext-base-float,277,arith.constant276,[np.int32(2048)],float32,8192,,
convnext_base-convnext-base-float,278,arith.constant277,[np.int32(512)],float32,2048,,
convnext_base-convnext-base-float,279,arith.constant278,[np.int32(2048)],float32,8192,,
convnext_base-convnext-base-float,280,arith.constant279,[np.int32(512)],float32,2048,,
convnext_base-convnext-base-float,281,arith.constant280,[np.int32(2048)],float32,8192,,
convnext_base-convnext-base-float,282,arith.constant281,[np.int32(512)],float32,2048,,
convnext_base-convnext-base-float,283,arith.constant282,[np.int32(2048)],float32,8192,,
convnext_base-convnext-base-float,284,arith.constant283,[np.int32(512)],float32,2048,,
convnext_base-convnext-base-float,285,arith.constant284,[np.int32(2048)],float32,8192,,
convnext_base-convnext-base-float,286,arith.constant285,[np.int32(512)],float32,2048,,
convnext_base-convnext-base-float,287,arith.constant286,[np.int32(2048)],float32,8192,,
convnext_base-convnext-base-float,288,arith.constant287,[np.int32(512)],float32,2048,,
convnext_base-convnext-base-float,289,arith.constant288,[np.int32(2048)],float32,8192,,
convnext_base-convnext-base-float,290,arith.constant289,[np.int32(512)],float32,2048,,
convnext_base-convnext-base-float,291,arith.constant290,[np.int32(2048)],float32,8192,,
convnext_base-convnext-base-float,292,arith.constant291,[np.int32(512)],float32,2048,,
convnext_base-convnext-base-float,293,arith.constant292,[np.int32(2048)],float32,8192,,
convnext_base-convnext-base-float,294,arith.constant293,[np.int32(512)],float32,2048,,
convnext_base-convnext-base-float,295,arith.constant294,[np.int32(2048)],float32,8192,,
convnext_base-convnext-base-float,296,arith.constant295,[np.int32(512)],float32,2048,,
convnext_base-convnext-base-float,297,arith.constant296,[np.int32(2048)],float32,8192,,
convnext_base-convnext-base-float,298,arith.constant297,[np.int32(512)],float32,2048,,
convnext_base-convnext-base-float,299,arith.constant298,[np.int32(256)],float32,1024,,
convnext_base-convnext-base-float,300,arith.constant299,[np.int32(1024)],float32,4096,,
convnext_base-convnext-base-float,301,arith.constant300,[np.int32(256)],float32,1024,,
convnext_base-convnext-base-float,302,arith.constant301,[np.int32(1024)],float32,4096,,
convnext_base-convnext-base-float,303,arith.constant302,[np.int32(256)],float32,1024,,
convnext_base-convnext-base-float,304,arith.constant303,[np.int32(1024)],float32,4096,,
convnext_base-convnext-base-float,305,arith.constant304,[np.int32(256)],float32,1024,,
convnext_base-convnext-base-float,306,arith.constant305,[np.int32(128)],float32,512,,
convnext_base-convnext-base-float,307,arith.constant306,[np.int32(512)],float32,2048,,
convnext_base-convnext-base-float,308,arith.constant307,[np.int32(128)],float32,512,,
convnext_base-convnext-base-float,309,arith.constant308,[np.int32(512)],float32,2048,,
convnext_base-convnext-base-float,310,arith.constant309,[np.int32(128)],float32,512,,
convnext_base-convnext-base-float,311,arith.constant310,[np.int32(512)],float32,2048,,
convnext_base-convnext-base-float,312,arith.constant311,[np.int32(128)],float32,512,,
convnext_base-convnext-base-float,313,arith.constant312,[np.int32(128)],float32,512,,
convnext_base-convnext-base-float,314,model/tf.math.subtract/Sub,"[np.int32(1), np.int32(224), np.int32(224), np.int32(3)]",float32,602112,,
convnext_base-convnext-base-float,315,model/tf.math.divide/truediv,"[np.int32(1), np.int32(224), np.int32(224), np.int32(3)]",float32,602112,,
convnext_base-convnext-base-float,316,model/tf.math.add/Add;model/dynamic_conv2d/DynamicConv2D,"[np.int32(1), np.int32(56), np.int32(56), np.int32(128)]",float32,1605632,,
convnext_base-convnext-base-float,317,model/tf.math.reduce_mean/Mean,"[np.int32(1), np.int32(56), np.int32(56), np.int32(1)]",float32,12544,,
convnext_base-convnext-base-float,318,model/tf.math.squared_difference/SquaredDifference,"[np.int32(1), np.int32(56), np.int32(56), np.int32(128)]",float32,1605632,,
convnext_base-convnext-base-float,319,model/tf.math.reduce_mean_1/Mean,"[np.int32(1), np.int32(56), np.int32(56), np.int32(1)]",float32,12544,,
convnext_base-convnext-base-float,320,model/tf.__operators__.add/AddV2,"[np.int32(1), np.int32(56), np.int32(56), np.int32(1)]",float32,12544,,
convnext_base-convnext-base-float,321,model/tf.math.rsqrt/Rsqrt,"[np.int32(1), np.int32(56), np.int32(56), np.int32(1)]",float32,12544,,
convnext_base-convnext-base-float,322,model/tf.math.multiply/Mul,"[np.int32(1), np.int32(56), np.int32(56), np.int32(128)]",float32,1605632,,
convnext_base-convnext-base-float,323,model/tf.math.multiply_1/Mul,"[np.int32(1), np.int32(56), np.int32(56), np.int32(128)]",float32,1605632,,
convnext_base-convnext-base-float,324,model/tf.math.multiply_2/Mul,"[np.int32(1), np.int32(56), np.int32(56), np.int32(128)]",float32,1605632,,
convnext_base-convnext-base-float,325,model/tf.math.subtract_1/Sub,"[np.int32(1), np.int32(56), np.int32(56), np.int32(128)]",float32,1605632,,
convnext_base-convnext-base-float,326,model/tf.__operators__.add_1/AddV2,"[np.int32(1), np.int32(56), np.int32(56), np.int32(128)]",float32,1605632,,
convnext_base-convnext-base-float,327,model/tf.math.add_1/Add;model/.net/features/1/0/block/0/Conv/depthwise,"[np.int32(1), np.int32(56), np.int32(56), np.int32(128)]",float32,1605632,,
convnext_base-convnext-base-float,328,model/tf.math.reduce_mean_2/Mean,"[np.int32(1), np.int32(56), np.int32(56), np.int32(1)]",float32,12544,,
convnext_base-convnext-base-float,329,model/tf.math.squared_difference_1/SquaredDifference,"[np.int32(1), np.int32(56), np.int32(56), np.int32(128)]",float32,1605632,,
convnext_base-convnext-base-float,330,model/tf.math.reduce_mean_3/Mean,"[np.int32(1), np.int32(56), np.int32(56), np.int32(1)]",float32,12544,,
convnext_base-convnext-base-float,331,model/tf.__operators__.add_2/AddV2,"[np.int32(1), np.int32(56), np.int32(56), np.int32(1)]",float32,12544,,
convnext_base-convnext-base-float,332,model/tf.math.rsqrt_1/Rsqrt,"[np.int32(1), np.int32(56), np.int32(56), np.int32(1)]",float32,12544,,
convnext_base-convnext-base-float,333,model/tf.math.multiply_3/Mul,"[np.int32(1), np.int32(56), np.int32(56), np.int32(128)]",float32,1605632,,
convnext_base-convnext-base-float,334,model/tf.math.multiply_4/Mul,"[np.int32(1), np.int32(56), np.int32(56), np.int32(128)]",float32,1605632,,
convnext_base-convnext-base-float,335,model/tf.math.multiply_5/Mul,"[np.int32(1), np.int32(56), np.int32(56), np.int32(128)]",float32,1605632,,
convnext_base-convnext-base-float,336,model/tf.math.subtract_2/Sub,"[np.int32(1), np.int32(56), np.int32(56), np.int32(128)]",float32,1605632,,
convnext_base-convnext-base-float,337,model/tf.__operators__.add_3/AddV2,"[np.int32(1), np.int32(56), np.int32(56), np.int32(128)]",float32,1605632,,
convnext_base-convnext-base-float,338,model/tf.linalg.matmul/MatMul;model/tf.math.add_2/Add,"[np.int32(1), np.int32(56), np.int32(56), np.int32(512)]",float32,6422528,,
convnext_base-convnext-base-float,339,model/tf.nn.gelu/Gelu/mul_1;model/tf.nn.gelu/Gelu/mul;model/tf.nn.gelu/Gelu/truediv;model/tf.nn.gelu/Gelu/Erf;model/tf.nn.gelu/Gelu/add,"[np.int32(1), np.int32(56), np.int32(56), np.int32(512)]",float32,6422528,,
convnext_base-convnext-base-float,340,model/tf.linalg.matmul_1/MatMul;model/tf.math.add_3/Add;model/tf.math.multiply_6/Mul,"[np.int32(1), np.int32(56), np.int32(56), np.int32(128)]",float32,1605632,,
convnext_base-convnext-base-float,341,model/tf.math.add_4/Add,"[np.int32(1), np.int32(56), np.int32(56), np.int32(128)]",float32,1605632,,
convnext_base-convnext-base-float,342,model/tf.math.add_5/Add;model/.net/features/1/1/block/0/Conv/depthwise,"[np.int32(1), np.int32(56), np.int32(56), np.int32(128)]",float32,1605632,,
convnext_base-convnext-base-float,343,model/tf.math.reduce_mean_4/Mean,"[np.int32(1), np.int32(56), np.int32(56), np.int32(1)]",float32,12544,,
convnext_base-convnext-base-float,344,model/tf.math.squared_difference_2/SquaredDifference,"[np.int32(1), np.int32(56), np.int32(56), np.int32(128)]",float32,1605632,,
convnext_base-convnext-base-float,345,model/tf.math.reduce_mean_5/Mean,"[np.int32(1), np.int32(56), np.int32(56), np.int32(1)]",float32,12544,,
convnext_base-convnext-base-float,346,model/tf.__operators__.add_4/AddV2,"[np.int32(1), np.int32(56), np.int32(56), np.int32(1)]",float32,12544,,
convnext_base-convnext-base-float,347,model/tf.math.rsqrt_2/Rsqrt,"[np.int32(1), np.int32(56), np.int32(56), np.int32(1)]",float32,12544,,
convnext_base-convnext-base-float,348,model/tf.math.multiply_7/Mul,"[np.int32(1), np.int32(56), np.int32(56), np.int32(128)]",float32,1605632,,
convnext_base-convnext-base-float,349,model/tf.math.multiply_8/Mul,"[np.int32(1), np.int32(56), np.int32(56), np.int32(128)]",float32,1605632,,
convnext_base-convnext-base-float,350,model/tf.math.multiply_9/Mul,"[np.int32(1), np.int32(56), np.int32(56), np.int32(128)]",float32,1605632,,
convnext_base-convnext-base-float,351,model/tf.math.subtract_3/Sub,"[np.int32(1), np.int32(56), np.int32(56), np.int32(128)]",float32,1605632,,
convnext_base-convnext-base-float,352,model/tf.__operators__.add_5/AddV2,"[np.int32(1), np.int32(56), np.int32(56), np.int32(128)]",float32,1605632,,
convnext_base-convnext-base-float,353,model/tf.linalg.matmul_2/MatMul;model/tf.math.add_6/Add,"[np.int32(1), np.int32(56), np.int32(56), np.int32(512)]",float32,6422528,,
convnext_base-convnext-base-float,354,model/tf.nn.gelu_1/Gelu/mul_1;model/tf.nn.gelu_1/Gelu/mul;model/tf.nn.gelu_1/Gelu/truediv;model/tf.nn.gelu_1/Gelu/Erf;model/tf.nn.gelu_1/Gelu/add,"[np.int32(1), np.int32(56), np.int32(56), np.int32(512)]",float32,6422528,,
convnext_base-convnext-base-float,355,model/tf.linalg.matmul_3/MatMul;model/tf.math.add_7/Add;model/tf.math.multiply_10/Mul,"[np.int32(1), np.int32(56), np.int32(56), np.int32(128)]",float32,1605632,,
convnext_base-convnext-base-float,356,model/tf.math.add_8/Add,"[np.int32(1), np.int32(56), np.int32(56), np.int32(128)]",float32,1605632,,
convnext_base-convnext-base-float,357,model/tf.math.add_9/Add;model/.net/features/1/2/block/0/Conv/depthwise,"[np.int32(1), np.int32(56), np.int32(56), np.int32(128)]",float32,1605632,,
convnext_base-convnext-base-float,358,model/tf.math.reduce_mean_6/Mean,"[np.int32(1), np.int32(56), np.int32(56), np.int32(1)]",float32,12544,,
convnext_base-convnext-base-float,359,model/tf.math.squared_difference_3/SquaredDifference,"[np.int32(1), np.int32(56), np.int32(56), np.int32(128)]",float32,1605632,,
convnext_base-convnext-base-float,360,model/tf.math.reduce_mean_7/Mean,"[np.int32(1), np.int32(56), np.int32(56), np.int32(1)]",float32,12544,,
convnext_base-convnext-base-float,361,model/tf.__operators__.add_6/AddV2,"[np.int32(1), np.int32(56), np.int32(56), np.int32(1)]",float32,12544,,
convnext_base-convnext-base-float,362,model/tf.math.rsqrt_3/Rsqrt,"[np.int32(1), np.int32(56), np.int32(56), np.int32(1)]",float32,12544,,
convnext_base-convnext-base-float,363,model/tf.math.multiply_11/Mul,"[np.int32(1), np.int32(56), np.int32(56), np.int32(128)]",float32,1605632,,
convnext_base-convnext-base-float,364,model/tf.math.multiply_12/Mul,"[np.int32(1), np.int32(56), np.int32(56), np.int32(128)]",float32,1605632,,
convnext_base-convnext-base-float,365,model/tf.math.multiply_13/Mul,"[np.int32(1), np.int32(56), np.int32(56), np.int32(128)]",float32,1605632,,
convnext_base-convnext-base-float,366,model/tf.math.subtract_4/Sub,"[np.int32(1), np.int32(56), np.int32(56), np.int32(128)]",float32,1605632,,
convnext_base-convnext-base-float,367,model/tf.__operators__.add_7/AddV2,"[np.int32(1), np.int32(56), np.int32(56), np.int32(128)]",float32,1605632,,
convnext_base-convnext-base-float,368,model/tf.linalg.matmul_4/MatMul;model/tf.math.add_10/Add,"[np.int32(1), np.int32(56), np.int32(56), np.int32(512)]",float32,6422528,,
convnext_base-convnext-base-float,369,model/tf.nn.gelu_2/Gelu/mul_1;model/tf.nn.gelu_2/Gelu/mul;model/tf.nn.gelu_2/Gelu/truediv;model/tf.nn.gelu_2/Gelu/Erf;model/tf.nn.gelu_2/Gelu/add,"[np.int32(1), np.int32(56), np.int32(56), np.int32(512)]",float32,6422528,,
convnext_base-convnext-base-float,370,model/tf.linalg.matmul_5/MatMul;model/tf.math.add_11/Add;model/tf.math.multiply_14/Mul,"[np.int32(1), np.int32(56), np.int32(56), np.int32(128)]",float32,1605632,,
convnext_base-convnext-base-float,371,model/tf.math.add_12/Add,"[np.int32(1), np.int32(56), np.int32(56), np.int32(128)]",float32,1605632,,
convnext_base-convnext-base-float,372,model/tf.math.reduce_mean_8/Mean,"[np.int32(1), np.int32(56), np.int32(56), np.int32(1)]",float32,12544,,
convnext_base-convnext-base-float,373,model/tf.math.squared_difference_4/SquaredDifference,"[np.int32(1), np.int32(56), np.int32(56), np.int32(128)]",float32,1605632,,
convnext_base-convnext-base-float,374,model/tf.math.reduce_mean_9/Mean,"[np.int32(1), np.int32(56), np.int32(56), np.int32(1)]",float32,12544,,
convnext_base-convnext-base-float,375,model/tf.__operators__.add_8/AddV2,"[np.int32(1), np.int32(56), np.int32(56), np.int32(1)]",float32,12544,,
convnext_base-convnext-base-float,376,model/tf.math.rsqrt_4/Rsqrt,"[np.int32(1), np.int32(56), np.int32(56), np.int32(1)]",float32,12544,,
convnext_base-convnext-base-float,377,model/tf.math.multiply_15/Mul,"[np.int32(1), np.int32(56), np.int32(56), np.int32(128)]",float32,1605632,,
convnext_base-convnext-base-float,378,model/tf.math.multiply_16/Mul,"[np.int32(1), np.int32(56), np.int32(56), np.int32(128)]",float32,1605632,,
convnext_base-convnext-base-float,379,model/tf.math.multiply_17/Mul,"[np.int32(1), np.int32(56), np.int32(56), np.int32(128)]",float32,1605632,,
convnext_base-convnext-base-float,380,model/tf.math.subtract_5/Sub,"[np.int32(1), np.int32(56), np.int32(56), np.int32(128)]",float32,1605632,,
convnext_base-convnext-base-float,381,model/tf.__operators__.add_9/AddV2,"[np.int32(1), np.int32(56), np.int32(56), np.int32(128)]",float32,1605632,,
convnext_base-convnext-base-float,382,model/tf.math.add_13/Add;model/dynamic_conv2d_1/DynamicConv2D,"[np.int32(1), np.int32(28), np.int32(28), np.int32(256)]",float32,802816,,
convnext_base-convnext-base-float,383,model/tf.math.add_14/Add;model/.net/features/3/0/block/0/Conv/depthwise,"[np.int32(1), np.int32(28), np.int32(28), np.int32(256)]",float32,802816,,
convnext_base-convnext-base-float,384,model/tf.math.reduce_mean_10/Mean,"[np.int32(1), np.int32(28), np.int32(28), np.int32(1)]",float32,3136,,
convnext_base-convnext-base-float,385,model/tf.math.squared_difference_5/SquaredDifference,"[np.int32(1), np.int32(28), np.int32(28), np.int32(256)]",float32,802816,,
convnext_base-convnext-base-float,386,model/tf.math.reduce_mean_11/Mean,"[np.int32(1), np.int32(28), np.int32(28), np.int32(1)]",float32,3136,,
convnext_base-convnext-base-float,387,model/tf.__operators__.add_10/AddV2,"[np.int32(1), np.int32(28), np.int32(28), np.int32(1)]",float32,3136,,
convnext_base-convnext-base-float,388,model/tf.math.rsqrt_5/Rsqrt,"[np.int32(1), np.int32(28), np.int32(28), np.int32(1)]",float32,3136,,
convnext_base-convnext-base-float,389,model/tf.math.multiply_18/Mul,"[np.int32(1), np.int32(28), np.int32(28), np.int32(256)]",float32,802816,,
convnext_base-convnext-base-float,390,model/tf.math.multiply_19/Mul,"[np.int32(1), np.int32(28), np.int32(28), np.int32(256)]",float32,802816,,
convnext_base-convnext-base-float,391,model/tf.math.multiply_20/Mul,"[np.int32(1), np.int32(28), np.int32(28), np.int32(256)]",float32,802816,,
convnext_base-convnext-base-float,392,model/tf.math.subtract_6/Sub,"[np.int32(1), np.int32(28), np.int32(28), np.int32(256)]",float32,802816,,
convnext_base-convnext-base-float,393,model/tf.__operators__.add_11/AddV2,"[np.int32(1), np.int32(28), np.int32(28), np.int32(256)]",float32,802816,,
convnext_base-convnext-base-float,394,model/tf.linalg.matmul_6/MatMul;model/tf.math.add_15/Add,"[np.int32(1), np.int32(28), np.int32(28), np.int32(1024)]",float32,3211264,,
convnext_base-convnext-base-float,395,model/tf.nn.gelu_3/Gelu/mul_1;model/tf.nn.gelu_3/Gelu/mul;model/tf.nn.gelu_3/Gelu/truediv;model/tf.nn.gelu_3/Gelu/Erf;model/tf.nn.gelu_3/Gelu/add,"[np.int32(1), np.int32(28), np.int32(28), np.int32(1024)]",float32,3211264,,
convnext_base-convnext-base-float,396,model/tf.linalg.matmul_7/MatMul;model/tf.math.add_16/Add;model/tf.math.multiply_21/Mul,"[np.int32(1), np.int32(28), np.int32(28), np.int32(256)]",float32,802816,,
convnext_base-convnext-base-float,397,model/tf.math.add_17/Add,"[np.int32(1), np.int32(28), np.int32(28), np.int32(256)]",float32,802816,,
convnext_base-convnext-base-float,398,model/tf.math.add_18/Add;model/.net/features/3/1/block/0/Conv/depthwise,"[np.int32(1), np.int32(28), np.int32(28), np.int32(256)]",float32,802816,,
convnext_base-convnext-base-float,399,model/tf.math.reduce_mean_12/Mean,"[np.int32(1), np.int32(28), np.int32(28), np.int32(1)]",float32,3136,,
convnext_base-convnext-base-float,400,model/tf.math.squared_difference_6/SquaredDifference,"[np.int32(1), np.int32(28), np.int32(28), np.int32(256)]",float32,802816,,
convnext_base-convnext-base-float,401,model/tf.math.reduce_mean_13/Mean,"[np.int32(1), np.int32(28), np.int32(28), np.int32(1)]",float32,3136,,
convnext_base-convnext-base-float,402,model/tf.__operators__.add_12/AddV2,"[np.int32(1), np.int32(28), np.int32(28), np.int32(1)]",float32,3136,,
convnext_base-convnext-base-float,403,model/tf.math.rsqrt_6/Rsqrt,"[np.int32(1), np.int32(28), np.int32(28), np.int32(1)]",float32,3136,,
convnext_base-convnext-base-float,404,model/tf.math.multiply_22/Mul,"[np.int32(1), np.int32(28), np.int32(28), np.int32(256)]",float32,802816,,
convnext_base-convnext-base-float,405,model/tf.math.multiply_23/Mul,"[np.int32(1), np.int32(28), np.int32(28), np.int32(256)]",float32,802816,,
convnext_base-convnext-base-float,406,model/tf.math.multiply_24/Mul,"[np.int32(1), np.int32(28), np.int32(28), np.int32(256)]",float32,802816,,
convnext_base-convnext-base-float,407,model/tf.math.subtract_7/Sub,"[np.int32(1), np.int32(28), np.int32(28), np.int32(256)]",float32,802816,,
convnext_base-convnext-base-float,408,model/tf.__operators__.add_13/AddV2,"[np.int32(1), np.int32(28), np.int32(28), np.int32(256)]",float32,802816,,
convnext_base-convnext-base-float,409,model/tf.linalg.matmul_8/MatMul;model/tf.math.add_19/Add,"[np.int32(1), np.int32(28), np.int32(28), np.int32(1024)]",float32,3211264,,
convnext_base-convnext-base-float,410,model/tf.nn.gelu_4/Gelu/mul_1;model/tf.nn.gelu_4/Gelu/mul;model/tf.nn.gelu_4/Gelu/truediv;model/tf.nn.gelu_4/Gelu/Erf;model/tf.nn.gelu_4/Gelu/add,"[np.int32(1), np.int32(28), np.int32(28), np.int32(1024)]",float32,3211264,,
convnext_base-convnext-base-float,411,model/tf.linalg.matmul_9/MatMul;model/tf.math.add_20/Add;model/tf.math.multiply_25/Mul,"[np.int32(1), np.int32(28), np.int32(28), np.int32(256)]",float32,802816,,
convnext_base-convnext-base-float,412,model/tf.math.add_21/Add,"[np.int32(1), np.int32(28), np.int32(28), np.int32(256)]",float32,802816,,
convnext_base-convnext-base-float,413,model/tf.math.add_22/Add;model/.net/features/3/2/block/0/Conv/depthwise,"[np.int32(1), np.int32(28), np.int32(28), np.int32(256)]",float32,802816,,
convnext_base-convnext-base-float,414,model/tf.math.reduce_mean_14/Mean,"[np.int32(1), np.int32(28), np.int32(28), np.int32(1)]",float32,3136,,
convnext_base-convnext-base-float,415,model/tf.math.squared_difference_7/SquaredDifference,"[np.int32(1), np.int32(28), np.int32(28), np.int32(256)]",float32,802816,,
convnext_base-convnext-base-float,416,model/tf.math.reduce_mean_15/Mean,"[np.int32(1), np.int32(28), np.int32(28), np.int32(1)]",float32,3136,,
convnext_base-convnext-base-float,417,model/tf.__operators__.add_14/AddV2,"[np.int32(1), np.int32(28), np.int32(28), np.int32(1)]",float32,3136,,
convnext_base-convnext-base-float,418,model/tf.math.rsqrt_7/Rsqrt,"[np.int32(1), np.int32(28), np.int32(28), np.int32(1)]",float32,3136,,
convnext_base-convnext-base-float,419,model/tf.math.multiply_26/Mul,"[np.int32(1), np.int32(28), np.int32(28), np.int32(256)]",float32,802816,,
convnext_base-convnext-base-float,420,model/tf.math.multiply_27/Mul,"[np.int32(1), np.int32(28), np.int32(28), np.int32(256)]",float32,802816,,
convnext_base-convnext-base-float,421,model/tf.math.multiply_28/Mul,"[np.int32(1), np.int32(28), np.int32(28), np.int32(256)]",float32,802816,,
convnext_base-convnext-base-float,422,model/tf.math.subtract_8/Sub,"[np.int32(1), np.int32(28), np.int32(28), np.int32(256)]",float32,802816,,
convnext_base-convnext-base-float,423,model/tf.__operators__.add_15/AddV2,"[np.int32(1), np.int32(28), np.int32(28), np.int32(256)]",float32,802816,,
convnext_base-convnext-base-float,424,model/tf.linalg.matmul_10/MatMul;model/tf.math.add_23/Add,"[np.int32(1), np.int32(28), np.int32(28), np.int32(1024)]",float32,3211264,,
convnext_base-convnext-base-float,425,model/tf.nn.gelu_5/Gelu/mul_1;model/tf.nn.gelu_5/Gelu/mul;model/tf.nn.gelu_5/Gelu/truediv;model/tf.nn.gelu_5/Gelu/Erf;model/tf.nn.gelu_5/Gelu/add,"[np.int32(1), np.int32(28), np.int32(28), np.int32(1024)]",float32,3211264,,
convnext_base-convnext-base-float,426,model/tf.linalg.matmul_11/MatMul;model/tf.math.add_24/Add;model/tf.math.multiply_29/Mul,"[np.int32(1), np.int32(28), np.int32(28), np.int32(256)]",float32,802816,,
convnext_base-convnext-base-float,427,model/tf.math.add_25/Add,"[np.int32(1), np.int32(28), np.int32(28), np.int32(256)]",float32,802816,,
convnext_base-convnext-base-float,428,model/tf.math.reduce_mean_16/Mean,"[np.int32(1), np.int32(28), np.int32(28), np.int32(1)]",float32,3136,,
convnext_base-convnext-base-float,429,model/tf.math.squared_difference_8/SquaredDifference,"[np.int32(1), np.int32(28), np.int32(28), np.int32(256)]",float32,802816,,
convnext_base-convnext-base-float,430,model/tf.math.reduce_mean_17/Mean,"[np.int32(1), np.int32(28), np.int32(28), np.int32(1)]",float32,3136,,
convnext_base-convnext-base-float,431,model/tf.__operators__.add_16/AddV2,"[np.int32(1), np.int32(28), np.int32(28), np.int32(1)]",float32,3136,,
convnext_base-convnext-base-float,432,model/tf.math.rsqrt_8/Rsqrt,"[np.int32(1), np.int32(28), np.int32(28), np.int32(1)]",float32,3136,,
convnext_base-convnext-base-float,433,model/tf.math.multiply_30/Mul,"[np.int32(1), np.int32(28), np.int32(28), np.int32(256)]",float32,802816,,
convnext_base-convnext-base-float,434,model/tf.math.multiply_31/Mul,"[np.int32(1), np.int32(28), np.int32(28), np.int32(256)]",float32,802816,,
convnext_base-convnext-base-float,435,model/tf.math.multiply_32/Mul,"[np.int32(1), np.int32(28), np.int32(28), np.int32(256)]",float32,802816,,
convnext_base-convnext-base-float,436,model/tf.math.subtract_9/Sub,"[np.int32(1), np.int32(28), np.int32(28), np.int32(256)]",float32,802816,,
convnext_base-convnext-base-float,437,model/tf.__operators__.add_17/AddV2,"[np.int32(1), np.int32(28), np.int32(28), np.int32(256)]",float32,802816,,
convnext_base-convnext-base-float,438,model/tf.math.add_26/Add;model/dynamic_conv2d_2/DynamicConv2D,"[np.int32(1), np.int32(14), np.int32(14), np.int32(512)]",float32,401408,,
convnext_base-convnext-base-float,439,model/tf.math.add_27/Add;model/.net/features/5/0/block/0/Conv/depthwise,"[np.int32(1), np.int32(14), np.int32(14), np.int32(512)]",float32,401408,,
convnext_base-convnext-base-float,440,model/tf.math.reduce_mean_18/Mean,"[np.int32(1), np.int32(14), np.int32(14), np.int32(1)]",float32,784,,
convnext_base-convnext-base-float,441,model/tf.math.squared_difference_9/SquaredDifference,"[np.int32(1), np.int32(14), np.int32(14), np.int32(512)]",float32,401408,,
convnext_base-convnext-base-float,442,model/tf.math.reduce_mean_19/Mean,"[np.int32(1), np.int32(14), np.int32(14), np.int32(1)]",float32,784,,
convnext_base-convnext-base-float,443,model/tf.__operators__.add_18/AddV2,"[np.int32(1), np.int32(14), np.int32(14), np.int32(1)]",float32,784,,
convnext_base-convnext-base-float,444,model/tf.math.rsqrt_9/Rsqrt,"[np.int32(1), np.int32(14), np.int32(14), np.int32(1)]",float32,784,,
convnext_base-convnext-base-float,445,model/tf.math.multiply_33/Mul,"[np.int32(1), np.int32(14), np.int32(14), np.int32(512)]",float32,401408,,
convnext_base-convnext-base-float,446,model/tf.math.multiply_34/Mul,"[np.int32(1), np.int32(14), np.int32(14), np.int32(512)]",float32,401408,,
convnext_base-convnext-base-float,447,model/tf.math.multiply_35/Mul,"[np.int32(1), np.int32(14), np.int32(14), np.int32(512)]",float32,401408,,
convnext_base-convnext-base-float,448,model/tf.math.subtract_10/Sub,"[np.int32(1), np.int32(14), np.int32(14), np.int32(512)]",float32,401408,,
convnext_base-convnext-base-float,449,model/tf.__operators__.add_19/AddV2,"[np.int32(1), np.int32(14), np.int32(14), np.int32(512)]",float32,401408,,
convnext_base-convnext-base-float,450,model/tf.linalg.matmul_12/MatMul;model/tf.math.add_28/Add,"[np.int32(1), np.int32(14), np.int32(14), np.int32(2048)]",float32,1605632,,
convnext_base-convnext-base-float,451,model/tf.nn.gelu_6/Gelu/mul_1;model/tf.nn.gelu_6/Gelu/mul;model/tf.nn.gelu_6/Gelu/truediv;model/tf.nn.gelu_6/Gelu/Erf;model/tf.nn.gelu_6/Gelu/add,"[np.int32(1), np.int32(14), np.int32(14), np.int32(2048)]",float32,1605632,,
convnext_base-convnext-base-float,452,model/tf.linalg.matmul_13/MatMul;model/tf.math.add_29/Add;model/tf.math.multiply_36/Mul,"[np.int32(1), np.int32(14), np.int32(14), np.int32(512)]",float32,401408,,
convnext_base-convnext-base-float,453,model/tf.math.add_30/Add,"[np.int32(1), np.int32(14), np.int32(14), np.int32(512)]",float32,401408,,
convnext_base-convnext-base-float,454,model/tf.math.add_31/Add;model/.net/features/5/1/block/0/Conv/depthwise,"[np.int32(1), np.int32(14), np.int32(14), np.int32(512)]",float32,401408,,
convnext_base-convnext-base-float,455,model/tf.math.reduce_mean_20/Mean,"[np.int32(1), np.int32(14), np.int32(14), np.int32(1)]",float32,784,,
convnext_base-convnext-base-float,456,model/tf.math.squared_difference_10/SquaredDifference,"[np.int32(1), np.int32(14), np.int32(14), np.int32(512)]",float32,401408,,
convnext_base-convnext-base-float,457,model/tf.math.reduce_mean_21/Mean,"[np.int32(1), np.int32(14), np.int32(14), np.int32(1)]",float32,784,,
convnext_base-convnext-base-float,458,model/tf.__operators__.add_20/AddV2,"[np.int32(1), np.int32(14), np.int32(14), np.int32(1)]",float32,784,,
convnext_base-convnext-base-float,459,model/tf.math.rsqrt_10/Rsqrt,"[np.int32(1), np.int32(14), np.int32(14), np.int32(1)]",float32,784,,
convnext_base-convnext-base-float,460,model/tf.math.multiply_37/Mul,"[np.int32(1), np.int32(14), np.int32(14), np.int32(512)]",float32,401408,,
convnext_base-convnext-base-float,461,model/tf.math.multiply_38/Mul,"[np.int32(1), np.int32(14), np.int32(14), np.int32(512)]",float32,401408,,
convnext_base-convnext-base-float,462,model/tf.math.multiply_39/Mul,"[np.int32(1), np.int32(14), np.int32(14), np.int32(512)]",float32,401408,,
convnext_base-convnext-base-float,463,model/tf.math.subtract_11/Sub,"[np.int32(1), np.int32(14), np.int32(14), np.int32(512)]",float32,401408,,
convnext_base-convnext-base-float,464,model/tf.__operators__.add_21/AddV2,"[np.int32(1), np.int32(14), np.int32(14), np.int32(512)]",float32,401408,,
convnext_base-convnext-base-float,465,model/tf.linalg.matmul_14/MatMul;model/tf.math.add_32/Add,"[np.int32(1), np.int32(14), np.int32(14), np.int32(2048)]",float32,1605632,,
convnext_base-convnext-base-float,466,model/tf.nn.gelu_7/Gelu/mul_1;model/tf.nn.gelu_7/Gelu/mul;model/tf.nn.gelu_7/Gelu/truediv;model/tf.nn.gelu_7/Gelu/Erf;model/tf.nn.gelu_7/Gelu/add,"[np.int32(1), np.int32(14), np.int32(14), np.int32(2048)]",float32,1605632,,
convnext_base-convnext-base-float,467,model/tf.linalg.matmul_15/MatMul;model/tf.math.add_33/Add;model/tf.math.multiply_40/Mul,"[np.int32(1), np.int32(14), np.int32(14), np.int32(512)]",float32,401408,,
convnext_base-convnext-base-float,468,model/tf.math.add_34/Add,"[np.int32(1), np.int32(14), np.int32(14), np.int32(512)]",float32,401408,,
convnext_base-convnext-base-float,469,model/tf.math.add_35/Add;model/.net/features/5/2/block/0/Conv/depthwise,"[np.int32(1), np.int32(14), np.int32(14), np.int32(512)]",float32,401408,,
convnext_base-convnext-base-float,470,model/tf.math.reduce_mean_22/Mean,"[np.int32(1), np.int32(14), np.int32(14), np.int32(1)]",float32,784,,
convnext_base-convnext-base-float,471,model/tf.math.squared_difference_11/SquaredDifference,"[np.int32(1), np.int32(14), np.int32(14), np.int32(512)]",float32,401408,,
convnext_base-convnext-base-float,472,model/tf.math.reduce_mean_23/Mean,"[np.int32(1), np.int32(14), np.int32(14), np.int32(1)]",float32,784,,
convnext_base-convnext-base-float,473,model/tf.__operators__.add_22/AddV2,"[np.int32(1), np.int32(14), np.int32(14), np.int32(1)]",float32,784,,
convnext_base-convnext-base-float,474,model/tf.math.rsqrt_11/Rsqrt,"[np.int32(1), np.int32(14), np.int32(14), np.int32(1)]",float32,784,,
convnext_base-convnext-base-float,475,model/tf.math.multiply_41/Mul,"[np.int32(1), np.int32(14), np.int32(14), np.int32(512)]",float32,401408,,
convnext_base-convnext-base-float,476,model/tf.math.multiply_42/Mul,"[np.int32(1), np.int32(14), np.int32(14), np.int32(512)]",float32,401408,,
convnext_base-convnext-base-float,477,model/tf.math.multiply_43/Mul,"[np.int32(1), np.int32(14), np.int32(14), np.int32(512)]",float32,401408,,
convnext_base-convnext-base-float,478,model/tf.math.subtract_12/Sub,"[np.int32(1), np.int32(14), np.int32(14), np.int32(512)]",float32,401408,,
convnext_base-convnext-base-float,479,model/tf.__operators__.add_23/AddV2,"[np.int32(1), np.int32(14), np.int32(14), np.int32(512)]",float32,401408,,
convnext_base-convnext-base-float,480,model/tf.linalg.matmul_16/MatMul;model/tf.math.add_36/Add,"[np.int32(1), np.int32(14), np.int32(14), np.int32(2048)]",float32,1605632,,
convnext_base-convnext-base-float,481,model/tf.nn.gelu_8/Gelu/mul_1;model/tf.nn.gelu_8/Gelu/mul;model/tf.nn.gelu_8/Gelu/truediv;model/tf.nn.gelu_8/Gelu/Erf;model/tf.nn.gelu_8/Gelu/add,"[np.int32(1), np.int32(14), np.int32(14), np.int32(2048)]",float32,1605632,,
convnext_base-convnext-base-float,482,model/tf.linalg.matmul_17/MatMul;model/tf.math.add_37/Add;model/tf.math.multiply_44/Mul,"[np.int32(1), np.int32(14), np.int32(14), np.int32(512)]",float32,401408,,
convnext_base-convnext-base-float,483,model/tf.math.add_38/Add,"[np.int32(1), np.int32(14), np.int32(14), np.int32(512)]",float32,401408,,
convnext_base-convnext-base-float,484,model/tf.math.add_39/Add;model/.net/features/5/3/block/0/Conv/depthwise,"[np.int32(1), np.int32(14), np.int32(14), np.int32(512)]",float32,401408,,
convnext_base-convnext-base-float,485,model/tf.math.reduce_mean_24/Mean,"[np.int32(1), np.int32(14), np.int32(14), np.int32(1)]",float32,784,,
convnext_base-convnext-base-float,486,model/tf.math.squared_difference_12/SquaredDifference,"[np.int32(1), np.int32(14), np.int32(14), np.int32(512)]",float32,401408,,
convnext_base-convnext-base-float,487,model/tf.math.reduce_mean_25/Mean,"[np.int32(1), np.int32(14), np.int32(14), np.int32(1)]",float32,784,,
convnext_base-convnext-base-float,488,model/tf.__operators__.add_24/AddV2,"[np.int32(1), np.int32(14), np.int32(14), np.int32(1)]",float32,784,,
convnext_base-convnext-base-float,489,model/tf.math.rsqrt_12/Rsqrt,"[np.int32(1), np.int32(14), np.int32(14), np.int32(1)]",float32,784,,
convnext_base-convnext-base-float,490,model/tf.math.multiply_45/Mul,"[np.int32(1), np.int32(14), np.int32(14), np.int32(512)]",float32,401408,,
convnext_base-convnext-base-float,491,model/tf.math.multiply_46/Mul,"[np.int32(1), np.int32(14), np.int32(14), np.int32(512)]",float32,401408,,
convnext_base-convnext-base-float,492,model/tf.math.multiply_47/Mul,"[np.int32(1), np.int32(14), np.int32(14), np.int32(512)]",float32,401408,,
convnext_base-convnext-base-float,493,model/tf.math.subtract_13/Sub,"[np.int32(1), np.int32(14), np.int32(14), np.int32(512)]",float32,401408,,
convnext_base-convnext-base-float,494,model/tf.__operators__.add_25/AddV2,"[np.int32(1), np.int32(14), np.int32(14), np.int32(512)]",float32,401408,,
convnext_base-convnext-base-float,495,model/tf.linalg.matmul_18/MatMul;model/tf.math.add_40/Add,"[np.int32(1), np.int32(14), np.int32(14), np.int32(2048)]",float32,1605632,,
convnext_base-convnext-base-float,496,model/tf.nn.gelu_9/Gelu/mul_1;model/tf.nn.gelu_9/Gelu/mul;model/tf.nn.gelu_9/Gelu/truediv;model/tf.nn.gelu_9/Gelu/Erf;model/tf.nn.gelu_9/Gelu/add,"[np.int32(1), np.int32(14), np.int32(14), np.int32(2048)]",float32,1605632,,
convnext_base-convnext-base-float,497,model/tf.linalg.matmul_19/MatMul;model/tf.math.add_41/Add;model/tf.math.multiply_48/Mul,"[np.int32(1), np.int32(14), np.int32(14), np.int32(512)]",float32,401408,,
convnext_base-convnext-base-float,498,model/tf.math.add_42/Add,"[np.int32(1), np.int32(14), np.int32(14), np.int32(512)]",float32,401408,,
convnext_base-convnext-base-float,499,model/tf.math.add_43/Add;model/.net/features/5/4/block/0/Conv/depthwise,"[np.int32(1), np.int32(14), np.int32(14), np.int32(512)]",float32,401408,,
convnext_base-convnext-base-float,500,model/tf.math.reduce_mean_26/Mean,"[np.int32(1), np.int32(14), np.int32(14), np.int32(1)]",float32,784,,
convnext_base-convnext-base-float,501,model/tf.math.squared_difference_13/SquaredDifference,"[np.int32(1), np.int32(14), np.int32(14), np.int32(512)]",float32,401408,,
convnext_base-convnext-base-float,502,model/tf.math.reduce_mean_27/Mean,"[np.int32(1), np.int32(14), np.int32(14), np.int32(1)]",float32,784,,
convnext_base-convnext-base-float,503,model/tf.__operators__.add_26/AddV2,"[np.int32(1), np.int32(14), np.int32(14), np.int32(1)]",float32,784,,
convnext_base-convnext-base-float,504,model/tf.math.rsqrt_13/Rsqrt,"[np.int32(1), np.int32(14), np.int32(14), np.int32(1)]",float32,784,,
convnext_base-convnext-base-float,505,model/tf.math.multiply_49/Mul,"[np.int32(1), np.int32(14), np.int32(14), np.int32(512)]",float32,401408,,
convnext_base-convnext-base-float,506,model/tf.math.multiply_50/Mul,"[np.int32(1), np.int32(14), np.int32(14), np.int32(512)]",float32,401408,,
convnext_base-convnext-base-float,507,model/tf.math.multiply_51/Mul,"[np.int32(1), np.int32(14), np.int32(14), np.int32(512)]",float32,401408,,
convnext_base-convnext-base-float,508,model/tf.math.subtract_14/Sub,"[np.int32(1), np.int32(14), np.int32(14), np.int32(512)]",float32,401408,,
convnext_base-convnext-base-float,509,model/tf.__operators__.add_27/AddV2,"[np.int32(1), np.int32(14), np.int32(14), np.int32(512)]",float32,401408,,
convnext_base-convnext-base-float,510,model/tf.linalg.matmul_20/MatMul;model/tf.math.add_44/Add,"[np.int32(1), np.int32(14), np.int32(14), np.int32(2048)]",float32,1605632,,
convnext_base-convnext-base-float,511,model/tf.nn.gelu_10/Gelu/mul_1;model/tf.nn.gelu_10/Gelu/mul;model/tf.nn.gelu_10/Gelu/truediv;model/tf.nn.gelu_10/Gelu/Erf;model/tf.nn.gelu_10/Gelu/add,"[np.int32(1), np.int32(14), np.int32(14), np.int32(2048)]",float32,1605632,,
convnext_base-convnext-base-float,512,model/tf.linalg.matmul_21/MatMul;model/tf.math.add_45/Add;model/tf.math.multiply_52/Mul,"[np.int32(1), np.int32(14), np.int32(14), np.int32(512)]",float32,401408,,
convnext_base-convnext-base-float,513,model/tf.math.add_46/Add,"[np.int32(1), np.int32(14), np.int32(14), np.int32(512)]",float32,401408,,
convnext_base-convnext-base-float,514,model/tf.math.add_47/Add;model/.net/features/5/5/block/0/Conv/depthwise,"[np.int32(1), np.int32(14), np.int32(14), np.int32(512)]",float32,401408,,
convnext_base-convnext-base-float,515,model/tf.math.reduce_mean_28/Mean,"[np.int32(1), np.int32(14), np.int32(14), np.int32(1)]",float32,784,,
convnext_base-convnext-base-float,516,model/tf.math.squared_difference_14/SquaredDifference,"[np.int32(1), np.int32(14), np.int32(14), np.int32(512)]",float32,401408,,
convnext_base-convnext-base-float,517,model/tf.math.reduce_mean_29/Mean,"[np.int32(1), np.int32(14), np.int32(14), np.int32(1)]",float32,784,,
convnext_base-convnext-base-float,518,model/tf.__operators__.add_28/AddV2,"[np.int32(1), np.int32(14), np.int32(14), np.int32(1)]",float32,784,,
convnext_base-convnext-base-float,519,model/tf.math.rsqrt_14/Rsqrt,"[np.int32(1), np.int32(14), np.int32(14), np.int32(1)]",float32,784,,
convnext_base-convnext-base-float,520,model/tf.math.multiply_53/Mul,"[np.int32(1), np.int32(14), np.int32(14), np.int32(512)]",float32,401408,,
convnext_base-convnext-base-float,521,model/tf.math.multiply_54/Mul,"[np.int32(1), np.int32(14), np.int32(14), np.int32(512)]",float32,401408,,
convnext_base-convnext-base-float,522,model/tf.math.multiply_55/Mul,"[np.int32(1), np.int32(14), np.int32(14), np.int32(512)]",float32,401408,,
convnext_base-convnext-base-float,523,model/tf.math.subtract_15/Sub,"[np.int32(1), np.int32(14), np.int32(14), np.int32(512)]",float32,401408,,
convnext_base-convnext-base-float,524,model/tf.__operators__.add_29/AddV2,"[np.int32(1), np.int32(14), np.int32(14), np.int32(512)]",float32,401408,,
convnext_base-convnext-base-float,525,model/tf.linalg.matmul_22/MatMul;model/tf.math.add_48/Add,"[np.int32(1), np.int32(14), np.int32(14), np.int32(2048)]",float32,1605632,,
convnext_base-convnext-base-float,526,model/tf.nn.gelu_11/Gelu/mul_1;model/tf.nn.gelu_11/Gelu/mul;model/tf.nn.gelu_11/Gelu/truediv;model/tf.nn.gelu_11/Gelu/Erf;model/tf.nn.gelu_11/Gelu/add,"[np.int32(1), np.int32(14), np.int32(14), np.int32(2048)]",float32,1605632,,
convnext_base-convnext-base-float,527,model/tf.linalg.matmul_23/MatMul;model/tf.math.add_49/Add;model/tf.math.multiply_56/Mul,"[np.int32(1), np.int32(14), np.int32(14), np.int32(512)]",float32,401408,,
convnext_base-convnext-base-float,528,model/tf.math.add_50/Add,"[np.int32(1), np.int32(14), np.int32(14), np.int32(512)]",float32,401408,,
convnext_base-convnext-base-float,529,model/tf.math.add_51/Add;model/.net/features/5/6/block/0/Conv/depthwise,"[np.int32(1), np.int32(14), np.int32(14), np.int32(512)]",float32,401408,,
convnext_base-convnext-base-float,530,model/tf.math.reduce_mean_30/Mean,"[np.int32(1), np.int32(14), np.int32(14), np.int32(1)]",float32,784,,
convnext_base-convnext-base-float,531,model/tf.math.squared_difference_15/SquaredDifference,"[np.int32(1), np.int32(14), np.int32(14), np.int32(512)]",float32,401408,,
convnext_base-convnext-base-float,532,model/tf.math.reduce_mean_31/Mean,"[np.int32(1), np.int32(14), np.int32(14), np.int32(1)]",float32,784,,
convnext_base-convnext-base-float,533,model/tf.__operators__.add_30/AddV2,"[np.int32(1), np.int32(14), np.int32(14), np.int32(1)]",float32,784,,
convnext_base-convnext-base-float,534,model/tf.math.rsqrt_15/Rsqrt,"[np.int32(1), np.int32(14), np.int32(14), np.int32(1)]",float32,784,,
convnext_base-convnext-base-float,535,model/tf.math.multiply_57/Mul,"[np.int32(1), np.int32(14), np.int32(14), np.int32(512)]",float32,401408,,
convnext_base-convnext-base-float,536,model/tf.math.multiply_58/Mul,"[np.int32(1), np.int32(14), np.int32(14), np.int32(512)]",float32,401408,,
convnext_base-convnext-base-float,537,model/tf.math.multiply_59/Mul,"[np.int32(1), np.int32(14), np.int32(14), np.int32(512)]",float32,401408,,
convnext_base-convnext-base-float,538,model/tf.math.subtract_16/Sub,"[np.int32(1), np.int32(14), np.int32(14), np.int32(512)]",float32,401408,,
convnext_base-convnext-base-float,539,model/tf.__operators__.add_31/AddV2,"[np.int32(1), np.int32(14), np.int32(14), np.int32(512)]",float32,401408,,
convnext_base-convnext-base-float,540,model/tf.linalg.matmul_24/MatMul;model/tf.math.add_52/Add,"[np.int32(1), np.int32(14), np.int32(14), np.int32(2048)]",float32,1605632,,
convnext_base-convnext-base-float,541,model/tf.nn.gelu_12/Gelu/mul_1;model/tf.nn.gelu_12/Gelu/mul;model/tf.nn.gelu_12/Gelu/truediv;model/tf.nn.gelu_12/Gelu/Erf;model/tf.nn.gelu_12/Gelu/add,"[np.int32(1), np.int32(14), np.int32(14), np.int32(2048)]",float32,1605632,,
convnext_base-convnext-base-float,542,model/tf.linalg.matmul_25/MatMul;model/tf.math.add_53/Add;model/tf.math.multiply_60/Mul,"[np.int32(1), np.int32(14), np.int32(14), np.int32(512)]",float32,401408,,
convnext_base-convnext-base-float,543,model/tf.math.add_54/Add,"[np.int32(1), np.int32(14), np.int32(14), np.int32(512)]",float32,401408,,
convnext_base-convnext-base-float,544,model/tf.math.add_55/Add;model/.net/features/5/7/block/0/Conv/depthwise,"[np.int32(1), np.int32(14), np.int32(14), np.int32(512)]",float32,401408,,
convnext_base-convnext-base-float,545,model/tf.math.reduce_mean_32/Mean,"[np.int32(1), np.int32(14), np.int32(14), np.int32(1)]",float32,784,,
convnext_base-convnext-base-float,546,model/tf.math.squared_difference_16/SquaredDifference,"[np.int32(1), np.int32(14), np.int32(14), np.int32(512)]",float32,401408,,
convnext_base-convnext-base-float,547,model/tf.math.reduce_mean_33/Mean,"[np.int32(1), np.int32(14), np.int32(14), np.int32(1)]",float32,784,,
convnext_base-convnext-base-float,548,model/tf.__operators__.add_32/AddV2,"[np.int32(1), np.int32(14), np.int32(14), np.int32(1)]",float32,784,,
convnext_base-convnext-base-float,549,model/tf.math.rsqrt_16/Rsqrt,"[np.int32(1), np.int32(14), np.int32(14), np.int32(1)]",float32,784,,
convnext_base-convnext-base-float,550,model/tf.math.multiply_61/Mul,"[np.int32(1), np.int32(14), np.int32(14), np.int32(512)]",float32,401408,,
convnext_base-convnext-base-float,551,model/tf.math.multiply_62/Mul,"[np.int32(1), np.int32(14), np.int32(14), np.int32(512)]",float32,401408,,
convnext_base-convnext-base-float,552,model/tf.math.multiply_63/Mul,"[np.int32(1), np.int32(14), np.int32(14), np.int32(512)]",float32,401408,,
convnext_base-convnext-base-float,553,model/tf.math.subtract_17/Sub,"[np.int32(1), np.int32(14), np.int32(14), np.int32(512)]",float32,401408,,
convnext_base-convnext-base-float,554,model/tf.__operators__.add_33/AddV2,"[np.int32(1), np.int32(14), np.int32(14), np.int32(512)]",float32,401408,,
convnext_base-convnext-base-float,555,model/tf.linalg.matmul_26/MatMul;model/tf.math.add_56/Add,"[np.int32(1), np.int32(14), np.int32(14), np.int32(2048)]",float32,1605632,,
convnext_base-convnext-base-float,556,model/tf.nn.gelu_13/Gelu/mul_1;model/tf.nn.gelu_13/Gelu/mul;model/tf.nn.gelu_13/Gelu/truediv;model/tf.nn.gelu_13/Gelu/Erf;model/tf.nn.gelu_13/Gelu/add,"[np.int32(1), np.int32(14), np.int32(14), np.int32(2048)]",float32,1605632,,
convnext_base-convnext-base-float,557,model/tf.linalg.matmul_27/MatMul;model/tf.math.add_57/Add;model/tf.math.multiply_64/Mul,"[np.int32(1), np.int32(14), np.int32(14), np.int32(512)]",float32,401408,,
convnext_base-convnext-base-float,558,model/tf.math.add_58/Add,"[np.int32(1), np.int32(14), np.int32(14), np.int32(512)]",float32,401408,,
convnext_base-convnext-base-float,559,model/tf.math.add_59/Add;model/.net/features/5/8/block/0/Conv/depthwise,"[np.int32(1), np.int32(14), np.int32(14), np.int32(512)]",float32,401408,,
convnext_base-convnext-base-float,560,model/tf.math.reduce_mean_34/Mean,"[np.int32(1), np.int32(14), np.int32(14), np.int32(1)]",float32,784,,
convnext_base-convnext-base-float,561,model/tf.math.squared_difference_17/SquaredDifference,"[np.int32(1), np.int32(14), np.int32(14), np.int32(512)]",float32,401408,,
convnext_base-convnext-base-float,562,model/tf.math.reduce_mean_35/Mean,"[np.int32(1), np.int32(14), np.int32(14), np.int32(1)]",float32,784,,
convnext_base-convnext-base-float,563,model/tf.__operators__.add_34/AddV2,"[np.int32(1), np.int32(14), np.int32(14), np.int32(1)]",float32,784,,
convnext_base-convnext-base-float,564,model/tf.math.rsqrt_17/Rsqrt,"[np.int32(1), np.int32(14), np.int32(14), np.int32(1)]",float32,784,,
convnext_base-convnext-base-float,565,model/tf.math.multiply_65/Mul,"[np.int32(1), np.int32(14), np.int32(14), np.int32(512)]",float32,401408,,
convnext_base-convnext-base-float,566,model/tf.math.multiply_66/Mul,"[np.int32(1), np.int32(14), np.int32(14), np.int32(512)]",float32,401408,,
convnext_base-convnext-base-float,567,model/tf.math.multiply_67/Mul,"[np.int32(1), np.int32(14), np.int32(14), np.int32(512)]",float32,401408,,
convnext_base-convnext-base-float,568,model/tf.math.subtract_18/Sub,"[np.int32(1), np.int32(14), np.int32(14), np.int32(512)]",float32,401408,,
convnext_base-convnext-base-float,569,model/tf.__operators__.add_35/AddV2,"[np.int32(1), np.int32(14), np.int32(14), np.int32(512)]",float32,401408,,
convnext_base-convnext-base-float,570,model/tf.linalg.matmul_28/MatMul;model/tf.math.add_60/Add,"[np.int32(1), np.int32(14), np.int32(14), np.int32(2048)]",float32,1605632,,
convnext_base-convnext-base-float,571,model/tf.nn.gelu_14/Gelu/mul_1;model/tf.nn.gelu_14/Gelu/mul;model/tf.nn.gelu_14/Gelu/truediv;model/tf.nn.gelu_14/Gelu/Erf;model/tf.nn.gelu_14/Gelu/add,"[np.int32(1), np.int32(14), np.int32(14), np.int32(2048)]",float32,1605632,,
convnext_base-convnext-base-float,572,model/tf.linalg.matmul_29/MatMul;model/tf.math.add_61/Add;model/tf.math.multiply_68/Mul,"[np.int32(1), np.int32(14), np.int32(14), np.int32(512)]",float32,401408,,
convnext_base-convnext-base-float,573,model/tf.math.add_62/Add,"[np.int32(1), np.int32(14), np.int32(14), np.int32(512)]",float32,401408,,
convnext_base-convnext-base-float,574,model/tf.math.add_63/Add;model/.net/features/5/9/block/0/Conv/depthwise,"[np.int32(1), np.int32(14), np.int32(14), np.int32(512)]",float32,401408,,
convnext_base-convnext-base-float,575,model/tf.math.reduce_mean_36/Mean,"[np.int32(1), np.int32(14), np.int32(14), np.int32(1)]",float32,784,,
convnext_base-convnext-base-float,576,model/tf.math.squared_difference_18/SquaredDifference,"[np.int32(1), np.int32(14), np.int32(14), np.int32(512)]",float32,401408,,
convnext_base-convnext-base-float,577,model/tf.math.reduce_mean_37/Mean,"[np.int32(1), np.int32(14), np.int32(14), np.int32(1)]",float32,784,,
convnext_base-convnext-base-float,578,model/tf.__operators__.add_36/AddV2,"[np.int32(1), np.int32(14), np.int32(14), np.int32(1)]",float32,784,,
convnext_base-convnext-base-float,579,model/tf.math.rsqrt_18/Rsqrt,"[np.int32(1), np.int32(14), np.int32(14), np.int32(1)]",float32,784,,
convnext_base-convnext-base-float,580,model/tf.math.multiply_69/Mul,"[np.int32(1), np.int32(14), np.int32(14), np.int32(512)]",float32,401408,,
convnext_base-convnext-base-float,581,model/tf.math.multiply_70/Mul,"[np.int32(1), np.int32(14), np.int32(14), np.int32(512)]",float32,401408,,
convnext_base-convnext-base-float,582,model/tf.math.multiply_71/Mul,"[np.int32(1), np.int32(14), np.int32(14), np.int32(512)]",float32,401408,,
convnext_base-convnext-base-float,583,model/tf.math.subtract_19/Sub,"[np.int32(1), np.int32(14), np.int32(14), np.int32(512)]",float32,401408,,
convnext_base-convnext-base-float,584,model/tf.__operators__.add_37/AddV2,"[np.int32(1), np.int32(14), np.int32(14), np.int32(512)]",float32,401408,,
convnext_base-convnext-base-float,585,model/tf.linalg.matmul_30/MatMul;model/tf.math.add_64/Add,"[np.int32(1), np.int32(14), np.int32(14), np.int32(2048)]",float32,1605632,,
convnext_base-convnext-base-float,586,model/tf.nn.gelu_15/Gelu/mul_1;model/tf.nn.gelu_15/Gelu/mul;model/tf.nn.gelu_15/Gelu/truediv;model/tf.nn.gelu_15/Gelu/Erf;model/tf.nn.gelu_15/Gelu/add,"[np.int32(1), np.int32(14), np.int32(14), np.int32(2048)]",float32,1605632,,
convnext_base-convnext-base-float,587,model/tf.linalg.matmul_31/MatMul;model/tf.math.add_65/Add;model/tf.math.multiply_72/Mul,"[np.int32(1), np.int32(14), np.int32(14), np.int32(512)]",float32,401408,,
convnext_base-convnext-base-float,588,model/tf.math.add_66/Add,"[np.int32(1), np.int32(14), np.int32(14), np.int32(512)]",float32,401408,,
convnext_base-convnext-base-float,589,model/tf.math.add_67/Add;model/.net/features/5/10/block/0/Conv/depthwise,"[np.int32(1), np.int32(14), np.int32(14), np.int32(512)]",float32,401408,,
convnext_base-convnext-base-float,590,model/tf.math.reduce_mean_38/Mean,"[np.int32(1), np.int32(14), np.int32(14), np.int32(1)]",float32,784,,
convnext_base-convnext-base-float,591,model/tf.math.squared_difference_19/SquaredDifference,"[np.int32(1), np.int32(14), np.int32(14), np.int32(512)]",float32,401408,,
convnext_base-convnext-base-float,592,model/tf.math.reduce_mean_39/Mean,"[np.int32(1), np.int32(14), np.int32(14), np.int32(1)]",float32,784,,
convnext_base-convnext-base-float,593,model/tf.__operators__.add_38/AddV2,"[np.int32(1), np.int32(14), np.int32(14), np.int32(1)]",float32,784,,
convnext_base-convnext-base-float,594,model/tf.math.rsqrt_19/Rsqrt,"[np.int32(1), np.int32(14), np.int32(14), np.int32(1)]",float32,784,,
convnext_base-convnext-base-float,595,model/tf.math.multiply_73/Mul,"[np.int32(1), np.int32(14), np.int32(14), np.int32(512)]",float32,401408,,
convnext_base-convnext-base-float,596,model/tf.math.multiply_74/Mul,"[np.int32(1), np.int32(14), np.int32(14), np.int32(512)]",float32,401408,,
convnext_base-convnext-base-float,597,model/tf.math.multiply_75/Mul,"[np.int32(1), np.int32(14), np.int32(14), np.int32(512)]",float32,401408,,
convnext_base-convnext-base-float,598,model/tf.math.subtract_20/Sub,"[np.int32(1), np.int32(14), np.int32(14), np.int32(512)]",float32,401408,,
convnext_base-convnext-base-float,599,model/tf.__operators__.add_39/AddV2,"[np.int32(1), np.int32(14), np.int32(14), np.int32(512)]",float32,401408,,
convnext_base-convnext-base-float,600,model/tf.linalg.matmul_32/MatMul;model/tf.math.add_68/Add,"[np.int32(1), np.int32(14), np.int32(14), np.int32(2048)]",float32,1605632,,
convnext_base-convnext-base-float,601,model/tf.nn.gelu_16/Gelu/mul_1;model/tf.nn.gelu_16/Gelu/mul;model/tf.nn.gelu_16/Gelu/truediv;model/tf.nn.gelu_16/Gelu/Erf;model/tf.nn.gelu_16/Gelu/add,"[np.int32(1), np.int32(14), np.int32(14), np.int32(2048)]",float32,1605632,,
convnext_base-convnext-base-float,602,model/tf.linalg.matmul_33/MatMul;model/tf.math.add_69/Add;model/tf.math.multiply_76/Mul,"[np.int32(1), np.int32(14), np.int32(14), np.int32(512)]",float32,401408,,
convnext_base-convnext-base-float,603,model/tf.math.add_70/Add,"[np.int32(1), np.int32(14), np.int32(14), np.int32(512)]",float32,401408,,
convnext_base-convnext-base-float,604,model/tf.math.add_71/Add;model/.net/features/5/11/block/0/Conv/depthwise,"[np.int32(1), np.int32(14), np.int32(14), np.int32(512)]",float32,401408,,
convnext_base-convnext-base-float,605,model/tf.math.reduce_mean_40/Mean,"[np.int32(1), np.int32(14), np.int32(14), np.int32(1)]",float32,784,,
convnext_base-convnext-base-float,606,model/tf.math.squared_difference_20/SquaredDifference,"[np.int32(1), np.int32(14), np.int32(14), np.int32(512)]",float32,401408,,
convnext_base-convnext-base-float,607,model/tf.math.reduce_mean_41/Mean,"[np.int32(1), np.int32(14), np.int32(14), np.int32(1)]",float32,784,,
convnext_base-convnext-base-float,608,model/tf.__operators__.add_40/AddV2,"[np.int32(1), np.int32(14), np.int32(14), np.int32(1)]",float32,784,,
convnext_base-convnext-base-float,609,model/tf.math.rsqrt_20/Rsqrt,"[np.int32(1), np.int32(14), np.int32(14), np.int32(1)]",float32,784,,
convnext_base-convnext-base-float,610,model/tf.math.multiply_77/Mul,"[np.int32(1), np.int32(14), np.int32(14), np.int32(512)]",float32,401408,,
convnext_base-convnext-base-float,611,model/tf.math.multiply_78/Mul,"[np.int32(1), np.int32(14), np.int32(14), np.int32(512)]",float32,401408,,
convnext_base-convnext-base-float,612,model/tf.math.multiply_79/Mul,"[np.int32(1), np.int32(14), np.int32(14), np.int32(512)]",float32,401408,,
convnext_base-convnext-base-float,613,model/tf.math.subtract_21/Sub,"[np.int32(1), np.int32(14), np.int32(14), np.int32(512)]",float32,401408,,
convnext_base-convnext-base-float,614,model/tf.__operators__.add_41/AddV2,"[np.int32(1), np.int32(14), np.int32(14), np.int32(512)]",float32,401408,,
convnext_base-convnext-base-float,615,model/tf.linalg.matmul_34/MatMul;model/tf.math.add_72/Add,"[np.int32(1), np.int32(14), np.int32(14), np.int32(2048)]",float32,1605632,,
convnext_base-convnext-base-float,616,model/tf.nn.gelu_17/Gelu/mul_1;model/tf.nn.gelu_17/Gelu/mul;model/tf.nn.gelu_17/Gelu/truediv;model/tf.nn.gelu_17/Gelu/Erf;model/tf.nn.gelu_17/Gelu/add,"[np.int32(1), np.int32(14), np.int32(14), np.int32(2048)]",float32,1605632,,
convnext_base-convnext-base-float,617,model/tf.linalg.matmul_35/MatMul;model/tf.math.add_73/Add;model/tf.math.multiply_80/Mul,"[np.int32(1), np.int32(14), np.int32(14), np.int32(512)]",float32,401408,,
convnext_base-convnext-base-float,618,model/tf.math.add_74/Add,"[np.int32(1), np.int32(14), np.int32(14), np.int32(512)]",float32,401408,,
convnext_base-convnext-base-float,619,model/tf.math.add_75/Add;model/.net/features/5/12/block/0/Conv/depthwise,"[np.int32(1), np.int32(14), np.int32(14), np.int32(512)]",float32,401408,,
convnext_base-convnext-base-float,620,model/tf.math.reduce_mean_42/Mean,"[np.int32(1), np.int32(14), np.int32(14), np.int32(1)]",float32,784,,
convnext_base-convnext-base-float,621,model/tf.math.squared_difference_21/SquaredDifference,"[np.int32(1), np.int32(14), np.int32(14), np.int32(512)]",float32,401408,,
convnext_base-convnext-base-float,622,model/tf.math.reduce_mean_43/Mean,"[np.int32(1), np.int32(14), np.int32(14), np.int32(1)]",float32,784,,
convnext_base-convnext-base-float,623,model/tf.__operators__.add_42/AddV2,"[np.int32(1), np.int32(14), np.int32(14), np.int32(1)]",float32,784,,
convnext_base-convnext-base-float,624,model/tf.math.rsqrt_21/Rsqrt,"[np.int32(1), np.int32(14), np.int32(14), np.int32(1)]",float32,784,,
convnext_base-convnext-base-float,625,model/tf.math.multiply_81/Mul,"[np.int32(1), np.int32(14), np.int32(14), np.int32(512)]",float32,401408,,
convnext_base-convnext-base-float,626,model/tf.math.multiply_82/Mul,"[np.int32(1), np.int32(14), np.int32(14), np.int32(512)]",float32,401408,,
convnext_base-convnext-base-float,627,model/tf.math.multiply_83/Mul,"[np.int32(1), np.int32(14), np.int32(14), np.int32(512)]",float32,401408,,
convnext_base-convnext-base-float,628,model/tf.math.subtract_22/Sub,"[np.int32(1), np.int32(14), np.int32(14), np.int32(512)]",float32,401408,,
convnext_base-convnext-base-float,629,model/tf.__operators__.add_43/AddV2,"[np.int32(1), np.int32(14), np.int32(14), np.int32(512)]",float32,401408,,
convnext_base-convnext-base-float,630,model/tf.linalg.matmul_36/MatMul;model/tf.math.add_76/Add,"[np.int32(1), np.int32(14), np.int32(14), np.int32(2048)]",float32,1605632,,
convnext_base-convnext-base-float,631,model/tf.nn.gelu_18/Gelu/mul_1;model/tf.nn.gelu_18/Gelu/mul;model/tf.nn.gelu_18/Gelu/truediv;model/tf.nn.gelu_18/Gelu/Erf;model/tf.nn.gelu_18/Gelu/add,"[np.int32(1), np.int32(14), np.int32(14), np.int32(2048)]",float32,1605632,,
convnext_base-convnext-base-float,632,model/tf.linalg.matmul_37/MatMul;model/tf.math.add_77/Add;model/tf.math.multiply_84/Mul,"[np.int32(1), np.int32(14), np.int32(14), np.int32(512)]",float32,401408,,
convnext_base-convnext-base-float,633,model/tf.math.add_78/Add,"[np.int32(1), np.int32(14), np.int32(14), np.int32(512)]",float32,401408,,
convnext_base-convnext-base-float,634,model/tf.math.add_79/Add;model/.net/features/5/13/block/0/Conv/depthwise,"[np.int32(1), np.int32(14), np.int32(14), np.int32(512)]",float32,401408,,
convnext_base-convnext-base-float,635,model/tf.math.reduce_mean_44/Mean,"[np.int32(1), np.int32(14), np.int32(14), np.int32(1)]",float32,784,,
convnext_base-convnext-base-float,636,model/tf.math.squared_difference_22/SquaredDifference,"[np.int32(1), np.int32(14), np.int32(14), np.int32(512)]",float32,401408,,
convnext_base-convnext-base-float,637,model/tf.math.reduce_mean_45/Mean,"[np.int32(1), np.int32(14), np.int32(14), np.int32(1)]",float32,784,,
convnext_base-convnext-base-float,638,model/tf.__operators__.add_44/AddV2,"[np.int32(1), np.int32(14), np.int32(14), np.int32(1)]",float32,784,,
convnext_base-convnext-base-float,639,model/tf.math.rsqrt_22/Rsqrt,"[np.int32(1), np.int32(14), np.int32(14), np.int32(1)]",float32,784,,
convnext_base-convnext-base-float,640,model/tf.math.multiply_85/Mul,"[np.int32(1), np.int32(14), np.int32(14), np.int32(512)]",float32,401408,,
convnext_base-convnext-base-float,641,model/tf.math.multiply_86/Mul,"[np.int32(1), np.int32(14), np.int32(14), np.int32(512)]",float32,401408,,
convnext_base-convnext-base-float,642,model/tf.math.multiply_87/Mul,"[np.int32(1), np.int32(14), np.int32(14), np.int32(512)]",float32,401408,,
convnext_base-convnext-base-float,643,model/tf.math.subtract_23/Sub,"[np.int32(1), np.int32(14), np.int32(14), np.int32(512)]",float32,401408,,
convnext_base-convnext-base-float,644,model/tf.__operators__.add_45/AddV2,"[np.int32(1), np.int32(14), np.int32(14), np.int32(512)]",float32,401408,,
convnext_base-convnext-base-float,645,model/tf.linalg.matmul_38/MatMul;model/tf.math.add_80/Add,"[np.int32(1), np.int32(14), np.int32(14), np.int32(2048)]",float32,1605632,,
convnext_base-convnext-base-float,646,model/tf.nn.gelu_19/Gelu/mul_1;model/tf.nn.gelu_19/Gelu/mul;model/tf.nn.gelu_19/Gelu/truediv;model/tf.nn.gelu_19/Gelu/Erf;model/tf.nn.gelu_19/Gelu/add,"[np.int32(1), np.int32(14), np.int32(14), np.int32(2048)]",float32,1605632,,
convnext_base-convnext-base-float,647,model/tf.linalg.matmul_39/MatMul;model/tf.math.add_81/Add;model/tf.math.multiply_88/Mul,"[np.int32(1), np.int32(14), np.int32(14), np.int32(512)]",float32,401408,,
convnext_base-convnext-base-float,648,model/tf.math.add_82/Add,"[np.int32(1), np.int32(14), np.int32(14), np.int32(512)]",float32,401408,,
convnext_base-convnext-base-float,649,model/tf.math.add_83/Add;model/.net/features/5/14/block/0/Conv/depthwise,"[np.int32(1), np.int32(14), np.int32(14), np.int32(512)]",float32,401408,,
convnext_base-convnext-base-float,650,model/tf.math.reduce_mean_46/Mean,"[np.int32(1), np.int32(14), np.int32(14), np.int32(1)]",float32,784,,
convnext_base-convnext-base-float,651,model/tf.math.squared_difference_23/SquaredDifference,"[np.int32(1), np.int32(14), np.int32(14), np.int32(512)]",float32,401408,,
convnext_base-convnext-base-float,652,model/tf.math.reduce_mean_47/Mean,"[np.int32(1), np.int32(14), np.int32(14), np.int32(1)]",float32,784,,
convnext_base-convnext-base-float,653,model/tf.__operators__.add_46/AddV2,"[np.int32(1), np.int32(14), np.int32(14), np.int32(1)]",float32,784,,
convnext_base-convnext-base-float,654,model/tf.math.rsqrt_23/Rsqrt,"[np.int32(1), np.int32(14), np.int32(14), np.int32(1)]",float32,784,,
convnext_base-convnext-base-float,655,model/tf.math.multiply_89/Mul,"[np.int32(1), np.int32(14), np.int32(14), np.int32(512)]",float32,401408,,
convnext_base-convnext-base-float,656,model/tf.math.multiply_90/Mul,"[np.int32(1), np.int32(14), np.int32(14), np.int32(512)]",float32,401408,,
convnext_base-convnext-base-float,657,model/tf.math.multiply_91/Mul,"[np.int32(1), np.int32(14), np.int32(14), np.int32(512)]",float32,401408,,
convnext_base-convnext-base-float,658,model/tf.math.subtract_24/Sub,"[np.int32(1), np.int32(14), np.int32(14), np.int32(512)]",float32,401408,,
convnext_base-convnext-base-float,659,model/tf.__operators__.add_47/AddV2,"[np.int32(1), np.int32(14), np.int32(14), np.int32(512)]",float32,401408,,
convnext_base-convnext-base-float,660,model/tf.linalg.matmul_40/MatMul;model/tf.math.add_84/Add,"[np.int32(1), np.int32(14), np.int32(14), np.int32(2048)]",float32,1605632,,
convnext_base-convnext-base-float,661,model/tf.nn.gelu_20/Gelu/mul_1;model/tf.nn.gelu_20/Gelu/mul;model/tf.nn.gelu_20/Gelu/truediv;model/tf.nn.gelu_20/Gelu/Erf;model/tf.nn.gelu_20/Gelu/add,"[np.int32(1), np.int32(14), np.int32(14), np.int32(2048)]",float32,1605632,,
convnext_base-convnext-base-float,662,model/tf.linalg.matmul_41/MatMul;model/tf.math.add_85/Add;model/tf.math.multiply_92/Mul,"[np.int32(1), np.int32(14), np.int32(14), np.int32(512)]",float32,401408,,
convnext_base-convnext-base-float,663,model/tf.math.add_86/Add,"[np.int32(1), np.int32(14), np.int32(14), np.int32(512)]",float32,401408,,
convnext_base-convnext-base-float,664,model/tf.math.add_87/Add;model/.net/features/5/15/block/0/Conv/depthwise,"[np.int32(1), np.int32(14), np.int32(14), np.int32(512)]",float32,401408,,
convnext_base-convnext-base-float,665,model/tf.math.reduce_mean_48/Mean,"[np.int32(1), np.int32(14), np.int32(14), np.int32(1)]",float32,784,,
convnext_base-convnext-base-float,666,model/tf.math.squared_difference_24/SquaredDifference,"[np.int32(1), np.int32(14), np.int32(14), np.int32(512)]",float32,401408,,
convnext_base-convnext-base-float,667,model/tf.math.reduce_mean_49/Mean,"[np.int32(1), np.int32(14), np.int32(14), np.int32(1)]",float32,784,,
convnext_base-convnext-base-float,668,model/tf.__operators__.add_48/AddV2,"[np.int32(1), np.int32(14), np.int32(14), np.int32(1)]",float32,784,,
convnext_base-convnext-base-float,669,model/tf.math.rsqrt_24/Rsqrt,"[np.int32(1), np.int32(14), np.int32(14), np.int32(1)]",float32,784,,
convnext_base-convnext-base-float,670,model/tf.math.multiply_93/Mul,"[np.int32(1), np.int32(14), np.int32(14), np.int32(512)]",float32,401408,,
convnext_base-convnext-base-float,671,model/tf.math.multiply_94/Mul,"[np.int32(1), np.int32(14), np.int32(14), np.int32(512)]",float32,401408,,
convnext_base-convnext-base-float,672,model/tf.math.multiply_95/Mul,"[np.int32(1), np.int32(14), np.int32(14), np.int32(512)]",float32,401408,,
convnext_base-convnext-base-float,673,model/tf.math.subtract_25/Sub,"[np.int32(1), np.int32(14), np.int32(14), np.int32(512)]",float32,401408,,
convnext_base-convnext-base-float,674,model/tf.__operators__.add_49/AddV2,"[np.int32(1), np.int32(14), np.int32(14), np.int32(512)]",float32,401408,,
convnext_base-convnext-base-float,675,model/tf.linalg.matmul_42/MatMul;model/tf.math.add_88/Add,"[np.int32(1), np.int32(14), np.int32(14), np.int32(2048)]",float32,1605632,,
convnext_base-convnext-base-float,676,model/tf.nn.gelu_21/Gelu/mul_1;model/tf.nn.gelu_21/Gelu/mul;model/tf.nn.gelu_21/Gelu/truediv;model/tf.nn.gelu_21/Gelu/Erf;model/tf.nn.gelu_21/Gelu/add,"[np.int32(1), np.int32(14), np.int32(14), np.int32(2048)]",float32,1605632,,
convnext_base-convnext-base-float,677,model/tf.linalg.matmul_43/MatMul;model/tf.math.add_89/Add;model/tf.math.multiply_96/Mul,"[np.int32(1), np.int32(14), np.int32(14), np.int32(512)]",float32,401408,,
convnext_base-convnext-base-float,678,model/tf.math.add_90/Add,"[np.int32(1), np.int32(14), np.int32(14), np.int32(512)]",float32,401408,,
convnext_base-convnext-base-float,679,model/tf.math.add_91/Add;model/.net/features/5/16/block/0/Conv/depthwise,"[np.int32(1), np.int32(14), np.int32(14), np.int32(512)]",float32,401408,,
convnext_base-convnext-base-float,680,model/tf.math.reduce_mean_50/Mean,"[np.int32(1), np.int32(14), np.int32(14), np.int32(1)]",float32,784,,
convnext_base-convnext-base-float,681,model/tf.math.squared_difference_25/SquaredDifference,"[np.int32(1), np.int32(14), np.int32(14), np.int32(512)]",float32,401408,,
convnext_base-convnext-base-float,682,model/tf.math.reduce_mean_51/Mean,"[np.int32(1), np.int32(14), np.int32(14), np.int32(1)]",float32,784,,
convnext_base-convnext-base-float,683,model/tf.__operators__.add_50/AddV2,"[np.int32(1), np.int32(14), np.int32(14), np.int32(1)]",float32,784,,
convnext_base-convnext-base-float,684,model/tf.math.rsqrt_25/Rsqrt,"[np.int32(1), np.int32(14), np.int32(14), np.int32(1)]",float32,784,,
convnext_base-convnext-base-float,685,model/tf.math.multiply_97/Mul,"[np.int32(1), np.int32(14), np.int32(14), np.int32(512)]",float32,401408,,
convnext_base-convnext-base-float,686,model/tf.math.multiply_98/Mul,"[np.int32(1), np.int32(14), np.int32(14), np.int32(512)]",float32,401408,,
convnext_base-convnext-base-float,687,model/tf.math.multiply_99/Mul,"[np.int32(1), np.int32(14), np.int32(14), np.int32(512)]",float32,401408,,
convnext_base-convnext-base-float,688,model/tf.math.subtract_26/Sub,"[np.int32(1), np.int32(14), np.int32(14), np.int32(512)]",float32,401408,,
convnext_base-convnext-base-float,689,model/tf.__operators__.add_51/AddV2,"[np.int32(1), np.int32(14), np.int32(14), np.int32(512)]",float32,401408,,
convnext_base-convnext-base-float,690,model/tf.linalg.matmul_44/MatMul;model/tf.math.add_92/Add,"[np.int32(1), np.int32(14), np.int32(14), np.int32(2048)]",float32,1605632,,
convnext_base-convnext-base-float,691,model/tf.nn.gelu_22/Gelu/mul_1;model/tf.nn.gelu_22/Gelu/mul;model/tf.nn.gelu_22/Gelu/truediv;model/tf.nn.gelu_22/Gelu/Erf;model/tf.nn.gelu_22/Gelu/add,"[np.int32(1), np.int32(14), np.int32(14), np.int32(2048)]",float32,1605632,,
convnext_base-convnext-base-float,692,model/tf.linalg.matmul_45/MatMul;model/tf.math.add_93/Add;model/tf.math.multiply_100/Mul,"[np.int32(1), np.int32(14), np.int32(14), np.int32(512)]",float32,401408,,
convnext_base-convnext-base-float,693,model/tf.math.add_94/Add,"[np.int32(1), np.int32(14), np.int32(14), np.int32(512)]",float32,401408,,
convnext_base-convnext-base-float,694,model/tf.math.add_95/Add;model/.net/features/5/17/block/0/Conv/depthwise,"[np.int32(1), np.int32(14), np.int32(14), np.int32(512)]",float32,401408,,
convnext_base-convnext-base-float,695,model/tf.math.reduce_mean_52/Mean,"[np.int32(1), np.int32(14), np.int32(14), np.int32(1)]",float32,784,,
convnext_base-convnext-base-float,696,model/tf.math.squared_difference_26/SquaredDifference,"[np.int32(1), np.int32(14), np.int32(14), np.int32(512)]",float32,401408,,
convnext_base-convnext-base-float,697,model/tf.math.reduce_mean_53/Mean,"[np.int32(1), np.int32(14), np.int32(14), np.int32(1)]",float32,784,,
convnext_base-convnext-base-float,698,model/tf.__operators__.add_52/AddV2,"[np.int32(1), np.int32(14), np.int32(14), np.int32(1)]",float32,784,,
convnext_base-convnext-base-float,699,model/tf.math.rsqrt_26/Rsqrt,"[np.int32(1), np.int32(14), np.int32(14), np.int32(1)]",float32,784,,
convnext_base-convnext-base-float,700,model/tf.math.multiply_101/Mul,"[np.int32(1), np.int32(14), np.int32(14), np.int32(512)]",float32,401408,,
convnext_base-convnext-base-float,701,model/tf.math.multiply_102/Mul,"[np.int32(1), np.int32(14), np.int32(14), np.int32(512)]",float32,401408,,
convnext_base-convnext-base-float,702,model/tf.math.multiply_103/Mul,"[np.int32(1), np.int32(14), np.int32(14), np.int32(512)]",float32,401408,,
convnext_base-convnext-base-float,703,model/tf.math.subtract_27/Sub,"[np.int32(1), np.int32(14), np.int32(14), np.int32(512)]",float32,401408,,
convnext_base-convnext-base-float,704,model/tf.__operators__.add_53/AddV2,"[np.int32(1), np.int32(14), np.int32(14), np.int32(512)]",float32,401408,,
convnext_base-convnext-base-float,705,model/tf.linalg.matmul_46/MatMul;model/tf.math.add_96/Add,"[np.int32(1), np.int32(14), np.int32(14), np.int32(2048)]",float32,1605632,,
convnext_base-convnext-base-float,706,model/tf.nn.gelu_23/Gelu/mul_1;model/tf.nn.gelu_23/Gelu/mul;model/tf.nn.gelu_23/Gelu/truediv;model/tf.nn.gelu_23/Gelu/Erf;model/tf.nn.gelu_23/Gelu/add,"[np.int32(1), np.int32(14), np.int32(14), np.int32(2048)]",float32,1605632,,
convnext_base-convnext-base-float,707,model/tf.linalg.matmul_47/MatMul;model/tf.math.add_97/Add;model/tf.math.multiply_104/Mul,"[np.int32(1), np.int32(14), np.int32(14), np.int32(512)]",float32,401408,,
convnext_base-convnext-base-float,708,model/tf.math.add_98/Add,"[np.int32(1), np.int32(14), np.int32(14), np.int32(512)]",float32,401408,,
convnext_base-convnext-base-float,709,model/tf.math.add_99/Add;model/.net/features/5/18/block/0/Conv/depthwise,"[np.int32(1), np.int32(14), np.int32(14), np.int32(512)]",float32,401408,,
convnext_base-convnext-base-float,710,model/tf.math.reduce_mean_54/Mean,"[np.int32(1), np.int32(14), np.int32(14), np.int32(1)]",float32,784,,
convnext_base-convnext-base-float,711,model/tf.math.squared_difference_27/SquaredDifference,"[np.int32(1), np.int32(14), np.int32(14), np.int32(512)]",float32,401408,,
convnext_base-convnext-base-float,712,model/tf.math.reduce_mean_55/Mean,"[np.int32(1), np.int32(14), np.int32(14), np.int32(1)]",float32,784,,
convnext_base-convnext-base-float,713,model/tf.__operators__.add_54/AddV2,"[np.int32(1), np.int32(14), np.int32(14), np.int32(1)]",float32,784,,
convnext_base-convnext-base-float,714,model/tf.math.rsqrt_27/Rsqrt,"[np.int32(1), np.int32(14), np.int32(14), np.int32(1)]",float32,784,,
convnext_base-convnext-base-float,715,model/tf.math.multiply_105/Mul,"[np.int32(1), np.int32(14), np.int32(14), np.int32(512)]",float32,401408,,
convnext_base-convnext-base-float,716,model/tf.math.multiply_106/Mul,"[np.int32(1), np.int32(14), np.int32(14), np.int32(512)]",float32,401408,,
convnext_base-convnext-base-float,717,model/tf.math.multiply_107/Mul,"[np.int32(1), np.int32(14), np.int32(14), np.int32(512)]",float32,401408,,
convnext_base-convnext-base-float,718,model/tf.math.subtract_28/Sub,"[np.int32(1), np.int32(14), np.int32(14), np.int32(512)]",float32,401408,,
convnext_base-convnext-base-float,719,model/tf.__operators__.add_55/AddV2,"[np.int32(1), np.int32(14), np.int32(14), np.int32(512)]",float32,401408,,
convnext_base-convnext-base-float,720,model/tf.linalg.matmul_48/MatMul;model/tf.math.add_100/Add,"[np.int32(1), np.int32(14), np.int32(14), np.int32(2048)]",float32,1605632,,
convnext_base-convnext-base-float,721,model/tf.nn.gelu_24/Gelu/mul_1;model/tf.nn.gelu_24/Gelu/mul;model/tf.nn.gelu_24/Gelu/truediv;model/tf.nn.gelu_24/Gelu/Erf;model/tf.nn.gelu_24/Gelu/add,"[np.int32(1), np.int32(14), np.int32(14), np.int32(2048)]",float32,1605632,,
convnext_base-convnext-base-float,722,model/tf.linalg.matmul_49/MatMul;model/tf.math.add_101/Add;model/tf.math.multiply_108/Mul,"[np.int32(1), np.int32(14), np.int32(14), np.int32(512)]",float32,401408,,
convnext_base-convnext-base-float,723,model/tf.math.add_102/Add,"[np.int32(1), np.int32(14), np.int32(14), np.int32(512)]",float32,401408,,
convnext_base-convnext-base-float,724,model/tf.math.add_103/Add;model/.net/features/5/19/block/0/Conv/depthwise,"[np.int32(1), np.int32(14), np.int32(14), np.int32(512)]",float32,401408,,
convnext_base-convnext-base-float,725,model/tf.math.reduce_mean_56/Mean,"[np.int32(1), np.int32(14), np.int32(14), np.int32(1)]",float32,784,,
convnext_base-convnext-base-float,726,model/tf.math.squared_difference_28/SquaredDifference,"[np.int32(1), np.int32(14), np.int32(14), np.int32(512)]",float32,401408,,
convnext_base-convnext-base-float,727,model/tf.math.reduce_mean_57/Mean,"[np.int32(1), np.int32(14), np.int32(14), np.int32(1)]",float32,784,,
convnext_base-convnext-base-float,728,model/tf.__operators__.add_56/AddV2,"[np.int32(1), np.int32(14), np.int32(14), np.int32(1)]",float32,784,,
convnext_base-convnext-base-float,729,model/tf.math.rsqrt_28/Rsqrt,"[np.int32(1), np.int32(14), np.int32(14), np.int32(1)]",float32,784,,
convnext_base-convnext-base-float,730,model/tf.math.multiply_109/Mul,"[np.int32(1), np.int32(14), np.int32(14), np.int32(512)]",float32,401408,,
convnext_base-convnext-base-float,731,model/tf.math.multiply_110/Mul,"[np.int32(1), np.int32(14), np.int32(14), np.int32(512)]",float32,401408,,
convnext_base-convnext-base-float,732,model/tf.math.multiply_111/Mul,"[np.int32(1), np.int32(14), np.int32(14), np.int32(512)]",float32,401408,,
convnext_base-convnext-base-float,733,model/tf.math.subtract_29/Sub,"[np.int32(1), np.int32(14), np.int32(14), np.int32(512)]",float32,401408,,
convnext_base-convnext-base-float,734,model/tf.__operators__.add_57/AddV2,"[np.int32(1), np.int32(14), np.int32(14), np.int32(512)]",float32,401408,,
convnext_base-convnext-base-float,735,model/tf.linalg.matmul_50/MatMul;model/tf.math.add_104/Add,"[np.int32(1), np.int32(14), np.int32(14), np.int32(2048)]",float32,1605632,,
convnext_base-convnext-base-float,736,model/tf.nn.gelu_25/Gelu/mul_1;model/tf.nn.gelu_25/Gelu/mul;model/tf.nn.gelu_25/Gelu/truediv;model/tf.nn.gelu_25/Gelu/Erf;model/tf.nn.gelu_25/Gelu/add,"[np.int32(1), np.int32(14), np.int32(14), np.int32(2048)]",float32,1605632,,
convnext_base-convnext-base-float,737,model/tf.linalg.matmul_51/MatMul;model/tf.math.add_105/Add;model/tf.math.multiply_112/Mul,"[np.int32(1), np.int32(14), np.int32(14), np.int32(512)]",float32,401408,,
convnext_base-convnext-base-float,738,model/tf.math.add_106/Add,"[np.int32(1), np.int32(14), np.int32(14), np.int32(512)]",float32,401408,,
convnext_base-convnext-base-float,739,model/tf.math.add_107/Add;model/.net/features/5/20/block/0/Conv/depthwise,"[np.int32(1), np.int32(14), np.int32(14), np.int32(512)]",float32,401408,,
convnext_base-convnext-base-float,740,model/tf.math.reduce_mean_58/Mean,"[np.int32(1), np.int32(14), np.int32(14), np.int32(1)]",float32,784,,
convnext_base-convnext-base-float,741,model/tf.math.squared_difference_29/SquaredDifference,"[np.int32(1), np.int32(14), np.int32(14), np.int32(512)]",float32,401408,,
convnext_base-convnext-base-float,742,model/tf.math.reduce_mean_59/Mean,"[np.int32(1), np.int32(14), np.int32(14), np.int32(1)]",float32,784,,
convnext_base-convnext-base-float,743,model/tf.__operators__.add_58/AddV2,"[np.int32(1), np.int32(14), np.int32(14), np.int32(1)]",float32,784,,
convnext_base-convnext-base-float,744,model/tf.math.rsqrt_29/Rsqrt,"[np.int32(1), np.int32(14), np.int32(14), np.int32(1)]",float32,784,,
convnext_base-convnext-base-float,745,model/tf.math.multiply_113/Mul,"[np.int32(1), np.int32(14), np.int32(14), np.int32(512)]",float32,401408,,
convnext_base-convnext-base-float,746,model/tf.math.multiply_114/Mul,"[np.int32(1), np.int32(14), np.int32(14), np.int32(512)]",float32,401408,,
convnext_base-convnext-base-float,747,model/tf.math.multiply_115/Mul,"[np.int32(1), np.int32(14), np.int32(14), np.int32(512)]",float32,401408,,
convnext_base-convnext-base-float,748,model/tf.math.subtract_30/Sub,"[np.int32(1), np.int32(14), np.int32(14), np.int32(512)]",float32,401408,,
convnext_base-convnext-base-float,749,model/tf.__operators__.add_59/AddV2,"[np.int32(1), np.int32(14), np.int32(14), np.int32(512)]",float32,401408,,
convnext_base-convnext-base-float,750,model/tf.linalg.matmul_52/MatMul;model/tf.math.add_108/Add,"[np.int32(1), np.int32(14), np.int32(14), np.int32(2048)]",float32,1605632,,
convnext_base-convnext-base-float,751,model/tf.nn.gelu_26/Gelu/mul_1;model/tf.nn.gelu_26/Gelu/mul;model/tf.nn.gelu_26/Gelu/truediv;model/tf.nn.gelu_26/Gelu/Erf;model/tf.nn.gelu_26/Gelu/add,"[np.int32(1), np.int32(14), np.int32(14), np.int32(2048)]",float32,1605632,,
convnext_base-convnext-base-float,752,model/tf.linalg.matmul_53/MatMul;model/tf.math.add_109/Add;model/tf.math.multiply_116/Mul,"[np.int32(1), np.int32(14), np.int32(14), np.int32(512)]",float32,401408,,
convnext_base-convnext-base-float,753,model/tf.math.add_110/Add,"[np.int32(1), np.int32(14), np.int32(14), np.int32(512)]",float32,401408,,
convnext_base-convnext-base-float,754,model/tf.math.add_111/Add;model/.net/features/5/21/block/0/Conv/depthwise,"[np.int32(1), np.int32(14), np.int32(14), np.int32(512)]",float32,401408,,
convnext_base-convnext-base-float,755,model/tf.math.reduce_mean_60/Mean,"[np.int32(1), np.int32(14), np.int32(14), np.int32(1)]",float32,784,,
convnext_base-convnext-base-float,756,model/tf.math.squared_difference_30/SquaredDifference,"[np.int32(1), np.int32(14), np.int32(14), np.int32(512)]",float32,401408,,
convnext_base-convnext-base-float,757,model/tf.math.reduce_mean_61/Mean,"[np.int32(1), np.int32(14), np.int32(14), np.int32(1)]",float32,784,,
convnext_base-convnext-base-float,758,model/tf.__operators__.add_60/AddV2,"[np.int32(1), np.int32(14), np.int32(14), np.int32(1)]",float32,784,,
convnext_base-convnext-base-float,759,model/tf.math.rsqrt_30/Rsqrt,"[np.int32(1), np.int32(14), np.int32(14), np.int32(1)]",float32,784,,
convnext_base-convnext-base-float,760,model/tf.math.multiply_117/Mul,"[np.int32(1), np.int32(14), np.int32(14), np.int32(512)]",float32,401408,,
convnext_base-convnext-base-float,761,model/tf.math.multiply_118/Mul,"[np.int32(1), np.int32(14), np.int32(14), np.int32(512)]",float32,401408,,
convnext_base-convnext-base-float,762,model/tf.math.multiply_119/Mul,"[np.int32(1), np.int32(14), np.int32(14), np.int32(512)]",float32,401408,,
convnext_base-convnext-base-float,763,model/tf.math.subtract_31/Sub,"[np.int32(1), np.int32(14), np.int32(14), np.int32(512)]",float32,401408,,
convnext_base-convnext-base-float,764,model/tf.__operators__.add_61/AddV2,"[np.int32(1), np.int32(14), np.int32(14), np.int32(512)]",float32,401408,,
convnext_base-convnext-base-float,765,model/tf.linalg.matmul_54/MatMul;model/tf.math.add_112/Add,"[np.int32(1), np.int32(14), np.int32(14), np.int32(2048)]",float32,1605632,,
convnext_base-convnext-base-float,766,model/tf.nn.gelu_27/Gelu/mul_1;model/tf.nn.gelu_27/Gelu/mul;model/tf.nn.gelu_27/Gelu/truediv;model/tf.nn.gelu_27/Gelu/Erf;model/tf.nn.gelu_27/Gelu/add,"[np.int32(1), np.int32(14), np.int32(14), np.int32(2048)]",float32,1605632,,
convnext_base-convnext-base-float,767,model/tf.linalg.matmul_55/MatMul;model/tf.math.add_113/Add;model/tf.math.multiply_120/Mul,"[np.int32(1), np.int32(14), np.int32(14), np.int32(512)]",float32,401408,,
convnext_base-convnext-base-float,768,model/tf.math.add_114/Add,"[np.int32(1), np.int32(14), np.int32(14), np.int32(512)]",float32,401408,,
convnext_base-convnext-base-float,769,model/tf.math.add_115/Add;model/.net/features/5/22/block/0/Conv/depthwise,"[np.int32(1), np.int32(14), np.int32(14), np.int32(512)]",float32,401408,,
convnext_base-convnext-base-float,770,model/tf.math.reduce_mean_62/Mean,"[np.int32(1), np.int32(14), np.int32(14), np.int32(1)]",float32,784,,
convnext_base-convnext-base-float,771,model/tf.math.squared_difference_31/SquaredDifference,"[np.int32(1), np.int32(14), np.int32(14), np.int32(512)]",float32,401408,,
convnext_base-convnext-base-float,772,model/tf.math.reduce_mean_63/Mean,"[np.int32(1), np.int32(14), np.int32(14), np.int32(1)]",float32,784,,
convnext_base-convnext-base-float,773,model/tf.__operators__.add_62/AddV2,"[np.int32(1), np.int32(14), np.int32(14), np.int32(1)]",float32,784,,
convnext_base-convnext-base-float,774,model/tf.math.rsqrt_31/Rsqrt,"[np.int32(1), np.int32(14), np.int32(14), np.int32(1)]",float32,784,,
convnext_base-convnext-base-float,775,model/tf.math.multiply_121/Mul,"[np.int32(1), np.int32(14), np.int32(14), np.int32(512)]",float32,401408,,
convnext_base-convnext-base-float,776,model/tf.math.multiply_122/Mul,"[np.int32(1), np.int32(14), np.int32(14), np.int32(512)]",float32,401408,,
convnext_base-convnext-base-float,777,model/tf.math.multiply_123/Mul,"[np.int32(1), np.int32(14), np.int32(14), np.int32(512)]",float32,401408,,
convnext_base-convnext-base-float,778,model/tf.math.subtract_32/Sub,"[np.int32(1), np.int32(14), np.int32(14), np.int32(512)]",float32,401408,,
convnext_base-convnext-base-float,779,model/tf.__operators__.add_63/AddV2,"[np.int32(1), np.int32(14), np.int32(14), np.int32(512)]",float32,401408,,
convnext_base-convnext-base-float,780,model/tf.linalg.matmul_56/MatMul;model/tf.math.add_116/Add,"[np.int32(1), np.int32(14), np.int32(14), np.int32(2048)]",float32,1605632,,
convnext_base-convnext-base-float,781,model/tf.nn.gelu_28/Gelu/mul_1;model/tf.nn.gelu_28/Gelu/mul;model/tf.nn.gelu_28/Gelu/truediv;model/tf.nn.gelu_28/Gelu/Erf;model/tf.nn.gelu_28/Gelu/add,"[np.int32(1), np.int32(14), np.int32(14), np.int32(2048)]",float32,1605632,,
convnext_base-convnext-base-float,782,model/tf.linalg.matmul_57/MatMul;model/tf.math.add_117/Add;model/tf.math.multiply_124/Mul,"[np.int32(1), np.int32(14), np.int32(14), np.int32(512)]",float32,401408,,
convnext_base-convnext-base-float,783,model/tf.math.add_118/Add,"[np.int32(1), np.int32(14), np.int32(14), np.int32(512)]",float32,401408,,
convnext_base-convnext-base-float,784,model/tf.math.add_119/Add;model/.net/features/5/23/block/0/Conv/depthwise,"[np.int32(1), np.int32(14), np.int32(14), np.int32(512)]",float32,401408,,
convnext_base-convnext-base-float,785,model/tf.math.reduce_mean_64/Mean,"[np.int32(1), np.int32(14), np.int32(14), np.int32(1)]",float32,784,,
convnext_base-convnext-base-float,786,model/tf.math.squared_difference_32/SquaredDifference,"[np.int32(1), np.int32(14), np.int32(14), np.int32(512)]",float32,401408,,
convnext_base-convnext-base-float,787,model/tf.math.reduce_mean_65/Mean,"[np.int32(1), np.int32(14), np.int32(14), np.int32(1)]",float32,784,,
convnext_base-convnext-base-float,788,model/tf.__operators__.add_64/AddV2,"[np.int32(1), np.int32(14), np.int32(14), np.int32(1)]",float32,784,,
convnext_base-convnext-base-float,789,model/tf.math.rsqrt_32/Rsqrt,"[np.int32(1), np.int32(14), np.int32(14), np.int32(1)]",float32,784,,
convnext_base-convnext-base-float,790,model/tf.math.multiply_125/Mul,"[np.int32(1), np.int32(14), np.int32(14), np.int32(512)]",float32,401408,,
convnext_base-convnext-base-float,791,model/tf.math.multiply_126/Mul,"[np.int32(1), np.int32(14), np.int32(14), np.int32(512)]",float32,401408,,
convnext_base-convnext-base-float,792,model/tf.math.multiply_127/Mul,"[np.int32(1), np.int32(14), np.int32(14), np.int32(512)]",float32,401408,,
convnext_base-convnext-base-float,793,model/tf.math.subtract_33/Sub,"[np.int32(1), np.int32(14), np.int32(14), np.int32(512)]",float32,401408,,
convnext_base-convnext-base-float,794,model/tf.__operators__.add_65/AddV2,"[np.int32(1), np.int32(14), np.int32(14), np.int32(512)]",float32,401408,,
convnext_base-convnext-base-float,795,model/tf.linalg.matmul_58/MatMul;model/tf.math.add_120/Add,"[np.int32(1), np.int32(14), np.int32(14), np.int32(2048)]",float32,1605632,,
convnext_base-convnext-base-float,796,model/tf.nn.gelu_29/Gelu/mul_1;model/tf.nn.gelu_29/Gelu/mul;model/tf.nn.gelu_29/Gelu/truediv;model/tf.nn.gelu_29/Gelu/Erf;model/tf.nn.gelu_29/Gelu/add,"[np.int32(1), np.int32(14), np.int32(14), np.int32(2048)]",float32,1605632,,
convnext_base-convnext-base-float,797,model/tf.linalg.matmul_59/MatMul;model/tf.math.add_121/Add;model/tf.math.multiply_128/Mul,"[np.int32(1), np.int32(14), np.int32(14), np.int32(512)]",float32,401408,,
convnext_base-convnext-base-float,798,model/tf.math.add_122/Add,"[np.int32(1), np.int32(14), np.int32(14), np.int32(512)]",float32,401408,,
convnext_base-convnext-base-float,799,model/tf.math.add_123/Add;model/.net/features/5/24/block/0/Conv/depthwise,"[np.int32(1), np.int32(14), np.int32(14), np.int32(512)]",float32,401408,,
convnext_base-convnext-base-float,800,model/tf.math.reduce_mean_66/Mean,"[np.int32(1), np.int32(14), np.int32(14), np.int32(1)]",float32,784,,
convnext_base-convnext-base-float,801,model/tf.math.squared_difference_33/SquaredDifference,"[np.int32(1), np.int32(14), np.int32(14), np.int32(512)]",float32,401408,,
convnext_base-convnext-base-float,802,model/tf.math.reduce_mean_67/Mean,"[np.int32(1), np.int32(14), np.int32(14), np.int32(1)]",float32,784,,
convnext_base-convnext-base-float,803,model/tf.__operators__.add_66/AddV2,"[np.int32(1), np.int32(14), np.int32(14), np.int32(1)]",float32,784,,
convnext_base-convnext-base-float,804,model/tf.math.rsqrt_33/Rsqrt,"[np.int32(1), np.int32(14), np.int32(14), np.int32(1)]",float32,784,,
convnext_base-convnext-base-float,805,model/tf.math.multiply_129/Mul,"[np.int32(1), np.int32(14), np.int32(14), np.int32(512)]",float32,401408,,
convnext_base-convnext-base-float,806,model/tf.math.multiply_130/Mul,"[np.int32(1), np.int32(14), np.int32(14), np.int32(512)]",float32,401408,,
convnext_base-convnext-base-float,807,model/tf.math.multiply_131/Mul,"[np.int32(1), np.int32(14), np.int32(14), np.int32(512)]",float32,401408,,
convnext_base-convnext-base-float,808,model/tf.math.subtract_34/Sub,"[np.int32(1), np.int32(14), np.int32(14), np.int32(512)]",float32,401408,,
convnext_base-convnext-base-float,809,model/tf.__operators__.add_67/AddV2,"[np.int32(1), np.int32(14), np.int32(14), np.int32(512)]",float32,401408,,
convnext_base-convnext-base-float,810,model/tf.linalg.matmul_60/MatMul;model/tf.math.add_124/Add,"[np.int32(1), np.int32(14), np.int32(14), np.int32(2048)]",float32,1605632,,
convnext_base-convnext-base-float,811,model/tf.nn.gelu_30/Gelu/mul_1;model/tf.nn.gelu_30/Gelu/mul;model/tf.nn.gelu_30/Gelu/truediv;model/tf.nn.gelu_30/Gelu/Erf;model/tf.nn.gelu_30/Gelu/add,"[np.int32(1), np.int32(14), np.int32(14), np.int32(2048)]",float32,1605632,,
convnext_base-convnext-base-float,812,model/tf.linalg.matmul_61/MatMul;model/tf.math.add_125/Add;model/tf.math.multiply_132/Mul,"[np.int32(1), np.int32(14), np.int32(14), np.int32(512)]",float32,401408,,
convnext_base-convnext-base-float,813,model/tf.math.add_126/Add,"[np.int32(1), np.int32(14), np.int32(14), np.int32(512)]",float32,401408,,
convnext_base-convnext-base-float,814,model/tf.math.add_127/Add;model/.net/features/5/25/block/0/Conv/depthwise,"[np.int32(1), np.int32(14), np.int32(14), np.int32(512)]",float32,401408,,
convnext_base-convnext-base-float,815,model/tf.math.reduce_mean_68/Mean,"[np.int32(1), np.int32(14), np.int32(14), np.int32(1)]",float32,784,,
convnext_base-convnext-base-float,816,model/tf.math.squared_difference_34/SquaredDifference,"[np.int32(1), np.int32(14), np.int32(14), np.int32(512)]",float32,401408,,
convnext_base-convnext-base-float,817,model/tf.math.reduce_mean_69/Mean,"[np.int32(1), np.int32(14), np.int32(14), np.int32(1)]",float32,784,,
convnext_base-convnext-base-float,818,model/tf.__operators__.add_68/AddV2,"[np.int32(1), np.int32(14), np.int32(14), np.int32(1)]",float32,784,,
convnext_base-convnext-base-float,819,model/tf.math.rsqrt_34/Rsqrt,"[np.int32(1), np.int32(14), np.int32(14), np.int32(1)]",float32,784,,
convnext_base-convnext-base-float,820,model/tf.math.multiply_133/Mul,"[np.int32(1), np.int32(14), np.int32(14), np.int32(512)]",float32,401408,,
convnext_base-convnext-base-float,821,model/tf.math.multiply_134/Mul,"[np.int32(1), np.int32(14), np.int32(14), np.int32(512)]",float32,401408,,
convnext_base-convnext-base-float,822,model/tf.math.multiply_135/Mul,"[np.int32(1), np.int32(14), np.int32(14), np.int32(512)]",float32,401408,,
convnext_base-convnext-base-float,823,model/tf.math.subtract_35/Sub,"[np.int32(1), np.int32(14), np.int32(14), np.int32(512)]",float32,401408,,
convnext_base-convnext-base-float,824,model/tf.__operators__.add_69/AddV2,"[np.int32(1), np.int32(14), np.int32(14), np.int32(512)]",float32,401408,,
convnext_base-convnext-base-float,825,model/tf.linalg.matmul_62/MatMul;model/tf.math.add_128/Add,"[np.int32(1), np.int32(14), np.int32(14), np.int32(2048)]",float32,1605632,,
convnext_base-convnext-base-float,826,model/tf.nn.gelu_31/Gelu/mul_1;model/tf.nn.gelu_31/Gelu/mul;model/tf.nn.gelu_31/Gelu/truediv;model/tf.nn.gelu_31/Gelu/Erf;model/tf.nn.gelu_31/Gelu/add,"[np.int32(1), np.int32(14), np.int32(14), np.int32(2048)]",float32,1605632,,
convnext_base-convnext-base-float,827,model/tf.linalg.matmul_63/MatMul;model/tf.math.add_129/Add;model/tf.math.multiply_136/Mul,"[np.int32(1), np.int32(14), np.int32(14), np.int32(512)]",float32,401408,,
convnext_base-convnext-base-float,828,model/tf.math.add_130/Add,"[np.int32(1), np.int32(14), np.int32(14), np.int32(512)]",float32,401408,,
convnext_base-convnext-base-float,829,model/tf.math.add_131/Add;model/.net/features/5/26/block/0/Conv/depthwise,"[np.int32(1), np.int32(14), np.int32(14), np.int32(512)]",float32,401408,,
convnext_base-convnext-base-float,830,model/tf.math.reduce_mean_70/Mean,"[np.int32(1), np.int32(14), np.int32(14), np.int32(1)]",float32,784,,
convnext_base-convnext-base-float,831,model/tf.math.squared_difference_35/SquaredDifference,"[np.int32(1), np.int32(14), np.int32(14), np.int32(512)]",float32,401408,,
convnext_base-convnext-base-float,832,model/tf.math.reduce_mean_71/Mean,"[np.int32(1), np.int32(14), np.int32(14), np.int32(1)]",float32,784,,
convnext_base-convnext-base-float,833,model/tf.__operators__.add_70/AddV2,"[np.int32(1), np.int32(14), np.int32(14), np.int32(1)]",float32,784,,
convnext_base-convnext-base-float,834,model/tf.math.rsqrt_35/Rsqrt,"[np.int32(1), np.int32(14), np.int32(14), np.int32(1)]",float32,784,,
convnext_base-convnext-base-float,835,model/tf.math.multiply_137/Mul,"[np.int32(1), np.int32(14), np.int32(14), np.int32(512)]",float32,401408,,
convnext_base-convnext-base-float,836,model/tf.math.multiply_138/Mul,"[np.int32(1), np.int32(14), np.int32(14), np.int32(512)]",float32,401408,,
convnext_base-convnext-base-float,837,model/tf.math.multiply_139/Mul,"[np.int32(1), np.int32(14), np.int32(14), np.int32(512)]",float32,401408,,
convnext_base-convnext-base-float,838,model/tf.math.subtract_36/Sub,"[np.int32(1), np.int32(14), np.int32(14), np.int32(512)]",float32,401408,,
convnext_base-convnext-base-float,839,model/tf.__operators__.add_71/AddV2,"[np.int32(1), np.int32(14), np.int32(14), np.int32(512)]",float32,401408,,
convnext_base-convnext-base-float,840,model/tf.linalg.matmul_64/MatMul;model/tf.math.add_132/Add,"[np.int32(1), np.int32(14), np.int32(14), np.int32(2048)]",float32,1605632,,
convnext_base-convnext-base-float,841,model/tf.nn.gelu_32/Gelu/mul_1;model/tf.nn.gelu_32/Gelu/mul;model/tf.nn.gelu_32/Gelu/truediv;model/tf.nn.gelu_32/Gelu/Erf;model/tf.nn.gelu_32/Gelu/add,"[np.int32(1), np.int32(14), np.int32(14), np.int32(2048)]",float32,1605632,,
convnext_base-convnext-base-float,842,model/tf.linalg.matmul_65/MatMul;model/tf.math.add_133/Add;model/tf.math.multiply_140/Mul,"[np.int32(1), np.int32(14), np.int32(14), np.int32(512)]",float32,401408,,
convnext_base-convnext-base-float,843,model/tf.math.add_134/Add,"[np.int32(1), np.int32(14), np.int32(14), np.int32(512)]",float32,401408,,
convnext_base-convnext-base-float,844,model/tf.math.reduce_mean_72/Mean,"[np.int32(1), np.int32(14), np.int32(14), np.int32(1)]",float32,784,,
convnext_base-convnext-base-float,845,model/tf.math.squared_difference_36/SquaredDifference,"[np.int32(1), np.int32(14), np.int32(14), np.int32(512)]",float32,401408,,
convnext_base-convnext-base-float,846,model/tf.math.reduce_mean_73/Mean,"[np.int32(1), np.int32(14), np.int32(14), np.int32(1)]",float32,784,,
convnext_base-convnext-base-float,847,model/tf.__operators__.add_72/AddV2,"[np.int32(1), np.int32(14), np.int32(14), np.int32(1)]",float32,784,,
convnext_base-convnext-base-float,848,model/tf.math.rsqrt_36/Rsqrt,"[np.int32(1), np.int32(14), np.int32(14), np.int32(1)]",float32,784,,
convnext_base-convnext-base-float,849,model/tf.math.multiply_141/Mul,"[np.int32(1), np.int32(14), np.int32(14), np.int32(512)]",float32,401408,,
convnext_base-convnext-base-float,850,model/tf.math.multiply_142/Mul,"[np.int32(1), np.int32(14), np.int32(14), np.int32(512)]",float32,401408,,
convnext_base-convnext-base-float,851,model/tf.math.multiply_143/Mul,"[np.int32(1), np.int32(14), np.int32(14), np.int32(512)]",float32,401408,,
convnext_base-convnext-base-float,852,model/tf.math.subtract_37/Sub,"[np.int32(1), np.int32(14), np.int32(14), np.int32(512)]",float32,401408,,
convnext_base-convnext-base-float,853,model/tf.__operators__.add_73/AddV2,"[np.int32(1), np.int32(14), np.int32(14), np.int32(512)]",float32,401408,,
convnext_base-convnext-base-float,854,model/tf.math.add_135/Add;model/dynamic_conv2d_3/DynamicConv2D,"[np.int32(1), np.int32(7), np.int32(7), np.int32(1024)]",float32,200704,,
convnext_base-convnext-base-float,855,model/tf.math.add_136/Add;model/.net/features/7/0/block/0/Conv/depthwise,"[np.int32(1), np.int32(7), np.int32(7), np.int32(1024)]",float32,200704,,
convnext_base-convnext-base-float,856,model/tf.math.reduce_mean_74/Mean,"[np.int32(1), np.int32(7), np.int32(7), np.int32(1)]",float32,196,,
convnext_base-convnext-base-float,857,model/tf.math.squared_difference_37/SquaredDifference,"[np.int32(1), np.int32(7), np.int32(7), np.int32(1024)]",float32,200704,,
convnext_base-convnext-base-float,858,model/tf.math.reduce_mean_75/Mean,"[np.int32(1), np.int32(7), np.int32(7), np.int32(1)]",float32,196,,
convnext_base-convnext-base-float,859,model/tf.__operators__.add_74/AddV2,"[np.int32(1), np.int32(7), np.int32(7), np.int32(1)]",float32,196,,
convnext_base-convnext-base-float,860,model/tf.math.rsqrt_37/Rsqrt,"[np.int32(1), np.int32(7), np.int32(7), np.int32(1)]",float32,196,,
convnext_base-convnext-base-float,861,model/tf.math.multiply_144/Mul,"[np.int32(1), np.int32(7), np.int32(7), np.int32(1024)]",float32,200704,,
convnext_base-convnext-base-float,862,model/tf.math.multiply_145/Mul,"[np.int32(1), np.int32(7), np.int32(7), np.int32(1024)]",float32,200704,,
convnext_base-convnext-base-float,863,model/tf.math.multiply_146/Mul,"[np.int32(1), np.int32(7), np.int32(7), np.int32(1024)]",float32,200704,,
convnext_base-convnext-base-float,864,model/tf.math.subtract_38/Sub,"[np.int32(1), np.int32(7), np.int32(7), np.int32(1024)]",float32,200704,,
convnext_base-convnext-base-float,865,model/tf.__operators__.add_75/AddV2,"[np.int32(1), np.int32(7), np.int32(7), np.int32(1024)]",float32,200704,,
convnext_base-convnext-base-float,866,model/tf.linalg.matmul_66/MatMul;model/tf.math.add_137/Add,"[np.int32(1), np.int32(7), np.int32(7), np.int32(4096)]",float32,802816,,
convnext_base-convnext-base-float,867,model/tf.nn.gelu_33/Gelu/mul_1;model/tf.nn.gelu_33/Gelu/mul;model/tf.nn.gelu_33/Gelu/truediv;model/tf.nn.gelu_33/Gelu/Erf;model/tf.nn.gelu_33/Gelu/add,"[np.int32(1), np.int32(7), np.int32(7), np.int32(4096)]",float32,802816,,
convnext_base-convnext-base-float,868,model/tf.linalg.matmul_67/MatMul;model/tf.math.add_138/Add;model/tf.math.multiply_147/Mul,"[np.int32(1), np.int32(7), np.int32(7), np.int32(1024)]",float32,200704,,
convnext_base-convnext-base-float,869,model/tf.math.add_139/Add,"[np.int32(1), np.int32(7), np.int32(7), np.int32(1024)]",float32,200704,,
convnext_base-convnext-base-float,870,model/tf.math.add_140/Add;model/.net/features/7/1/block/0/Conv/depthwise,"[np.int32(1), np.int32(7), np.int32(7), np.int32(1024)]",float32,200704,,
convnext_base-convnext-base-float,871,model/tf.math.reduce_mean_76/Mean,"[np.int32(1), np.int32(7), np.int32(7), np.int32(1)]",float32,196,,
convnext_base-convnext-base-float,872,model/tf.math.squared_difference_38/SquaredDifference,"[np.int32(1), np.int32(7), np.int32(7), np.int32(1024)]",float32,200704,,
convnext_base-convnext-base-float,873,model/tf.math.reduce_mean_77/Mean,"[np.int32(1), np.int32(7), np.int32(7), np.int32(1)]",float32,196,,
convnext_base-convnext-base-float,874,model/tf.__operators__.add_76/AddV2,"[np.int32(1), np.int32(7), np.int32(7), np.int32(1)]",float32,196,,
convnext_base-convnext-base-float,875,model/tf.math.rsqrt_38/Rsqrt,"[np.int32(1), np.int32(7), np.int32(7), np.int32(1)]",float32,196,,
convnext_base-convnext-base-float,876,model/tf.math.multiply_148/Mul,"[np.int32(1), np.int32(7), np.int32(7), np.int32(1024)]",float32,200704,,
convnext_base-convnext-base-float,877,model/tf.math.multiply_149/Mul,"[np.int32(1), np.int32(7), np.int32(7), np.int32(1024)]",float32,200704,,
convnext_base-convnext-base-float,878,model/tf.math.multiply_150/Mul,"[np.int32(1), np.int32(7), np.int32(7), np.int32(1024)]",float32,200704,,
convnext_base-convnext-base-float,879,model/tf.math.subtract_39/Sub,"[np.int32(1), np.int32(7), np.int32(7), np.int32(1024)]",float32,200704,,
convnext_base-convnext-base-float,880,model/tf.__operators__.add_77/AddV2,"[np.int32(1), np.int32(7), np.int32(7), np.int32(1024)]",float32,200704,,
convnext_base-convnext-base-float,881,model/tf.linalg.matmul_68/MatMul;model/tf.math.add_141/Add,"[np.int32(1), np.int32(7), np.int32(7), np.int32(4096)]",float32,802816,,
convnext_base-convnext-base-float,882,model/tf.nn.gelu_34/Gelu/mul_1;model/tf.nn.gelu_34/Gelu/mul;model/tf.nn.gelu_34/Gelu/truediv;model/tf.nn.gelu_34/Gelu/Erf;model/tf.nn.gelu_34/Gelu/add,"[np.int32(1), np.int32(7), np.int32(7), np.int32(4096)]",float32,802816,,
convnext_base-convnext-base-float,883,model/tf.linalg.matmul_69/MatMul;model/tf.math.add_142/Add;model/tf.math.multiply_151/Mul,"[np.int32(1), np.int32(7), np.int32(7), np.int32(1024)]",float32,200704,,
convnext_base-convnext-base-float,884,model/tf.math.add_143/Add,"[np.int32(1), np.int32(7), np.int32(7), np.int32(1024)]",float32,200704,,
convnext_base-convnext-base-float,885,model/tf.math.add_144/Add;model/.net/features/7/2/block/0/Conv/depthwise,"[np.int32(1), np.int32(7), np.int32(7), np.int32(1024)]",float32,200704,,
convnext_base-convnext-base-float,886,model/tf.math.reduce_mean_78/Mean,"[np.int32(1), np.int32(7), np.int32(7), np.int32(1)]",float32,196,,
convnext_base-convnext-base-float,887,model/tf.math.squared_difference_39/SquaredDifference,"[np.int32(1), np.int32(7), np.int32(7), np.int32(1024)]",float32,200704,,
convnext_base-convnext-base-float,888,model/tf.math.reduce_mean_79/Mean,"[np.int32(1), np.int32(7), np.int32(7), np.int32(1)]",float32,196,,
convnext_base-convnext-base-float,889,model/tf.__operators__.add_78/AddV2,"[np.int32(1), np.int32(7), np.int32(7), np.int32(1)]",float32,196,,
convnext_base-convnext-base-float,890,model/tf.math.rsqrt_39/Rsqrt,"[np.int32(1), np.int32(7), np.int32(7), np.int32(1)]",float32,196,,
convnext_base-convnext-base-float,891,model/tf.math.multiply_152/Mul,"[np.int32(1), np.int32(7), np.int32(7), np.int32(1024)]",float32,200704,,
convnext_base-convnext-base-float,892,model/tf.math.multiply_153/Mul,"[np.int32(1), np.int32(7), np.int32(7), np.int32(1024)]",float32,200704,,
convnext_base-convnext-base-float,893,model/tf.math.multiply_154/Mul,"[np.int32(1), np.int32(7), np.int32(7), np.int32(1024)]",float32,200704,,
convnext_base-convnext-base-float,894,model/tf.math.subtract_40/Sub,"[np.int32(1), np.int32(7), np.int32(7), np.int32(1024)]",float32,200704,,
convnext_base-convnext-base-float,895,model/tf.__operators__.add_79/AddV2,"[np.int32(1), np.int32(7), np.int32(7), np.int32(1024)]",float32,200704,,
convnext_base-convnext-base-float,896,model/tf.linalg.matmul_70/MatMul;model/tf.math.add_145/Add,"[np.int32(1), np.int32(7), np.int32(7), np.int32(4096)]",float32,802816,,
convnext_base-convnext-base-float,897,model/tf.nn.gelu_35/Gelu/mul_1;model/tf.nn.gelu_35/Gelu/mul;model/tf.nn.gelu_35/Gelu/truediv;model/tf.nn.gelu_35/Gelu/Erf;model/tf.nn.gelu_35/Gelu/add,"[np.int32(1), np.int32(7), np.int32(7), np.int32(4096)]",float32,802816,,
convnext_base-convnext-base-float,898,model/tf.linalg.matmul_71/MatMul;model/tf.math.add_146/Add;model/tf.math.multiply_155/Mul,"[np.int32(1), np.int32(7), np.int32(7), np.int32(1024)]",float32,200704,,
convnext_base-convnext-base-float,899,model/tf.math.add_147/Add,"[np.int32(1), np.int32(7), np.int32(7), np.int32(1024)]",float32,200704,,
convnext_base-convnext-base-float,900,model/tf.math.reduce_mean_80/Mean,"[np.int32(1), np.int32(1), np.int32(1), np.int32(1024)]",float32,4096,,
convnext_base-convnext-base-float,901,model/tf.math.reduce_mean_81/Mean,"[np.int32(1), np.int32(1), np.int32(1), np.int32(1)]",float32,4,,
convnext_base-convnext-base-float,902,model/tf.math.squared_difference_40/SquaredDifference,"[np.int32(1), np.int32(1), np.int32(1), np.int32(1024)]",float32,4096,,
convnext_base-convnext-base-float,903,model/tf.math.reduce_mean_82/Mean,"[np.int32(1), np.int32(1), np.int32(1), np.int32(1)]",float32,4,,
convnext_base-convnext-base-float,904,model/tf.__operators__.add_80/AddV2,"[np.int32(1), np.int32(1), np.int32(1), np.int32(1)]",float32,4,,
convnext_base-convnext-base-float,905,model/tf.math.rsqrt_40/Rsqrt,"[np.int32(1), np.int32(1), np.int32(1), np.int32(1)]",float32,4,,
convnext_base-convnext-base-float,906,model/tf.math.multiply_156/Mul,"[np.int32(1), np.int32(1), np.int32(1), np.int32(1024)]",float32,4096,,
convnext_base-convnext-base-float,907,model/tf.math.multiply_157/Mul,"[np.int32(1), np.int32(1), np.int32(1), np.int32(1024)]",float32,4096,,
convnext_base-convnext-base-float,908,model/tf.math.multiply_158/Mul,"[np.int32(1), np.int32(1), np.int32(1), np.int32(1024)]",float32,4096,,
convnext_base-convnext-base-float,909,model/tf.math.subtract_41/Sub,"[np.int32(1), np.int32(1), np.int32(1), np.int32(1024)]",float32,4096,,
convnext_base-convnext-base-float,910,model/tf.__operators__.add_81/AddV2,"[np.int32(1), np.int32(1), np.int32(1), np.int32(1024)]",float32,4096,,
convnext_base-convnext-base-float,911,class_logits,"[np.int32(1), np.int32(1000)]",float32,4000,,
mobile_vit-mobile-vit-float,0,image_tensor,"[np.int32(1), np.int32(256), np.int32(256), np.int32(3)]",float32,786432,,
mobile_vit-mobile-vit-float,1,arith.constant,[np.int32(640)],float32,2560,,
mobile_vit-mobile-vit-float,2,arith.constant1,[np.int32(160)],float32,640,,
mobile_vit-mobile-vit-float,3,arith.constant2,[np.int32(160)],float32,640,,
mobile_vit-mobile-vit-float,4,arith.constant3,[np.int32(160)],float32,640,,
mobile_vit-mobile-vit-float,5,arith.constant4,[np.int32(160)],float32,640,,
mobile_vit-mobile-vit-float,6,arith.constant5,[np.int32(512)],float32,2048,,
mobile_vit-mobile-vit-float,7,arith.constant6,[np.int32(512)],float32,2048,,
mobile_vit-mobile-vit-float,8,arith.constant7,[np.int32(128)],float32,512,,
mobile_vit-mobile-vit-float,9,arith.constant8,[np.int32(128)],float32,512,,
mobile_vit-mobile-vit-float,10,arith.constant9,[np.int32(128)],float32,512,,
mobile_vit-mobile-vit-float,11,arith.constant10,[np.int32(128)],float32,512,,
mobile_vit-mobile-vit-float,12,arith.constant11,[np.int32(384)],float32,1536,,
mobile_vit-mobile-vit-float,13,arith.constant12,[np.int32(384)],float32,1536,,
mobile_vit-mobile-vit-float,14,arith.constant13,[np.int32(96)],float32,384,,
mobile_vit-mobile-vit-float,15,arith.constant14,[np.int32(96)],float32,384,,
mobile_vit-mobile-vit-float,16,arith.constant15,[np.int32(96)],float32,384,,
mobile_vit-mobile-vit-float,17,arith.constant16,[np.int32(96)],float32,384,,
mobile_vit-mobile-vit-float,18,arith.constant17,[np.int32(256)],float32,1024,,
mobile_vit-mobile-vit-float,19,arith.constant18,[np.int32(256)],float32,1024,,
mobile_vit-mobile-vit-float,20,arith.constant19,[np.int32(64)],float32,256,,
mobile_vit-mobile-vit-float,21,arith.constant20,[np.int32(256)],float32,1024,,
mobile_vit-mobile-vit-float,22,arith.constant21,[np.int32(256)],float32,1024,,
mobile_vit-mobile-vit-float,23,arith.constant22,[np.int32(64)],float32,256,,
mobile_vit-mobile-vit-float,24,arith.constant23,[np.int32(256)],float32,1024,,
mobile_vit-mobile-vit-float,25,arith.constant24,[np.int32(256)],float32,1024,,
mobile_vit-mobile-vit-float,26,arith.constant25,[np.int32(64)],float32,256,,
mobile_vit-mobile-vit-float,27,arith.constant26,[np.int32(128)],float32,512,,
mobile_vit-mobile-vit-float,28,arith.constant27,[np.int32(128)],float32,512,,
mobile_vit-mobile-vit-float,29,arith.constant28,[np.int32(32)],float32,128,,
mobile_vit-mobile-vit-float,30,arith.constant29,[np.int32(64)],float32,256,,
mobile_vit-mobile-vit-float,31,arith.constant30,[np.int32(64)],float32,256,,
mobile_vit-mobile-vit-float,32,arith.constant31,[np.int32(16)],float32,64,,
mobile_vit-mobile-vit-float,33,arith.constant32,"[np.int32(240), np.int32(480)]",float32,460800,,
mobile_vit-mobile-vit-float,34,arith.constant33,"[np.int32(480), np.int32(240)]",float32,460800,,
mobile_vit-mobile-vit-float,35,arith.constant34,"[np.int32(240), np.int32(240)]",float32,230400,,
mobile_vit-mobile-vit-float,36,arith.constant35,"[np.int32(720), np.int32(240)]",float32,691200,,
mobile_vit-mobile-vit-float,37,arith.constant36,"[np.int32(240), np.int32(480)]",float32,460800,,
mobile_vit-mobile-vit-float,38,arith.constant37,"[np.int32(480), np.int32(240)]",float32,460800,,
mobile_vit-mobile-vit-float,39,arith.constant38,"[np.int32(240), np.int32(240)]",float32,230400,,
mobile_vit-mobile-vit-float,40,arith.constant39,"[np.int32(720), np.int32(240)]",float32,691200,,
mobile_vit-mobile-vit-float,41,arith.constant40,"[np.int32(240), np.int32(480)]",float32,460800,,
mobile_vit-mobile-vit-float,42,arith.constant41,"[np.int32(480), np.int32(240)]",float32,460800,,
mobile_vit-mobile-vit-float,43,arith.constant42,"[np.int32(240), np.int32(240)]",float32,230400,,
mobile_vit-mobile-vit-float,44,arith.constant43,"[np.int32(720), np.int32(240)]",float32,691200,,
mobile_vit-mobile-vit-float,45,arith.constant44,"[np.int32(192), np.int32(384)]",float32,294912,,
mobile_vit-mobile-vit-float,46,arith.constant45,"[np.int32(384), np.int32(192)]",float32,294912,,
mobile_vit-mobile-vit-float,47,arith.constant46,"[np.int32(192), np.int32(192)]",float32,147456,,
mobile_vit-mobile-vit-float,48,arith.constant47,"[np.int32(576), np.int32(192)]",float32,442368,,
mobile_vit-mobile-vit-float,49,arith.constant48,"[np.int32(192), np.int32(384)]",float32,294912,,
mobile_vit-mobile-vit-float,50,arith.constant49,"[np.int32(384), np.int32(192)]",float32,294912,,
mobile_vit-mobile-vit-float,51,arith.constant50,"[np.int32(192), np.int32(192)]",float32,147456,,
mobile_vit-mobile-vit-float,52,arith.constant51,"[np.int32(576), np.int32(192)]",float32,442368,,
mobile_vit-mobile-vit-float,53,arith.constant52,"[np.int32(192), np.int32(384)]",float32,294912,,
mobile_vit-mobile-vit-float,54,arith.constant53,"[np.int32(384), np.int32(192)]",float32,294912,,
mobile_vit-mobile-vit-float,55,arith.constant54,"[np.int32(192), np.int32(192)]",float32,147456,,
mobile_vit-mobile-vit-float,56,arith.constant55,"[np.int32(576), np.int32(192)]",float32,442368,,
mobile_vit-mobile-vit-float,57,arith.constant56,"[np.int32(192), np.int32(384)]",float32,294912,,
mobile_vit-mobile-vit-float,58,arith.constant57,"[np.int32(384), np.int32(192)]",float32,294912,,
mobile_vit-mobile-vit-float,59,arith.constant58,"[np.int32(192), np.int32(192)]",float32,147456,,
mobile_vit-mobile-vit-float,60,arith.constant59,"[np.int32(576), np.int32(192)]",float32,442368,,
mobile_vit-mobile-vit-float,61,arith.constant60,"[np.int32(144), np.int32(288)]",float32,165888,,
mobile_vit-mobile-vit-float,62,arith.constant61,"[np.int32(288), np.int32(144)]",float32,165888,,
mobile_vit-mobile-vit-float,63,arith.constant62,"[np.int32(144), np.int32(144)]",float32,82944,,
mobile_vit-mobile-vit-float,64,arith.constant63,"[np.int32(432), np.int32(144)]",float32,248832,,
mobile_vit-mobile-vit-float,65,arith.constant64,"[np.int32(144), np.int32(288)]",float32,165888,,
mobile_vit-mobile-vit-float,66,arith.constant65,"[np.int32(288), np.int32(144)]",float32,165888,,
mobile_vit-mobile-vit-float,67,arith.constant66,"[np.int32(144), np.int32(144)]",float32,82944,,
mobile_vit-mobile-vit-float,68,arith.constant67,"[np.int32(432), np.int32(144)]",float32,248832,,
mobile_vit-mobile-vit-float,69,arith.constant68,"[np.int32(640), np.int32(1), np.int32(1), np.int32(160)]",float32,409600,,
mobile_vit-mobile-vit-float,70,arith.constant69,"[np.int32(160), np.int32(3), np.int32(3), np.int32(320)]",float32,1843200,,
mobile_vit-mobile-vit-float,71,arith.constant70,"[np.int32(160), np.int32(1), np.int32(1), np.int32(240)]",float32,153600,,
mobile_vit-mobile-vit-float,72,arith.constant71,"[np.int32(240), np.int32(1), np.int32(1), np.int32(160)]",float32,153600,,
mobile_vit-mobile-vit-float,73,arith.constant72,[np.int32(240)],float32,960,,
mobile_vit-mobile-vit-float,74,arith.constant73,"[np.int32(160), np.int32(3), np.int32(3), np.int32(160)]",float32,921600,,
mobile_vit-mobile-vit-float,75,arith.constant74,"[np.int32(160), np.int32(1), np.int32(1), np.int32(512)]",float32,327680,,
mobile_vit-mobile-vit-float,76,arith.constant75,"[np.int32(1), np.int32(3), np.int32(3), np.int32(512)]",float32,18432,,
mobile_vit-mobile-vit-float,77,arith.constant76,"[np.int32(512), np.int32(1), np.int32(1), np.int32(128)]",float32,262144,,
mobile_vit-mobile-vit-float,78,arith.constant77,"[np.int32(128), np.int32(3), np.int32(3), np.int32(256)]",float32,1179648,,
mobile_vit-mobile-vit-float,79,arith.constant78,"[np.int32(128), np.int32(1), np.int32(1), np.int32(192)]",float32,98304,,
mobile_vit-mobile-vit-float,80,arith.constant79,"[np.int32(192), np.int32(1), np.int32(1), np.int32(128)]",float32,98304,,
mobile_vit-mobile-vit-float,81,arith.constant80,[np.int32(192)],float32,768,,
mobile_vit-mobile-vit-float,82,arith.constant81,"[np.int32(128), np.int32(3), np.int32(3), np.int32(128)]",float32,589824,,
mobile_vit-mobile-vit-float,83,arith.constant82,"[np.int32(128), np.int32(1), np.int32(1), np.int32(384)]",float32,196608,,
mobile_vit-mobile-vit-float,84,arith.constant83,"[np.int32(1), np.int32(3), np.int32(3), np.int32(384)]",float32,13824,,
mobile_vit-mobile-vit-float,85,arith.constant84,"[np.int32(384), np.int32(1), np.int32(1), np.int32(96)]",float32,147456,,
mobile_vit-mobile-vit-float,86,arith.constant85,"[np.int32(96), np.int32(3), np.int32(3), np.int32(192)]",float32,663552,,
mobile_vit-mobile-vit-float,87,arith.constant86,"[np.int32(96), np.int32(1), np.int32(1), np.int32(144)]",float32,55296,,
mobile_vit-mobile-vit-float,88,arith.constant87,"[np.int32(144), np.int32(1), np.int32(1), np.int32(96)]",float32,55296,,
mobile_vit-mobile-vit-float,89,arith.constant88,[np.int32(144)],float32,576,,
mobile_vit-mobile-vit-float,90,arith.constant89,"[np.int32(96), np.int32(3), np.int32(3), np.int32(96)]",float32,331776,,
mobile_vit-mobile-vit-float,91,arith.constant90,"[np.int32(96), np.int32(1), np.int32(1), np.int32(256)]",float32,98304,,
mobile_vit-mobile-vit-float,92,arith.constant91,"[np.int32(1), np.int32(3), np.int32(3), np.int32(256)]",float32,9216,,
mobile_vit-mobile-vit-float,93,arith.constant92,"[np.int32(256), np.int32(1), np.int32(1), np.int32(64)]",float32,65536,,
mobile_vit-mobile-vit-float,94,arith.constant93,"[np.int32(64), np.int32(1), np.int32(1), np.int32(256)]",float32,65536,,
mobile_vit-mobile-vit-float,95,arith.constant94,"[np.int32(1), np.int32(3), np.int32(3), np.int32(256)]",float32,9216,,
mobile_vit-mobile-vit-float,96,arith.constant95,"[np.int32(256), np.int32(1), np.int32(1), np.int32(64)]",float32,65536,,
mobile_vit-mobile-vit-float,97,arith.constant96,"[np.int32(64), np.int32(1), np.int32(1), np.int32(256)]",float32,65536,,
mobile_vit-mobile-vit-float,98,arith.constant97,"[np.int32(1), np.int32(3), np.int32(3), np.int32(256)]",float32,9216,,
mobile_vit-mobile-vit-float,99,arith.constant98,"[np.int32(256), np.int32(1), np.int32(1), np.int32(64)]",float32,65536,,
mobile_vit-mobile-vit-float,100,arith.constant99,"[np.int32(64), np.int32(1), np.int32(1), np.int32(128)]",float32,32768,,
mobile_vit-mobile-vit-float,101,arith.constant100,"[np.int32(1), np.int32(3), np.int32(3), np.int32(128)]",float32,4608,,
mobile_vit-mobile-vit-float,102,arith.constant101,"[np.int32(128), np.int32(1), np.int32(1), np.int32(32)]",float32,16384,,
mobile_vit-mobile-vit-float,103,arith.constant102,"[np.int32(32), np.int32(1), np.int32(1), np.int32(64)]",float32,8192,,
mobile_vit-mobile-vit-float,104,arith.constant103,"[np.int32(1), np.int32(3), np.int32(3), np.int32(64)]",float32,2304,,
mobile_vit-mobile-vit-float,105,arith.constant104,"[np.int32(64), np.int32(1), np.int32(1), np.int32(16)]",float32,4096,,
mobile_vit-mobile-vit-float,106,arith.constant105,"[np.int32(16), np.int32(3), np.int32(3), np.int32(3)]",float32,1728,,
mobile_vit-mobile-vit-float,107,arith.constant106,"[np.int32(1000), np.int32(640)]",float32,2560000,,
mobile_vit-mobile-vit-float,108,arith.constant107,[],float32,4,,
mobile_vit-mobile-vit-float,109,arith.constant108,[],float32,4,,
mobile_vit-mobile-vit-float,110,arith.constant109,[],float32,4,,
mobile_vit-mobile-vit-float,111,arith.constant110,[np.int32(3)],int32,12,,
mobile_vit-mobile-vit-float,112,arith.constant111,[np.int32(3)],int32,12,,
mobile_vit-mobile-vit-float,113,arith.constant112,[np.int32(3)],int32,12,,
mobile_vit-mobile-vit-float,114,arith.constant113,[np.int32(3)],int32,12,,
mobile_vit-mobile-vit-float,115,arith.constant114,[np.int32(3)],int32,12,,
mobile_vit-mobile-vit-float,116,arith.constant115,[np.int32(3)],int32,12,,
mobile_vit-mobile-vit-float,117,arith.constant116,[np.int32(3)],int32,12,,
mobile_vit-mobile-vit-float,118,arith.constant117,[np.int32(3)],int32,12,,
mobile_vit-mobile-vit-float,119,arith.constant118,[np.int32(4)],int32,16,,
mobile_vit-mobile-vit-float,120,arith.constant119,[np.int32(4)],int32,16,,
mobile_vit-mobile-vit-float,121,arith.constant120,[np.int32(4)],int32,16,,
mobile_vit-mobile-vit-float,122,arith.constant121,[np.int32(4)],int32,16,,
mobile_vit-mobile-vit-float,123,arith.constant122,[np.int32(3)],int32,12,,
mobile_vit-mobile-vit-float,124,arith.constant123,[np.int32(4)],int32,16,,
mobile_vit-mobile-vit-float,125,arith.constant124,[np.int32(4)],int32,16,,
mobile_vit-mobile-vit-float,126,arith.constant125,[np.int32(4)],int32,16,,
mobile_vit-mobile-vit-float,127,arith.constant126,[np.int32(4)],int32,16,,
mobile_vit-mobile-vit-float,128,arith.constant127,[np.int32(4)],int32,16,,
mobile_vit-mobile-vit-float,129,arith.constant128,[np.int32(4)],int32,16,,
mobile_vit-mobile-vit-float,130,arith.constant129,[np.int32(4)],int32,16,,
mobile_vit-mobile-vit-float,131,arith.constant130,[np.int32(3)],int32,12,,
mobile_vit-mobile-vit-float,132,arith.constant131,[np.int32(4)],int32,16,,
mobile_vit-mobile-vit-float,133,arith.constant132,[np.int32(4)],int32,16,,
mobile_vit-mobile-vit-float,134,arith.constant133,[np.int32(4)],int32,16,,
mobile_vit-mobile-vit-float,135,arith.constant134,[np.int32(4)],int32,16,,
mobile_vit-mobile-vit-float,136,arith.constant135,[np.int32(4)],int32,16,,
mobile_vit-mobile-vit-float,137,arith.constant136,[np.int32(3)],int32,12,,
mobile_vit-mobile-vit-float,138,arith.constant137,[np.int32(4)],int32,16,,
mobile_vit-mobile-vit-float,139,arith.constant138,[np.int32(4)],int32,16,,
mobile_vit-mobile-vit-float,140,arith.constant139,[np.int32(2)],int32,8,,
mobile_vit-mobile-vit-float,141,arith.constant140,[np.int32(1)],int32,4,,
mobile_vit-mobile-vit-float,142,arith.constant141,[np.int32(240)],float32,960,,
mobile_vit-mobile-vit-float,143,arith.constant142,[np.int32(240)],float32,960,,
mobile_vit-mobile-vit-float,144,arith.constant143,[np.int32(240)],float32,960,,
mobile_vit-mobile-vit-float,145,arith.constant144,[np.int32(240)],float32,960,,
mobile_vit-mobile-vit-float,146,arith.constant145,[np.int32(240)],float32,960,,
mobile_vit-mobile-vit-float,147,arith.constant146,[np.int32(240)],float32,960,,
mobile_vit-mobile-vit-float,148,arith.constant147,[np.int32(240)],float32,960,,
mobile_vit-mobile-vit-float,149,arith.constant148,[np.int32(192)],float32,768,,
mobile_vit-mobile-vit-float,150,arith.constant149,[np.int32(192)],float32,768,,
mobile_vit-mobile-vit-float,151,arith.constant150,[np.int32(192)],float32,768,,
mobile_vit-mobile-vit-float,152,arith.constant151,[np.int32(192)],float32,768,,
mobile_vit-mobile-vit-float,153,arith.constant152,[np.int32(192)],float32,768,,
mobile_vit-mobile-vit-float,154,arith.constant153,[np.int32(192)],float32,768,,
mobile_vit-mobile-vit-float,155,arith.constant154,[np.int32(192)],float32,768,,
mobile_vit-mobile-vit-float,156,arith.constant155,[np.int32(192)],float32,768,,
mobile_vit-mobile-vit-float,157,arith.constant156,[np.int32(192)],float32,768,,
mobile_vit-mobile-vit-float,158,arith.constant157,[np.int32(144)],float32,576,,
mobile_vit-mobile-vit-float,159,arith.constant158,[np.int32(144)],float32,576,,
mobile_vit-mobile-vit-float,160,arith.constant159,[np.int32(144)],float32,576,,
mobile_vit-mobile-vit-float,161,arith.constant160,[np.int32(144)],float32,576,,
mobile_vit-mobile-vit-float,162,arith.constant161,[np.int32(144)],float32,576,,
mobile_vit-mobile-vit-float,163,arith.constant162,[np.int32(1000)],float32,4000,,
mobile_vit-mobile-vit-float,164,arith.constant163,[np.int32(4)],int32,16,,
mobile_vit-mobile-vit-float,165,arith.constant164,[np.int32(4)],int32,16,,
mobile_vit-mobile-vit-float,166,arith.constant165,[np.int32(4)],int32,16,,
mobile_vit-mobile-vit-float,167,arith.constant166,[np.int32(4)],int32,16,,
mobile_vit-mobile-vit-float,168,arith.constant167,"[np.int32(4), np.int32(2)]",int32,32,,
mobile_vit-mobile-vit-float,169,arith.constant168,[],float32,4,,
mobile_vit-mobile-vit-float,170,arith.constant169,[np.int32(240)],float32,960,,
mobile_vit-mobile-vit-float,171,arith.constant170,[np.int32(240)],float32,960,,
mobile_vit-mobile-vit-float,172,arith.constant171,[np.int32(480)],float32,1920,,
mobile_vit-mobile-vit-float,173,arith.constant172,[np.int32(240)],float32,960,,
mobile_vit-mobile-vit-float,174,arith.constant173,[np.int32(240)],float32,960,,
mobile_vit-mobile-vit-float,175,arith.constant174,[np.int32(240)],float32,960,,
mobile_vit-mobile-vit-float,176,arith.constant175,[np.int32(240)],float32,960,,
mobile_vit-mobile-vit-float,177,arith.constant176,[np.int32(240)],float32,960,,
mobile_vit-mobile-vit-float,178,arith.constant177,[np.int32(240)],float32,960,,
mobile_vit-mobile-vit-float,179,arith.constant178,[np.int32(240)],float32,960,,
mobile_vit-mobile-vit-float,180,arith.constant179,[np.int32(480)],float32,1920,,
mobile_vit-mobile-vit-float,181,arith.constant180,[np.int32(240)],float32,960,,
mobile_vit-mobile-vit-float,182,arith.constant181,[np.int32(240)],float32,960,,
mobile_vit-mobile-vit-float,183,arith.constant182,[np.int32(240)],float32,960,,
mobile_vit-mobile-vit-float,184,arith.constant183,[np.int32(240)],float32,960,,
mobile_vit-mobile-vit-float,185,arith.constant184,[np.int32(240)],float32,960,,
mobile_vit-mobile-vit-float,186,arith.constant185,[np.int32(240)],float32,960,,
mobile_vit-mobile-vit-float,187,arith.constant186,[np.int32(240)],float32,960,,
mobile_vit-mobile-vit-float,188,arith.constant187,[np.int32(480)],float32,1920,,
mobile_vit-mobile-vit-float,189,arith.constant188,[np.int32(240)],float32,960,,
mobile_vit-mobile-vit-float,190,arith.constant189,[np.int32(240)],float32,960,,
mobile_vit-mobile-vit-float,191,arith.constant190,[np.int32(240)],float32,960,,
mobile_vit-mobile-vit-float,192,arith.constant191,[np.int32(240)],float32,960,,
mobile_vit-mobile-vit-float,193,arith.constant192,[np.int32(240)],float32,960,,
mobile_vit-mobile-vit-float,194,arith.constant193,[np.int32(240)],float32,960,,
mobile_vit-mobile-vit-float,195,arith.constant194,[np.int32(192)],float32,768,,
mobile_vit-mobile-vit-float,196,arith.constant195,[np.int32(192)],float32,768,,
mobile_vit-mobile-vit-float,197,arith.constant196,[np.int32(384)],float32,1536,,
mobile_vit-mobile-vit-float,198,arith.constant197,[np.int32(192)],float32,768,,
mobile_vit-mobile-vit-float,199,arith.constant198,[np.int32(192)],float32,768,,
mobile_vit-mobile-vit-float,200,arith.constant199,[np.int32(192)],float32,768,,
mobile_vit-mobile-vit-float,201,arith.constant200,[np.int32(192)],float32,768,,
mobile_vit-mobile-vit-float,202,arith.constant201,[np.int32(192)],float32,768,,
mobile_vit-mobile-vit-float,203,arith.constant202,[np.int32(192)],float32,768,,
mobile_vit-mobile-vit-float,204,arith.constant203,[np.int32(192)],float32,768,,
mobile_vit-mobile-vit-float,205,arith.constant204,[np.int32(384)],float32,1536,,
mobile_vit-mobile-vit-float,206,arith.constant205,[np.int32(192)],float32,768,,
mobile_vit-mobile-vit-float,207,arith.constant206,[np.int32(192)],float32,768,,
mobile_vit-mobile-vit-float,208,arith.constant207,[np.int32(192)],float32,768,,
mobile_vit-mobile-vit-float,209,arith.constant208,[np.int32(192)],float32,768,,
mobile_vit-mobile-vit-float,210,arith.constant209,[np.int32(192)],float32,768,,
mobile_vit-mobile-vit-float,211,arith.constant210,[np.int32(192)],float32,768,,
mobile_vit-mobile-vit-float,212,arith.constant211,[np.int32(192)],float32,768,,
mobile_vit-mobile-vit-float,213,arith.constant212,[np.int32(384)],float32,1536,,
mobile_vit-mobile-vit-float,214,arith.constant213,[np.int32(192)],float32,768,,
mobile_vit-mobile-vit-float,215,arith.constant214,[np.int32(192)],float32,768,,
mobile_vit-mobile-vit-float,216,arith.constant215,[np.int32(192)],float32,768,,
mobile_vit-mobile-vit-float,217,arith.constant216,[np.int32(192)],float32,768,,
mobile_vit-mobile-vit-float,218,arith.constant217,[np.int32(192)],float32,768,,
mobile_vit-mobile-vit-float,219,arith.constant218,[np.int32(192)],float32,768,,
mobile_vit-mobile-vit-float,220,arith.constant219,[np.int32(192)],float32,768,,
mobile_vit-mobile-vit-float,221,arith.constant220,[np.int32(384)],float32,1536,,
mobile_vit-mobile-vit-float,222,arith.constant221,[np.int32(192)],float32,768,,
mobile_vit-mobile-vit-float,223,arith.constant222,[np.int32(192)],float32,768,,
mobile_vit-mobile-vit-float,224,arith.constant223,[np.int32(192)],float32,768,,
mobile_vit-mobile-vit-float,225,arith.constant224,[np.int32(192)],float32,768,,
mobile_vit-mobile-vit-float,226,arith.constant225,[np.int32(192)],float32,768,,
mobile_vit-mobile-vit-float,227,arith.constant226,[np.int32(192)],float32,768,,
mobile_vit-mobile-vit-float,228,arith.constant227,[np.int32(144)],float32,576,,
mobile_vit-mobile-vit-float,229,arith.constant228,[np.int32(144)],float32,576,,
mobile_vit-mobile-vit-float,230,arith.constant229,[np.int32(288)],float32,1152,,
mobile_vit-mobile-vit-float,231,arith.constant230,[np.int32(144)],float32,576,,
mobile_vit-mobile-vit-float,232,arith.constant231,[np.int32(144)],float32,576,,
mobile_vit-mobile-vit-float,233,arith.constant232,[np.int32(144)],float32,576,,
mobile_vit-mobile-vit-float,234,arith.constant233,[np.int32(144)],float32,576,,
mobile_vit-mobile-vit-float,235,arith.constant234,[np.int32(144)],float32,576,,
mobile_vit-mobile-vit-float,236,arith.constant235,[np.int32(144)],float32,576,,
mobile_vit-mobile-vit-float,237,arith.constant236,[np.int32(144)],float32,576,,
mobile_vit-mobile-vit-float,238,arith.constant237,[np.int32(288)],float32,1152,,
mobile_vit-mobile-vit-float,239,arith.constant238,[np.int32(144)],float32,576,,
mobile_vit-mobile-vit-float,240,arith.constant239,[np.int32(144)],float32,576,,
mobile_vit-mobile-vit-float,241,arith.constant240,[np.int32(144)],float32,576,,
mobile_vit-mobile-vit-float,242,arith.constant241,[np.int32(144)],float32,576,,
mobile_vit-mobile-vit-float,243,arith.constant242,[np.int32(144)],float32,576,,
mobile_vit-mobile-vit-float,244,arith.constant243,[np.int32(144)],float32,576,,
mobile_vit-mobile-vit-float,245,model/tf.compat.v1.pad/Pad,"[np.int32(1), np.int32(257), np.int32(257), np.int32(3)]",float32,792588,,
mobile_vit-mobile-vit-float,246,model/tf.math.add/Add;model/dynamic_conv2d/DynamicConv2D,"[np.int32(1), np.int32(128), np.int32(128), np.int32(16)]",float32,1048576,,
mobile_vit-mobile-vit-float,247,model/tf.math.sigmoid/Sigmoid,"[np.int32(1), np.int32(128), np.int32(128), np.int32(16)]",float32,1048576,,
mobile_vit-mobile-vit-float,248,model/tf.math.multiply/Mul,"[np.int32(1), np.int32(128), np.int32(128), np.int32(16)]",float32,1048576,,
mobile_vit-mobile-vit-float,249,model/tf.math.add_1/Add;model/dynamic_conv2d_1/DynamicConv2D,"[np.int32(1), np.int32(128), np.int32(128), np.int32(64)]",float32,4194304,,
mobile_vit-mobile-vit-float,250,model/tf.math.sigmoid_1/Sigmoid,"[np.int32(1), np.int32(128), np.int32(128), np.int32(64)]",float32,4194304,,
mobile_vit-mobile-vit-float,251,model/tf.math.multiply_1/Mul,"[np.int32(1), np.int32(128), np.int32(128), np.int32(64)]",float32,4194304,,
mobile_vit-mobile-vit-float,252,model/tf.math.add_2/Add;model/.net/mobilevit/encoder/0/layer.0/conv_3x3/convolution/Conv/depthwise,"[np.int32(1), np.int32(128), np.int32(128), np.int32(64)]",float32,4194304,,
mobile_vit-mobile-vit-float,253,model/tf.math.sigmoid_2/Sigmoid,"[np.int32(1), np.int32(128), np.int32(128), np.int32(64)]",float32,4194304,,
mobile_vit-mobile-vit-float,254,model/tf.math.multiply_2/Mul,"[np.int32(1), np.int32(128), np.int32(128), np.int32(64)]",float32,4194304,,
mobile_vit-mobile-vit-float,255,model/tf.math.add_3/Add;model/dynamic_conv2d_2/DynamicConv2D,"[np.int32(1), np.int32(128), np.int32(128), np.int32(32)]",float32,2097152,,
mobile_vit-mobile-vit-float,256,model/tf.math.add_4/Add;model/dynamic_conv2d_3/DynamicConv2D,"[np.int32(1), np.int32(128), np.int32(128), np.int32(128)]",float32,8388608,,
mobile_vit-mobile-vit-float,257,model/tf.math.sigmoid_3/Sigmoid,"[np.int32(1), np.int32(128), np.int32(128), np.int32(128)]",float32,8388608,,
mobile_vit-mobile-vit-float,258,model/tf.math.multiply_3/Mul,"[np.int32(1), np.int32(128), np.int32(128), np.int32(128)]",float32,8388608,,
mobile_vit-mobile-vit-float,259,model/tf.compat.v1.pad_1/Pad,"[np.int32(1), np.int32(129), np.int32(129), np.int32(128)]",float32,8520192,,
mobile_vit-mobile-vit-float,260,model/tf.math.add_5/Add;model/.net/mobilevit/encoder/1/0/conv_3x3/convolution/Conv/depthwise,"[np.int32(1), np.int32(64), np.int32(64), np.int32(128)]",float32,2097152,,
mobile_vit-mobile-vit-float,261,model/tf.math.sigmoid_4/Sigmoid,"[np.int32(1), np.int32(64), np.int32(64), np.int32(128)]",float32,2097152,,
mobile_vit-mobile-vit-float,262,model/tf.math.multiply_4/Mul,"[np.int32(1), np.int32(64), np.int32(64), np.int32(128)]",float32,2097152,,
mobile_vit-mobile-vit-float,263,model/tf.math.add_6/Add;model/dynamic_conv2d_4/DynamicConv2D,"[np.int32(1), np.int32(64), np.int32(64), np.int32(64)]",float32,1048576,,
mobile_vit-mobile-vit-float,264,model/tf.math.add_7/Add;model/dynamic_conv2d_5/DynamicConv2D,"[np.int32(1), np.int32(64), np.int32(64), np.int32(256)]",float32,4194304,,
mobile_vit-mobile-vit-float,265,model/tf.math.sigmoid_5/Sigmoid,"[np.int32(1), np.int32(64), np.int32(64), np.int32(256)]",float32,4194304,,
mobile_vit-mobile-vit-float,266,model/tf.math.multiply_5/Mul,"[np.int32(1), np.int32(64), np.int32(64), np.int32(256)]",float32,4194304,,
mobile_vit-mobile-vit-float,267,model/tf.math.add_8/Add;model/.net/mobilevit/encoder/1/1/conv_3x3/convolution/Conv/depthwise,"[np.int32(1), np.int32(64), np.int32(64), np.int32(256)]",float32,4194304,,
mobile_vit-mobile-vit-float,268,model/tf.math.sigmoid_6/Sigmoid,"[np.int32(1), np.int32(64), np.int32(64), np.int32(256)]",float32,4194304,,
mobile_vit-mobile-vit-float,269,model/tf.math.multiply_6/Mul,"[np.int32(1), np.int32(64), np.int32(64), np.int32(256)]",float32,4194304,,
mobile_vit-mobile-vit-float,270,model/tf.math.add_9/Add;model/dynamic_conv2d_6/DynamicConv2D,"[np.int32(1), np.int32(64), np.int32(64), np.int32(64)]",float32,1048576,,
mobile_vit-mobile-vit-float,271,model/tf.math.add_10/Add,"[np.int32(1), np.int32(64), np.int32(64), np.int32(64)]",float32,1048576,,
mobile_vit-mobile-vit-float,272,model/tf.math.add_11/Add;model/dynamic_conv2d_7/DynamicConv2D,"[np.int32(1), np.int32(64), np.int32(64), np.int32(256)]",float32,4194304,,
mobile_vit-mobile-vit-float,273,model/tf.math.sigmoid_7/Sigmoid,"[np.int32(1), np.int32(64), np.int32(64), np.int32(256)]",float32,4194304,,
mobile_vit-mobile-vit-float,274,model/tf.math.multiply_7/Mul,"[np.int32(1), np.int32(64), np.int32(64), np.int32(256)]",float32,4194304,,
mobile_vit-mobile-vit-float,275,model/tf.math.add_12/Add;model/.net/mobilevit/encoder/1/2/conv_3x3/convolution/Conv/depthwise,"[np.int32(1), np.int32(64), np.int32(64), np.int32(256)]",float32,4194304,,
mobile_vit-mobile-vit-float,276,model/tf.math.sigmoid_8/Sigmoid,"[np.int32(1), np.int32(64), np.int32(64), np.int32(256)]",float32,4194304,,
mobile_vit-mobile-vit-float,277,model/tf.math.multiply_8/Mul,"[np.int32(1), np.int32(64), np.int32(64), np.int32(256)]",float32,4194304,,
mobile_vit-mobile-vit-float,278,model/tf.math.add_13/Add;model/dynamic_conv2d_8/DynamicConv2D,"[np.int32(1), np.int32(64), np.int32(64), np.int32(64)]",float32,1048576,,
mobile_vit-mobile-vit-float,279,model/tf.math.add_14/Add,"[np.int32(1), np.int32(64), np.int32(64), np.int32(64)]",float32,1048576,,
mobile_vit-mobile-vit-float,280,model/tf.math.add_15/Add;model/dynamic_conv2d_9/DynamicConv2D,"[np.int32(1), np.int32(64), np.int32(64), np.int32(256)]",float32,4194304,,
mobile_vit-mobile-vit-float,281,model/tf.math.sigmoid_9/Sigmoid,"[np.int32(1), np.int32(64), np.int32(64), np.int32(256)]",float32,4194304,,
mobile_vit-mobile-vit-float,282,model/tf.math.multiply_9/Mul,"[np.int32(1), np.int32(64), np.int32(64), np.int32(256)]",float32,4194304,,
mobile_vit-mobile-vit-float,283,model/tf.compat.v1.pad_2/Pad,"[np.int32(1), np.int32(65), np.int32(65), np.int32(256)]",float32,4326400,,
mobile_vit-mobile-vit-float,284,model/tf.math.add_16/Add;model/.net/mobilevit/encoder/2/downsampling_layer/conv_3x3/convolution/Conv/depthwise,"[np.int32(1), np.int32(32), np.int32(32), np.int32(256)]",float32,1048576,,
mobile_vit-mobile-vit-float,285,model/tf.math.sigmoid_10/Sigmoid,"[np.int32(1), np.int32(32), np.int32(32), np.int32(256)]",float32,1048576,,
mobile_vit-mobile-vit-float,286,model/tf.math.multiply_10/Mul,"[np.int32(1), np.int32(32), np.int32(32), np.int32(256)]",float32,1048576,,
mobile_vit-mobile-vit-float,287,model/tf.math.add_17/Add;model/dynamic_conv2d_10/DynamicConv2D,"[np.int32(1), np.int32(32), np.int32(32), np.int32(96)]",float32,393216,,
mobile_vit-mobile-vit-float,288,model/tf.math.add_18/Add;model/dynamic_conv2d_11/DynamicConv2D,"[np.int32(1), np.int32(32), np.int32(32), np.int32(96)]",float32,393216,,
mobile_vit-mobile-vit-float,289,model/tf.math.sigmoid_11/Sigmoid,"[np.int32(1), np.int32(32), np.int32(32), np.int32(96)]",float32,393216,,
mobile_vit-mobile-vit-float,290,model/tf.math.multiply_11/Mul,"[np.int32(1), np.int32(32), np.int32(32), np.int32(96)]",float32,393216,,
mobile_vit-mobile-vit-float,291,model/dynamic_conv2d_12/DynamicConv2D,"[np.int32(1), np.int32(32), np.int32(32), np.int32(144)]",float32,589824,,
mobile_vit-mobile-vit-float,292,model/tf.compat.v1.transpose/transpose,"[np.int32(1), np.int32(144), np.int32(32), np.int32(32)]",float32,589824,,
mobile_vit-mobile-vit-float,293,model/tf.reshape/Reshape,"[np.int32(2304), np.int32(2), np.int32(16), np.int32(2)]",float32,589824,,
mobile_vit-mobile-vit-float,294,model/tf.compat.v1.transpose_1/transpose,"[np.int32(2304), np.int32(16), np.int32(2), np.int32(2)]",float32,589824,,
mobile_vit-mobile-vit-float,295,model/tf.reshape_1/Reshape,"[np.int32(1), np.int32(144), np.int32(256), np.int32(4)]",float32,589824,,
mobile_vit-mobile-vit-float,296,model/tf.compat.v1.transpose_2/transpose,"[np.int32(1), np.int32(4), np.int32(256), np.int32(144)]",float32,589824,,
mobile_vit-mobile-vit-float,297,model/tf.reshape_2/Reshape,"[np.int32(4), np.int32(256), np.int32(144)]",float32,589824,,
mobile_vit-mobile-vit-float,298,model/tf.math.reduce_mean/Mean,"[np.int32(4), np.int32(256), np.int32(1)]",float32,4096,,
mobile_vit-mobile-vit-float,299,model/tf.math.squared_difference/SquaredDifference,"[np.int32(4), np.int32(256), np.int32(144)]",float32,589824,,
mobile_vit-mobile-vit-float,300,model/tf.math.reduce_mean_1/Mean,"[np.int32(4), np.int32(256), np.int32(1)]",float32,4096,,
mobile_vit-mobile-vit-float,301,model/tf.__operators__.add/AddV2,"[np.int32(4), np.int32(256), np.int32(1)]",float32,4096,,
mobile_vit-mobile-vit-float,302,model/tf.math.rsqrt/Rsqrt,"[np.int32(4), np.int32(256), np.int32(1)]",float32,4096,,
mobile_vit-mobile-vit-float,303,model/tf.math.multiply_12/Mul,"[np.int32(4), np.int32(256), np.int32(144)]",float32,589824,,
mobile_vit-mobile-vit-float,304,model/tf.math.multiply_13/Mul,"[np.int32(4), np.int32(256), np.int32(144)]",float32,589824,,
mobile_vit-mobile-vit-float,305,model/tf.math.multiply_14/Mul,"[np.int32(4), np.int32(256), np.int32(144)]",float32,589824,,
mobile_vit-mobile-vit-float,306,model/tf.math.subtract/Sub,"[np.int32(4), np.int32(256), np.int32(144)]",float32,589824,,
mobile_vit-mobile-vit-float,307,model/tf.__operators__.add_1/AddV2,"[np.int32(4), np.int32(256), np.int32(144)]",float32,589824,,
mobile_vit-mobile-vit-float,308,model/tf.linalg.matmul/MatMul,"[np.int32(4), np.int32(256), np.int32(432)]",float32,1769472,,
mobile_vit-mobile-vit-float,309,model/tf.strided_slice/StridedSlice,"[np.int32(4), np.int32(256), np.int32(144)]",float32,589824,,
mobile_vit-mobile-vit-float,310,model/tf.math.add_19/Add,"[np.int32(4), np.int32(256), np.int32(144)]",float32,589824,,
mobile_vit-mobile-vit-float,311,model/tf.reshape_3/Reshape,"[np.int32(4), np.int32(256), np.int32(4), np.int32(36)]",float32,589824,,
mobile_vit-mobile-vit-float,312,model/tf.compat.v1.transpose_3/transpose,"[np.int32(4), np.int32(4), np.int32(256), np.int32(36)]",float32,589824,,
mobile_vit-mobile-vit-float,313,model/tf.strided_slice_1/StridedSlice,"[np.int32(4), np.int32(256), np.int32(144)]",float32,589824,,
mobile_vit-mobile-vit-float,314,model/tf.math.add_20/Add,"[np.int32(4), np.int32(256), np.int32(144)]",float32,589824,,
mobile_vit-mobile-vit-float,315,model/tf.reshape_4/Reshape,"[np.int32(4), np.int32(256), np.int32(4), np.int32(36)]",float32,589824,,
mobile_vit-mobile-vit-float,316,model/tf.compat.v1.transpose_5/transpose,"[np.int32(4), np.int32(4), np.int32(36), np.int32(256)]",float32,589824,,
mobile_vit-mobile-vit-float,317,model/tf.linalg.matmul_1/MatMul,"[np.int32(4), np.int32(4), np.int32(256), np.int32(256)]",float32,4194304,,
mobile_vit-mobile-vit-float,318,model/tf.math.divide/truediv,"[np.int32(4), np.int32(4), np.int32(256), np.int32(256)]",float32,4194304,,
mobile_vit-mobile-vit-float,319,model/tf.nn.softmax/Softmax,"[np.int32(4), np.int32(4), np.int32(256), np.int32(256)]",float32,4194304,,
mobile_vit-mobile-vit-float,320,model/tf.strided_slice_2/StridedSlice,"[np.int32(4), np.int32(256), np.int32(144)]",float32,589824,,
mobile_vit-mobile-vit-float,321,model/tf.math.add_21/Add,"[np.int32(4), np.int32(256), np.int32(144)]",float32,589824,,
mobile_vit-mobile-vit-float,322,model/tf.reshape_5/Reshape,"[np.int32(4), np.int32(256), np.int32(4), np.int32(36)]",float32,589824,,
mobile_vit-mobile-vit-float,323,model/tf.compat.v1.transpose_4/transpose,"[np.int32(4), np.int32(4), np.int32(256), np.int32(36)]",float32,589824,,
mobile_vit-mobile-vit-float,324,model/tf.linalg.matmul_2/MatMul,"[np.int32(4), np.int32(4), np.int32(256), np.int32(36)]",float32,589824,,
mobile_vit-mobile-vit-float,325,model/tf.compat.v1.transpose_6/transpose,"[np.int32(4), np.int32(256), np.int32(4), np.int32(36)]",float32,589824,,
mobile_vit-mobile-vit-float,326,model/tf.reshape_6/Reshape,"[np.int32(4), np.int32(256), np.int32(144)]",float32,589824,,
mobile_vit-mobile-vit-float,327,model/tf.linalg.matmul_3/MatMul;model/tf.math.add_22/Add,"[np.int32(4), np.int32(256), np.int32(144)]",float32,589824,,
mobile_vit-mobile-vit-float,328,model/tf.math.add_23/Add,"[np.int32(4), np.int32(256), np.int32(144)]",float32,589824,,
mobile_vit-mobile-vit-float,329,model/tf.math.reduce_mean_2/Mean,"[np.int32(4), np.int32(256), np.int32(1)]",float32,4096,,
mobile_vit-mobile-vit-float,330,model/tf.math.squared_difference_1/SquaredDifference,"[np.int32(4), np.int32(256), np.int32(144)]",float32,589824,,
mobile_vit-mobile-vit-float,331,model/tf.math.reduce_mean_3/Mean,"[np.int32(4), np.int32(256), np.int32(1)]",float32,4096,,
mobile_vit-mobile-vit-float,332,model/tf.__operators__.add_2/AddV2,"[np.int32(4), np.int32(256), np.int32(1)]",float32,4096,,
mobile_vit-mobile-vit-float,333,model/tf.math.rsqrt_1/Rsqrt,"[np.int32(4), np.int32(256), np.int32(1)]",float32,4096,,
mobile_vit-mobile-vit-float,334,model/tf.math.multiply_15/Mul,"[np.int32(4), np.int32(256), np.int32(144)]",float32,589824,,
mobile_vit-mobile-vit-float,335,model/tf.math.multiply_16/Mul,"[np.int32(4), np.int32(256), np.int32(144)]",float32,589824,,
mobile_vit-mobile-vit-float,336,model/tf.math.multiply_17/Mul,"[np.int32(4), np.int32(256), np.int32(144)]",float32,589824,,
mobile_vit-mobile-vit-float,337,model/tf.math.subtract_1/Sub,"[np.int32(4), np.int32(256), np.int32(144)]",float32,589824,,
mobile_vit-mobile-vit-float,338,model/tf.__operators__.add_3/AddV2,"[np.int32(4), np.int32(256), np.int32(144)]",float32,589824,,
mobile_vit-mobile-vit-float,339,model/tf.linalg.matmul_4/MatMul;model/tf.math.add_24/Add,"[np.int32(4), np.int32(256), np.int32(288)]",float32,1179648,,
mobile_vit-mobile-vit-float,340,model/tf.math.sigmoid_12/Sigmoid,"[np.int32(4), np.int32(256), np.int32(288)]",float32,1179648,,
mobile_vit-mobile-vit-float,341,model/tf.math.multiply_18/Mul,"[np.int32(4), np.int32(256), np.int32(288)]",float32,1179648,,
mobile_vit-mobile-vit-float,342,model/tf.linalg.matmul_5/MatMul;model/tf.math.add_25/Add,"[np.int32(4), np.int32(256), np.int32(144)]",float32,589824,,
mobile_vit-mobile-vit-float,343,model/tf.math.add_26/Add,"[np.int32(4), np.int32(256), np.int32(144)]",float32,589824,,
mobile_vit-mobile-vit-float,344,model/tf.math.reduce_mean_4/Mean,"[np.int32(4), np.int32(256), np.int32(1)]",float32,4096,,
mobile_vit-mobile-vit-float,345,model/tf.math.squared_difference_2/SquaredDifference,"[np.int32(4), np.int32(256), np.int32(144)]",float32,589824,,
mobile_vit-mobile-vit-float,346,model/tf.math.reduce_mean_5/Mean,"[np.int32(4), np.int32(256), np.int32(1)]",float32,4096,,
mobile_vit-mobile-vit-float,347,model/tf.__operators__.add_4/AddV2,"[np.int32(4), np.int32(256), np.int32(1)]",float32,4096,,
mobile_vit-mobile-vit-float,348,model/tf.math.rsqrt_2/Rsqrt,"[np.int32(4), np.int32(256), np.int32(1)]",float32,4096,,
mobile_vit-mobile-vit-float,349,model/tf.math.multiply_19/Mul,"[np.int32(4), np.int32(256), np.int32(144)]",float32,589824,,
mobile_vit-mobile-vit-float,350,model/tf.math.multiply_20/Mul,"[np.int32(4), np.int32(256), np.int32(144)]",float32,589824,,
mobile_vit-mobile-vit-float,351,model/tf.math.multiply_21/Mul,"[np.int32(4), np.int32(256), np.int32(144)]",float32,589824,,
mobile_vit-mobile-vit-float,352,model/tf.math.subtract_2/Sub,"[np.int32(4), np.int32(256), np.int32(144)]",float32,589824,,
mobile_vit-mobile-vit-float,353,model/tf.__operators__.add_5/AddV2,"[np.int32(4), np.int32(256), np.int32(144)]",float32,589824,,
mobile_vit-mobile-vit-float,354,model/tf.linalg.matmul_6/MatMul,"[np.int32(4), np.int32(256), np.int32(432)]",float32,1769472,,
mobile_vit-mobile-vit-float,355,model/tf.strided_slice_3/StridedSlice,"[np.int32(4), np.int32(256), np.int32(144)]",float32,589824,,
mobile_vit-mobile-vit-float,356,model/tf.math.add_27/Add,"[np.int32(4), np.int32(256), np.int32(144)]",float32,589824,,
mobile_vit-mobile-vit-float,357,model/tf.reshape_7/Reshape,"[np.int32(4), np.int32(256), np.int32(4), np.int32(36)]",float32,589824,,
mobile_vit-mobile-vit-float,358,model/tf.compat.v1.transpose_7/transpose,"[np.int32(4), np.int32(4), np.int32(256), np.int32(36)]",float32,589824,,
mobile_vit-mobile-vit-float,359,model/tf.strided_slice_4/StridedSlice,"[np.int32(4), np.int32(256), np.int32(144)]",float32,589824,,
mobile_vit-mobile-vit-float,360,model/tf.math.add_28/Add,"[np.int32(4), np.int32(256), np.int32(144)]",float32,589824,,
mobile_vit-mobile-vit-float,361,model/tf.reshape_8/Reshape,"[np.int32(4), np.int32(256), np.int32(4), np.int32(36)]",float32,589824,,
mobile_vit-mobile-vit-float,362,model/tf.compat.v1.transpose_9/transpose,"[np.int32(4), np.int32(4), np.int32(36), np.int32(256)]",float32,589824,,
mobile_vit-mobile-vit-float,363,model/tf.linalg.matmul_7/MatMul,"[np.int32(4), np.int32(4), np.int32(256), np.int32(256)]",float32,4194304,,
mobile_vit-mobile-vit-float,364,model/tf.math.divide_1/truediv,"[np.int32(4), np.int32(4), np.int32(256), np.int32(256)]",float32,4194304,,
mobile_vit-mobile-vit-float,365,model/tf.nn.softmax_1/Softmax,"[np.int32(4), np.int32(4), np.int32(256), np.int32(256)]",float32,4194304,,
mobile_vit-mobile-vit-float,366,model/tf.strided_slice_5/StridedSlice,"[np.int32(4), np.int32(256), np.int32(144)]",float32,589824,,
mobile_vit-mobile-vit-float,367,model/tf.math.add_29/Add,"[np.int32(4), np.int32(256), np.int32(144)]",float32,589824,,
mobile_vit-mobile-vit-float,368,model/tf.reshape_9/Reshape,"[np.int32(4), np.int32(256), np.int32(4), np.int32(36)]",float32,589824,,
mobile_vit-mobile-vit-float,369,model/tf.compat.v1.transpose_8/transpose,"[np.int32(4), np.int32(4), np.int32(256), np.int32(36)]",float32,589824,,
mobile_vit-mobile-vit-float,370,model/tf.linalg.matmul_8/MatMul,"[np.int32(4), np.int32(4), np.int32(256), np.int32(36)]",float32,589824,,
mobile_vit-mobile-vit-float,371,model/tf.compat.v1.transpose_10/transpose,"[np.int32(4), np.int32(256), np.int32(4), np.int32(36)]",float32,589824,,
mobile_vit-mobile-vit-float,372,model/tf.reshape_10/Reshape,"[np.int32(4), np.int32(256), np.int32(144)]",float32,589824,,
mobile_vit-mobile-vit-float,373,model/tf.linalg.matmul_9/MatMul;model/tf.math.add_30/Add,"[np.int32(4), np.int32(256), np.int32(144)]",float32,589824,,
mobile_vit-mobile-vit-float,374,model/tf.math.add_31/Add,"[np.int32(4), np.int32(256), np.int32(144)]",float32,589824,,
mobile_vit-mobile-vit-float,375,model/tf.math.reduce_mean_6/Mean,"[np.int32(4), np.int32(256), np.int32(1)]",float32,4096,,
mobile_vit-mobile-vit-float,376,model/tf.math.squared_difference_3/SquaredDifference,"[np.int32(4), np.int32(256), np.int32(144)]",float32,589824,,
mobile_vit-mobile-vit-float,377,model/tf.math.reduce_mean_7/Mean,"[np.int32(4), np.int32(256), np.int32(1)]",float32,4096,,
mobile_vit-mobile-vit-float,378,model/tf.__operators__.add_6/AddV2,"[np.int32(4), np.int32(256), np.int32(1)]",float32,4096,,
mobile_vit-mobile-vit-float,379,model/tf.math.rsqrt_3/Rsqrt,"[np.int32(4), np.int32(256), np.int32(1)]",float32,4096,,
mobile_vit-mobile-vit-float,380,model/tf.math.multiply_22/Mul,"[np.int32(4), np.int32(256), np.int32(144)]",float32,589824,,
mobile_vit-mobile-vit-float,381,model/tf.math.multiply_23/Mul,"[np.int32(4), np.int32(256), np.int32(144)]",float32,589824,,
mobile_vit-mobile-vit-float,382,model/tf.math.multiply_24/Mul,"[np.int32(4), np.int32(256), np.int32(144)]",float32,589824,,
mobile_vit-mobile-vit-float,383,model/tf.math.subtract_3/Sub,"[np.int32(4), np.int32(256), np.int32(144)]",float32,589824,,
mobile_vit-mobile-vit-float,384,model/tf.__operators__.add_7/AddV2,"[np.int32(4), np.int32(256), np.int32(144)]",float32,589824,,
mobile_vit-mobile-vit-float,385,model/tf.linalg.matmul_10/MatMul;model/tf.math.add_32/Add,"[np.int32(4), np.int32(256), np.int32(288)]",float32,1179648,,
mobile_vit-mobile-vit-float,386,model/tf.math.sigmoid_13/Sigmoid,"[np.int32(4), np.int32(256), np.int32(288)]",float32,1179648,,
mobile_vit-mobile-vit-float,387,model/tf.math.multiply_25/Mul,"[np.int32(4), np.int32(256), np.int32(288)]",float32,1179648,,
mobile_vit-mobile-vit-float,388,model/tf.linalg.matmul_11/MatMul;model/tf.math.add_33/Add,"[np.int32(4), np.int32(256), np.int32(144)]",float32,589824,,
mobile_vit-mobile-vit-float,389,model/tf.math.add_34/Add,"[np.int32(4), np.int32(256), np.int32(144)]",float32,589824,,
mobile_vit-mobile-vit-float,390,model/tf.math.reduce_mean_8/Mean,"[np.int32(4), np.int32(256), np.int32(1)]",float32,4096,,
mobile_vit-mobile-vit-float,391,model/tf.math.squared_difference_4/SquaredDifference,"[np.int32(4), np.int32(256), np.int32(144)]",float32,589824,,
mobile_vit-mobile-vit-float,392,model/tf.math.reduce_mean_9/Mean,"[np.int32(4), np.int32(256), np.int32(1)]",float32,4096,,
mobile_vit-mobile-vit-float,393,model/tf.__operators__.add_8/AddV2,"[np.int32(4), np.int32(256), np.int32(1)]",float32,4096,,
mobile_vit-mobile-vit-float,394,model/tf.math.rsqrt_4/Rsqrt,"[np.int32(4), np.int32(256), np.int32(1)]",float32,4096,,
mobile_vit-mobile-vit-float,395,model/tf.math.multiply_26/Mul,"[np.int32(4), np.int32(256), np.int32(144)]",float32,589824,,
mobile_vit-mobile-vit-float,396,model/tf.math.multiply_27/Mul,"[np.int32(4), np.int32(256), np.int32(144)]",float32,589824,,
mobile_vit-mobile-vit-float,397,model/tf.math.multiply_28/Mul,"[np.int32(4), np.int32(256), np.int32(144)]",float32,589824,,
mobile_vit-mobile-vit-float,398,model/tf.math.subtract_4/Sub,"[np.int32(4), np.int32(256), np.int32(144)]",float32,589824,,
mobile_vit-mobile-vit-float,399,model/tf.__operators__.add_9/AddV2,"[np.int32(4), np.int32(256), np.int32(144)]",float32,589824,,
mobile_vit-mobile-vit-float,400,model/tf.reshape_11/Reshape,"[np.int32(1), np.int32(4), np.int32(256), np.int32(144)]",float32,589824,,
mobile_vit-mobile-vit-float,401,model/tf.compat.v1.transpose_11/transpose,"[np.int32(1), np.int32(144), np.int32(256), np.int32(4)]",float32,589824,,
mobile_vit-mobile-vit-float,402,model/tf.reshape_12/Reshape,"[np.int32(2304), np.int32(16), np.int32(2), np.int32(2)]",float32,589824,,
mobile_vit-mobile-vit-float,403,model/tf.compat.v1.transpose_12/transpose,"[np.int32(2304), np.int32(2), np.int32(16), np.int32(2)]",float32,589824,,
mobile_vit-mobile-vit-float,404,model/tf.reshape_13/Reshape,"[np.int32(1), np.int32(144), np.int32(32), np.int32(32)]",float32,589824,,
mobile_vit-mobile-vit-float,405,model/tf.compat.v1.transpose_13/transpose,"[np.int32(1), np.int32(32), np.int32(32), np.int32(144)]",float32,589824,,
mobile_vit-mobile-vit-float,406,model/tf.math.add_35/Add;model/dynamic_conv2d_13/DynamicConv2D,"[np.int32(1), np.int32(32), np.int32(32), np.int32(96)]",float32,393216,,
mobile_vit-mobile-vit-float,407,model/tf.math.sigmoid_14/Sigmoid,"[np.int32(1), np.int32(32), np.int32(32), np.int32(96)]",float32,393216,,
mobile_vit-mobile-vit-float,408,model/tf.math.multiply_29/Mul,"[np.int32(1), np.int32(32), np.int32(32), np.int32(96)]",float32,393216,,
mobile_vit-mobile-vit-float,409,model/tf.concat/.net/mobilevit/encoder/2/Concat_6,"[np.int32(1), np.int32(32), np.int32(32), np.int32(192)]",float32,786432,,
mobile_vit-mobile-vit-float,410,model/tf.math.add_36/Add;model/dynamic_conv2d_14/DynamicConv2D,"[np.int32(1), np.int32(32), np.int32(32), np.int32(96)]",float32,393216,,
mobile_vit-mobile-vit-float,411,model/tf.math.sigmoid_15/Sigmoid,"[np.int32(1), np.int32(32), np.int32(32), np.int32(96)]",float32,393216,,
mobile_vit-mobile-vit-float,412,model/tf.math.multiply_30/Mul,"[np.int32(1), np.int32(32), np.int32(32), np.int32(96)]",float32,393216,,
mobile_vit-mobile-vit-float,413,model/tf.math.add_37/Add;model/dynamic_conv2d_15/DynamicConv2D,"[np.int32(1), np.int32(32), np.int32(32), np.int32(384)]",float32,1572864,,
mobile_vit-mobile-vit-float,414,model/tf.math.sigmoid_16/Sigmoid,"[np.int32(1), np.int32(32), np.int32(32), np.int32(384)]",float32,1572864,,
mobile_vit-mobile-vit-float,415,model/tf.math.multiply_31/Mul,"[np.int32(1), np.int32(32), np.int32(32), np.int32(384)]",float32,1572864,,
mobile_vit-mobile-vit-float,416,model/tf.compat.v1.pad_3/Pad,"[np.int32(1), np.int32(33), np.int32(33), np.int32(384)]",float32,1672704,,
mobile_vit-mobile-vit-float,417,model/tf.math.add_38/Add;model/.net/mobilevit/encoder/3/downsampling_layer/conv_3x3/convolution/Conv/depthwise,"[np.int32(1), np.int32(16), np.int32(16), np.int32(384)]",float32,393216,,
mobile_vit-mobile-vit-float,418,model/tf.math.sigmoid_17/Sigmoid,"[np.int32(1), np.int32(16), np.int32(16), np.int32(384)]",float32,393216,,
mobile_vit-mobile-vit-float,419,model/tf.math.multiply_32/Mul,"[np.int32(1), np.int32(16), np.int32(16), np.int32(384)]",float32,393216,,
mobile_vit-mobile-vit-float,420,model/tf.math.add_39/Add;model/dynamic_conv2d_16/DynamicConv2D,"[np.int32(1), np.int32(16), np.int32(16), np.int32(128)]",float32,131072,,
mobile_vit-mobile-vit-float,421,model/tf.math.add_40/Add;model/dynamic_conv2d_17/DynamicConv2D,"[np.int32(1), np.int32(16), np.int32(16), np.int32(128)]",float32,131072,,
mobile_vit-mobile-vit-float,422,model/tf.math.sigmoid_18/Sigmoid,"[np.int32(1), np.int32(16), np.int32(16), np.int32(128)]",float32,131072,,
mobile_vit-mobile-vit-float,423,model/tf.math.multiply_33/Mul,"[np.int32(1), np.int32(16), np.int32(16), np.int32(128)]",float32,131072,,
mobile_vit-mobile-vit-float,424,model/dynamic_conv2d_18/DynamicConv2D,"[np.int32(1), np.int32(16), np.int32(16), np.int32(192)]",float32,196608,,
mobile_vit-mobile-vit-float,425,model/tf.compat.v1.transpose_14/transpose,"[np.int32(1), np.int32(192), np.int32(16), np.int32(16)]",float32,196608,,
mobile_vit-mobile-vit-float,426,model/tf.reshape_14/Reshape,"[np.int32(1536), np.int32(2), np.int32(8), np.int32(2)]",float32,196608,,
mobile_vit-mobile-vit-float,427,model/tf.compat.v1.transpose_15/transpose,"[np.int32(1536), np.int32(8), np.int32(2), np.int32(2)]",float32,196608,,
mobile_vit-mobile-vit-float,428,model/tf.reshape_15/Reshape,"[np.int32(1), np.int32(192), np.int32(64), np.int32(4)]",float32,196608,,
mobile_vit-mobile-vit-float,429,model/tf.compat.v1.transpose_16/transpose,"[np.int32(1), np.int32(4), np.int32(64), np.int32(192)]",float32,196608,,
mobile_vit-mobile-vit-float,430,model/tf.reshape_16/Reshape,"[np.int32(4), np.int32(64), np.int32(192)]",float32,196608,,
mobile_vit-mobile-vit-float,431,model/tf.math.reduce_mean_10/Mean,"[np.int32(4), np.int32(64), np.int32(1)]",float32,1024,,
mobile_vit-mobile-vit-float,432,model/tf.math.squared_difference_5/SquaredDifference,"[np.int32(4), np.int32(64), np.int32(192)]",float32,196608,,
mobile_vit-mobile-vit-float,433,model/tf.math.reduce_mean_11/Mean,"[np.int32(4), np.int32(64), np.int32(1)]",float32,1024,,
mobile_vit-mobile-vit-float,434,model/tf.__operators__.add_10/AddV2,"[np.int32(4), np.int32(64), np.int32(1)]",float32,1024,,
mobile_vit-mobile-vit-float,435,model/tf.math.rsqrt_5/Rsqrt,"[np.int32(4), np.int32(64), np.int32(1)]",float32,1024,,
mobile_vit-mobile-vit-float,436,model/tf.math.multiply_34/Mul,"[np.int32(4), np.int32(64), np.int32(192)]",float32,196608,,
mobile_vit-mobile-vit-float,437,model/tf.math.multiply_35/Mul,"[np.int32(4), np.int32(64), np.int32(192)]",float32,196608,,
mobile_vit-mobile-vit-float,438,model/tf.math.multiply_36/Mul,"[np.int32(4), np.int32(64), np.int32(192)]",float32,196608,,
mobile_vit-mobile-vit-float,439,model/tf.math.subtract_5/Sub,"[np.int32(4), np.int32(64), np.int32(192)]",float32,196608,,
mobile_vit-mobile-vit-float,440,model/tf.__operators__.add_11/AddV2,"[np.int32(4), np.int32(64), np.int32(192)]",float32,196608,,
mobile_vit-mobile-vit-float,441,model/tf.linalg.matmul_12/MatMul,"[np.int32(4), np.int32(64), np.int32(576)]",float32,589824,,
mobile_vit-mobile-vit-float,442,model/tf.strided_slice_6/StridedSlice,"[np.int32(4), np.int32(64), np.int32(192)]",float32,196608,,
mobile_vit-mobile-vit-float,443,model/tf.math.add_41/Add,"[np.int32(4), np.int32(64), np.int32(192)]",float32,196608,,
mobile_vit-mobile-vit-float,444,model/tf.reshape_17/Reshape,"[np.int32(4), np.int32(64), np.int32(4), np.int32(48)]",float32,196608,,
mobile_vit-mobile-vit-float,445,model/tf.compat.v1.transpose_17/transpose,"[np.int32(4), np.int32(4), np.int32(64), np.int32(48)]",float32,196608,,
mobile_vit-mobile-vit-float,446,model/tf.strided_slice_7/StridedSlice,"[np.int32(4), np.int32(64), np.int32(192)]",float32,196608,,
mobile_vit-mobile-vit-float,447,model/tf.math.add_42/Add,"[np.int32(4), np.int32(64), np.int32(192)]",float32,196608,,
mobile_vit-mobile-vit-float,448,model/tf.reshape_18/Reshape,"[np.int32(4), np.int32(64), np.int32(4), np.int32(48)]",float32,196608,,
mobile_vit-mobile-vit-float,449,model/tf.compat.v1.transpose_19/transpose,"[np.int32(4), np.int32(4), np.int32(48), np.int32(64)]",float32,196608,,
mobile_vit-mobile-vit-float,450,model/tf.linalg.matmul_13/MatMul,"[np.int32(4), np.int32(4), np.int32(64), np.int32(64)]",float32,262144,,
mobile_vit-mobile-vit-float,451,model/tf.math.divide_2/truediv,"[np.int32(4), np.int32(4), np.int32(64), np.int32(64)]",float32,262144,,
mobile_vit-mobile-vit-float,452,model/tf.nn.softmax_2/Softmax,"[np.int32(4), np.int32(4), np.int32(64), np.int32(64)]",float32,262144,,
mobile_vit-mobile-vit-float,453,model/tf.strided_slice_8/StridedSlice,"[np.int32(4), np.int32(64), np.int32(192)]",float32,196608,,
mobile_vit-mobile-vit-float,454,model/tf.math.add_43/Add,"[np.int32(4), np.int32(64), np.int32(192)]",float32,196608,,
mobile_vit-mobile-vit-float,455,model/tf.reshape_19/Reshape,"[np.int32(4), np.int32(64), np.int32(4), np.int32(48)]",float32,196608,,
mobile_vit-mobile-vit-float,456,model/tf.compat.v1.transpose_18/transpose,"[np.int32(4), np.int32(4), np.int32(64), np.int32(48)]",float32,196608,,
mobile_vit-mobile-vit-float,457,model/tf.linalg.matmul_14/MatMul,"[np.int32(4), np.int32(4), np.int32(64), np.int32(48)]",float32,196608,,
mobile_vit-mobile-vit-float,458,model/tf.compat.v1.transpose_20/transpose,"[np.int32(4), np.int32(64), np.int32(4), np.int32(48)]",float32,196608,,
mobile_vit-mobile-vit-float,459,model/tf.reshape_20/Reshape,"[np.int32(4), np.int32(64), np.int32(192)]",float32,196608,,
mobile_vit-mobile-vit-float,460,model/tf.linalg.matmul_15/MatMul;model/tf.math.add_44/Add,"[np.int32(4), np.int32(64), np.int32(192)]",float32,196608,,
mobile_vit-mobile-vit-float,461,model/tf.math.add_45/Add,"[np.int32(4), np.int32(64), np.int32(192)]",float32,196608,,
mobile_vit-mobile-vit-float,462,model/tf.math.reduce_mean_12/Mean,"[np.int32(4), np.int32(64), np.int32(1)]",float32,1024,,
mobile_vit-mobile-vit-float,463,model/tf.math.squared_difference_6/SquaredDifference,"[np.int32(4), np.int32(64), np.int32(192)]",float32,196608,,
mobile_vit-mobile-vit-float,464,model/tf.math.reduce_mean_13/Mean,"[np.int32(4), np.int32(64), np.int32(1)]",float32,1024,,
mobile_vit-mobile-vit-float,465,model/tf.__operators__.add_12/AddV2,"[np.int32(4), np.int32(64), np.int32(1)]",float32,1024,,
mobile_vit-mobile-vit-float,466,model/tf.math.rsqrt_6/Rsqrt,"[np.int32(4), np.int32(64), np.int32(1)]",float32,1024,,
mobile_vit-mobile-vit-float,467,model/tf.math.multiply_37/Mul,"[np.int32(4), np.int32(64), np.int32(192)]",float32,196608,,
mobile_vit-mobile-vit-float,468,model/tf.math.multiply_38/Mul,"[np.int32(4), np.int32(64), np.int32(192)]",float32,196608,,
mobile_vit-mobile-vit-float,469,model/tf.math.multiply_39/Mul,"[np.int32(4), np.int32(64), np.int32(192)]",float32,196608,,
mobile_vit-mobile-vit-float,470,model/tf.math.subtract_6/Sub,"[np.int32(4), np.int32(64), np.int32(192)]",float32,196608,,
mobile_vit-mobile-vit-float,471,model/tf.__operators__.add_13/AddV2,"[np.int32(4), np.int32(64), np.int32(192)]",float32,196608,,
mobile_vit-mobile-vit-float,472,model/tf.linalg.matmul_16/MatMul;model/tf.math.add_46/Add,"[np.int32(4), np.int32(64), np.int32(384)]",float32,393216,,
mobile_vit-mobile-vit-float,473,model/tf.math.sigmoid_19/Sigmoid,"[np.int32(4), np.int32(64), np.int32(384)]",float32,393216,,
mobile_vit-mobile-vit-float,474,model/tf.math.multiply_40/Mul,"[np.int32(4), np.int32(64), np.int32(384)]",float32,393216,,
mobile_vit-mobile-vit-float,475,model/tf.linalg.matmul_17/MatMul;model/tf.math.add_47/Add,"[np.int32(4), np.int32(64), np.int32(192)]",float32,196608,,
mobile_vit-mobile-vit-float,476,model/tf.math.add_48/Add,"[np.int32(4), np.int32(64), np.int32(192)]",float32,196608,,
mobile_vit-mobile-vit-float,477,model/tf.math.reduce_mean_14/Mean,"[np.int32(4), np.int32(64), np.int32(1)]",float32,1024,,
mobile_vit-mobile-vit-float,478,model/tf.math.squared_difference_7/SquaredDifference,"[np.int32(4), np.int32(64), np.int32(192)]",float32,196608,,
mobile_vit-mobile-vit-float,479,model/tf.math.reduce_mean_15/Mean,"[np.int32(4), np.int32(64), np.int32(1)]",float32,1024,,
mobile_vit-mobile-vit-float,480,model/tf.__operators__.add_14/AddV2,"[np.int32(4), np.int32(64), np.int32(1)]",float32,1024,,
mobile_vit-mobile-vit-float,481,model/tf.math.rsqrt_7/Rsqrt,"[np.int32(4), np.int32(64), np.int32(1)]",float32,1024,,
mobile_vit-mobile-vit-float,482,model/tf.math.multiply_41/Mul,"[np.int32(4), np.int32(64), np.int32(192)]",float32,196608,,
mobile_vit-mobile-vit-float,483,model/tf.math.multiply_42/Mul,"[np.int32(4), np.int32(64), np.int32(192)]",float32,196608,,
mobile_vit-mobile-vit-float,484,model/tf.math.multiply_43/Mul,"[np.int32(4), np.int32(64), np.int32(192)]",float32,196608,,
mobile_vit-mobile-vit-float,485,model/tf.math.subtract_7/Sub,"[np.int32(4), np.int32(64), np.int32(192)]",float32,196608,,
mobile_vit-mobile-vit-float,486,model/tf.__operators__.add_15/AddV2,"[np.int32(4), np.int32(64), np.int32(192)]",float32,196608,,
mobile_vit-mobile-vit-float,487,model/tf.linalg.matmul_18/MatMul,"[np.int32(4), np.int32(64), np.int32(576)]",float32,589824,,
mobile_vit-mobile-vit-float,488,model/tf.strided_slice_10/StridedSlice,"[np.int32(4), np.int32(64), np.int32(192)]",float32,196608,,
mobile_vit-mobile-vit-float,489,model/tf.math.add_50/Add,"[np.int32(4), np.int32(64), np.int32(192)]",float32,196608,,
mobile_vit-mobile-vit-float,490,model/tf.reshape_22/Reshape,"[np.int32(4), np.int32(64), np.int32(4), np.int32(48)]",float32,196608,,
mobile_vit-mobile-vit-float,491,model/tf.compat.v1.transpose_23/transpose,"[np.int32(4), np.int32(4), np.int32(48), np.int32(64)]",float32,196608,,
mobile_vit-mobile-vit-float,492,model/tf.strided_slice_11/StridedSlice,"[np.int32(4), np.int32(64), np.int32(192)]",float32,196608,,
mobile_vit-mobile-vit-float,493,model/tf.math.add_51/Add,"[np.int32(4), np.int32(64), np.int32(192)]",float32,196608,,
mobile_vit-mobile-vit-float,494,model/tf.reshape_23/Reshape,"[np.int32(4), np.int32(64), np.int32(4), np.int32(48)]",float32,196608,,
mobile_vit-mobile-vit-float,495,model/tf.compat.v1.transpose_22/transpose,"[np.int32(4), np.int32(4), np.int32(64), np.int32(48)]",float32,196608,,
mobile_vit-mobile-vit-float,496,model/tf.strided_slice_9/StridedSlice,"[np.int32(4), np.int32(64), np.int32(192)]",float32,196608,,
mobile_vit-mobile-vit-float,497,model/tf.math.add_49/Add,"[np.int32(4), np.int32(64), np.int32(192)]",float32,196608,,
mobile_vit-mobile-vit-float,498,model/tf.reshape_21/Reshape,"[np.int32(4), np.int32(64), np.int32(4), np.int32(48)]",float32,196608,,
mobile_vit-mobile-vit-float,499,model/tf.compat.v1.transpose_21/transpose,"[np.int32(4), np.int32(4), np.int32(64), np.int32(48)]",float32,196608,,
mobile_vit-mobile-vit-float,500,model/tf.linalg.matmul_19/MatMul,"[np.int32(4), np.int32(4), np.int32(64), np.int32(64)]",float32,262144,,
mobile_vit-mobile-vit-float,501,model/tf.math.divide_3/truediv,"[np.int32(4), np.int32(4), np.int32(64), np.int32(64)]",float32,262144,,
mobile_vit-mobile-vit-float,502,model/tf.nn.softmax_3/Softmax,"[np.int32(4), np.int32(4), np.int32(64), np.int32(64)]",float32,262144,,
mobile_vit-mobile-vit-float,503,model/tf.linalg.matmul_20/MatMul,"[np.int32(4), np.int32(4), np.int32(64), np.int32(48)]",float32,196608,,
mobile_vit-mobile-vit-float,504,model/tf.compat.v1.transpose_24/transpose,"[np.int32(4), np.int32(64), np.int32(4), np.int32(48)]",float32,196608,,
mobile_vit-mobile-vit-float,505,model/tf.reshape_24/Reshape,"[np.int32(4), np.int32(64), np.int32(192)]",float32,196608,,
mobile_vit-mobile-vit-float,506,model/tf.linalg.matmul_21/MatMul;model/tf.math.add_52/Add,"[np.int32(4), np.int32(64), np.int32(192)]",float32,196608,,
mobile_vit-mobile-vit-float,507,model/tf.math.add_53/Add,"[np.int32(4), np.int32(64), np.int32(192)]",float32,196608,,
mobile_vit-mobile-vit-float,508,model/tf.math.reduce_mean_16/Mean,"[np.int32(4), np.int32(64), np.int32(1)]",float32,1024,,
mobile_vit-mobile-vit-float,509,model/tf.math.squared_difference_8/SquaredDifference,"[np.int32(4), np.int32(64), np.int32(192)]",float32,196608,,
mobile_vit-mobile-vit-float,510,model/tf.math.reduce_mean_17/Mean,"[np.int32(4), np.int32(64), np.int32(1)]",float32,1024,,
mobile_vit-mobile-vit-float,511,model/tf.__operators__.add_16/AddV2,"[np.int32(4), np.int32(64), np.int32(1)]",float32,1024,,
mobile_vit-mobile-vit-float,512,model/tf.math.rsqrt_8/Rsqrt,"[np.int32(4), np.int32(64), np.int32(1)]",float32,1024,,
mobile_vit-mobile-vit-float,513,model/tf.math.multiply_44/Mul,"[np.int32(4), np.int32(64), np.int32(192)]",float32,196608,,
mobile_vit-mobile-vit-float,514,model/tf.math.multiply_45/Mul,"[np.int32(4), np.int32(64), np.int32(192)]",float32,196608,,
mobile_vit-mobile-vit-float,515,model/tf.math.multiply_46/Mul,"[np.int32(4), np.int32(64), np.int32(192)]",float32,196608,,
mobile_vit-mobile-vit-float,516,model/tf.math.subtract_8/Sub,"[np.int32(4), np.int32(64), np.int32(192)]",float32,196608,,
mobile_vit-mobile-vit-float,517,model/tf.__operators__.add_17/AddV2,"[np.int32(4), np.int32(64), np.int32(192)]",float32,196608,,
mobile_vit-mobile-vit-float,518,model/tf.linalg.matmul_22/MatMul;model/tf.math.add_54/Add,"[np.int32(4), np.int32(64), np.int32(384)]",float32,393216,,
mobile_vit-mobile-vit-float,519,model/tf.math.sigmoid_20/Sigmoid,"[np.int32(4), np.int32(64), np.int32(384)]",float32,393216,,
mobile_vit-mobile-vit-float,520,model/tf.math.multiply_47/Mul,"[np.int32(4), np.int32(64), np.int32(384)]",float32,393216,,
mobile_vit-mobile-vit-float,521,model/tf.linalg.matmul_23/MatMul;model/tf.math.add_55/Add,"[np.int32(4), np.int32(64), np.int32(192)]",float32,196608,,
mobile_vit-mobile-vit-float,522,model/tf.math.add_56/Add,"[np.int32(4), np.int32(64), np.int32(192)]",float32,196608,,
mobile_vit-mobile-vit-float,523,model/tf.math.reduce_mean_18/Mean,"[np.int32(4), np.int32(64), np.int32(1)]",float32,1024,,
mobile_vit-mobile-vit-float,524,model/tf.math.squared_difference_9/SquaredDifference,"[np.int32(4), np.int32(64), np.int32(192)]",float32,196608,,
mobile_vit-mobile-vit-float,525,model/tf.math.reduce_mean_19/Mean,"[np.int32(4), np.int32(64), np.int32(1)]",float32,1024,,
mobile_vit-mobile-vit-float,526,model/tf.__operators__.add_18/AddV2,"[np.int32(4), np.int32(64), np.int32(1)]",float32,1024,,
mobile_vit-mobile-vit-float,527,model/tf.math.rsqrt_9/Rsqrt,"[np.int32(4), np.int32(64), np.int32(1)]",float32,1024,,
mobile_vit-mobile-vit-float,528,model/tf.math.multiply_48/Mul,"[np.int32(4), np.int32(64), np.int32(192)]",float32,196608,,
mobile_vit-mobile-vit-float,529,model/tf.math.multiply_49/Mul,"[np.int32(4), np.int32(64), np.int32(192)]",float32,196608,,
mobile_vit-mobile-vit-float,530,model/tf.math.multiply_50/Mul,"[np.int32(4), np.int32(64), np.int32(192)]",float32,196608,,
mobile_vit-mobile-vit-float,531,model/tf.math.subtract_9/Sub,"[np.int32(4), np.int32(64), np.int32(192)]",float32,196608,,
mobile_vit-mobile-vit-float,532,model/tf.__operators__.add_19/AddV2,"[np.int32(4), np.int32(64), np.int32(192)]",float32,196608,,
mobile_vit-mobile-vit-float,533,model/tf.linalg.matmul_24/MatMul,"[np.int32(4), np.int32(64), np.int32(576)]",float32,589824,,
mobile_vit-mobile-vit-float,534,model/tf.strided_slice_12/StridedSlice,"[np.int32(4), np.int32(64), np.int32(192)]",float32,196608,,
mobile_vit-mobile-vit-float,535,model/tf.math.add_57/Add,"[np.int32(4), np.int32(64), np.int32(192)]",float32,196608,,
mobile_vit-mobile-vit-float,536,model/tf.reshape_25/Reshape,"[np.int32(4), np.int32(64), np.int32(4), np.int32(48)]",float32,196608,,
mobile_vit-mobile-vit-float,537,model/tf.compat.v1.transpose_25/transpose,"[np.int32(4), np.int32(4), np.int32(64), np.int32(48)]",float32,196608,,
mobile_vit-mobile-vit-float,538,model/tf.strided_slice_13/StridedSlice,"[np.int32(4), np.int32(64), np.int32(192)]",float32,196608,,
mobile_vit-mobile-vit-float,539,model/tf.math.add_58/Add,"[np.int32(4), np.int32(64), np.int32(192)]",float32,196608,,
mobile_vit-mobile-vit-float,540,model/tf.reshape_26/Reshape,"[np.int32(4), np.int32(64), np.int32(4), np.int32(48)]",float32,196608,,
mobile_vit-mobile-vit-float,541,model/tf.compat.v1.transpose_27/transpose,"[np.int32(4), np.int32(4), np.int32(48), np.int32(64)]",float32,196608,,
mobile_vit-mobile-vit-float,542,model/tf.linalg.matmul_25/MatMul,"[np.int32(4), np.int32(4), np.int32(64), np.int32(64)]",float32,262144,,
mobile_vit-mobile-vit-float,543,model/tf.math.divide_4/truediv,"[np.int32(4), np.int32(4), np.int32(64), np.int32(64)]",float32,262144,,
mobile_vit-mobile-vit-float,544,model/tf.nn.softmax_4/Softmax,"[np.int32(4), np.int32(4), np.int32(64), np.int32(64)]",float32,262144,,
mobile_vit-mobile-vit-float,545,model/tf.strided_slice_14/StridedSlice,"[np.int32(4), np.int32(64), np.int32(192)]",float32,196608,,
mobile_vit-mobile-vit-float,546,model/tf.math.add_59/Add,"[np.int32(4), np.int32(64), np.int32(192)]",float32,196608,,
mobile_vit-mobile-vit-float,547,model/tf.reshape_27/Reshape,"[np.int32(4), np.int32(64), np.int32(4), np.int32(48)]",float32,196608,,
mobile_vit-mobile-vit-float,548,model/tf.compat.v1.transpose_26/transpose,"[np.int32(4), np.int32(4), np.int32(64), np.int32(48)]",float32,196608,,
mobile_vit-mobile-vit-float,549,model/tf.linalg.matmul_26/MatMul,"[np.int32(4), np.int32(4), np.int32(64), np.int32(48)]",float32,196608,,
mobile_vit-mobile-vit-float,550,model/tf.compat.v1.transpose_28/transpose,"[np.int32(4), np.int32(64), np.int32(4), np.int32(48)]",float32,196608,,
mobile_vit-mobile-vit-float,551,model/tf.reshape_28/Reshape,"[np.int32(4), np.int32(64), np.int32(192)]",float32,196608,,
mobile_vit-mobile-vit-float,552,model/tf.linalg.matmul_27/MatMul;model/tf.math.add_60/Add,"[np.int32(4), np.int32(64), np.int32(192)]",float32,196608,,
mobile_vit-mobile-vit-float,553,model/tf.math.add_61/Add,"[np.int32(4), np.int32(64), np.int32(192)]",float32,196608,,
mobile_vit-mobile-vit-float,554,model/tf.math.reduce_mean_20/Mean,"[np.int32(4), np.int32(64), np.int32(1)]",float32,1024,,
mobile_vit-mobile-vit-float,555,model/tf.math.squared_difference_10/SquaredDifference,"[np.int32(4), np.int32(64), np.int32(192)]",float32,196608,,
mobile_vit-mobile-vit-float,556,model/tf.math.reduce_mean_21/Mean,"[np.int32(4), np.int32(64), np.int32(1)]",float32,1024,,
mobile_vit-mobile-vit-float,557,model/tf.__operators__.add_20/AddV2,"[np.int32(4), np.int32(64), np.int32(1)]",float32,1024,,
mobile_vit-mobile-vit-float,558,model/tf.math.rsqrt_10/Rsqrt,"[np.int32(4), np.int32(64), np.int32(1)]",float32,1024,,
mobile_vit-mobile-vit-float,559,model/tf.math.multiply_51/Mul,"[np.int32(4), np.int32(64), np.int32(192)]",float32,196608,,
mobile_vit-mobile-vit-float,560,model/tf.math.multiply_52/Mul,"[np.int32(4), np.int32(64), np.int32(192)]",float32,196608,,
mobile_vit-mobile-vit-float,561,model/tf.math.multiply_53/Mul,"[np.int32(4), np.int32(64), np.int32(192)]",float32,196608,,
mobile_vit-mobile-vit-float,562,model/tf.math.subtract_10/Sub,"[np.int32(4), np.int32(64), np.int32(192)]",float32,196608,,
mobile_vit-mobile-vit-float,563,model/tf.__operators__.add_21/AddV2,"[np.int32(4), np.int32(64), np.int32(192)]",float32,196608,,
mobile_vit-mobile-vit-float,564,model/tf.linalg.matmul_28/MatMul;model/tf.math.add_62/Add,"[np.int32(4), np.int32(64), np.int32(384)]",float32,393216,,
mobile_vit-mobile-vit-float,565,model/tf.math.sigmoid_21/Sigmoid,"[np.int32(4), np.int32(64), np.int32(384)]",float32,393216,,
mobile_vit-mobile-vit-float,566,model/tf.math.multiply_54/Mul,"[np.int32(4), np.int32(64), np.int32(384)]",float32,393216,,
mobile_vit-mobile-vit-float,567,model/tf.linalg.matmul_29/MatMul;model/tf.math.add_63/Add,"[np.int32(4), np.int32(64), np.int32(192)]",float32,196608,,
mobile_vit-mobile-vit-float,568,model/tf.math.add_64/Add,"[np.int32(4), np.int32(64), np.int32(192)]",float32,196608,,
mobile_vit-mobile-vit-float,569,model/tf.math.reduce_mean_22/Mean,"[np.int32(4), np.int32(64), np.int32(1)]",float32,1024,,
mobile_vit-mobile-vit-float,570,model/tf.math.squared_difference_11/SquaredDifference,"[np.int32(4), np.int32(64), np.int32(192)]",float32,196608,,
mobile_vit-mobile-vit-float,571,model/tf.math.reduce_mean_23/Mean,"[np.int32(4), np.int32(64), np.int32(1)]",float32,1024,,
mobile_vit-mobile-vit-float,572,model/tf.__operators__.add_22/AddV2,"[np.int32(4), np.int32(64), np.int32(1)]",float32,1024,,
mobile_vit-mobile-vit-float,573,model/tf.math.rsqrt_11/Rsqrt,"[np.int32(4), np.int32(64), np.int32(1)]",float32,1024,,
mobile_vit-mobile-vit-float,574,model/tf.math.multiply_55/Mul,"[np.int32(4), np.int32(64), np.int32(192)]",float32,196608,,
mobile_vit-mobile-vit-float,575,model/tf.math.multiply_56/Mul,"[np.int32(4), np.int32(64), np.int32(192)]",float32,196608,,
mobile_vit-mobile-vit-float,576,model/tf.math.multiply_57/Mul,"[np.int32(4), np.int32(64), np.int32(192)]",float32,196608,,
mobile_vit-mobile-vit-float,577,model/tf.math.subtract_11/Sub,"[np.int32(4), np.int32(64), np.int32(192)]",float32,196608,,
mobile_vit-mobile-vit-float,578,model/tf.__operators__.add_23/AddV2,"[np.int32(4), np.int32(64), np.int32(192)]",float32,196608,,
mobile_vit-mobile-vit-float,579,model/tf.linalg.matmul_30/MatMul,"[np.int32(4), np.int32(64), np.int32(576)]",float32,589824,,
mobile_vit-mobile-vit-float,580,model/tf.strided_slice_15/StridedSlice,"[np.int32(4), np.int32(64), np.int32(192)]",float32,196608,,
mobile_vit-mobile-vit-float,581,model/tf.math.add_65/Add,"[np.int32(4), np.int32(64), np.int32(192)]",float32,196608,,
mobile_vit-mobile-vit-float,582,model/tf.reshape_29/Reshape,"[np.int32(4), np.int32(64), np.int32(4), np.int32(48)]",float32,196608,,
mobile_vit-mobile-vit-float,583,model/tf.compat.v1.transpose_29/transpose,"[np.int32(4), np.int32(4), np.int32(64), np.int32(48)]",float32,196608,,
mobile_vit-mobile-vit-float,584,model/tf.strided_slice_16/StridedSlice,"[np.int32(4), np.int32(64), np.int32(192)]",float32,196608,,
mobile_vit-mobile-vit-float,585,model/tf.math.add_66/Add,"[np.int32(4), np.int32(64), np.int32(192)]",float32,196608,,
mobile_vit-mobile-vit-float,586,model/tf.reshape_30/Reshape,"[np.int32(4), np.int32(64), np.int32(4), np.int32(48)]",float32,196608,,
mobile_vit-mobile-vit-float,587,model/tf.compat.v1.transpose_31/transpose,"[np.int32(4), np.int32(4), np.int32(48), np.int32(64)]",float32,196608,,
mobile_vit-mobile-vit-float,588,model/tf.linalg.matmul_31/MatMul,"[np.int32(4), np.int32(4), np.int32(64), np.int32(64)]",float32,262144,,
mobile_vit-mobile-vit-float,589,model/tf.math.divide_5/truediv,"[np.int32(4), np.int32(4), np.int32(64), np.int32(64)]",float32,262144,,
mobile_vit-mobile-vit-float,590,model/tf.nn.softmax_5/Softmax,"[np.int32(4), np.int32(4), np.int32(64), np.int32(64)]",float32,262144,,
mobile_vit-mobile-vit-float,591,model/tf.strided_slice_17/StridedSlice,"[np.int32(4), np.int32(64), np.int32(192)]",float32,196608,,
mobile_vit-mobile-vit-float,592,model/tf.math.add_67/Add,"[np.int32(4), np.int32(64), np.int32(192)]",float32,196608,,
mobile_vit-mobile-vit-float,593,model/tf.reshape_31/Reshape,"[np.int32(4), np.int32(64), np.int32(4), np.int32(48)]",float32,196608,,
mobile_vit-mobile-vit-float,594,model/tf.compat.v1.transpose_30/transpose,"[np.int32(4), np.int32(4), np.int32(64), np.int32(48)]",float32,196608,,
mobile_vit-mobile-vit-float,595,model/tf.linalg.matmul_32/MatMul,"[np.int32(4), np.int32(4), np.int32(64), np.int32(48)]",float32,196608,,
mobile_vit-mobile-vit-float,596,model/tf.compat.v1.transpose_32/transpose,"[np.int32(4), np.int32(64), np.int32(4), np.int32(48)]",float32,196608,,
mobile_vit-mobile-vit-float,597,model/tf.reshape_32/Reshape,"[np.int32(4), np.int32(64), np.int32(192)]",float32,196608,,
mobile_vit-mobile-vit-float,598,model/tf.linalg.matmul_33/MatMul;model/tf.math.add_68/Add,"[np.int32(4), np.int32(64), np.int32(192)]",float32,196608,,
mobile_vit-mobile-vit-float,599,model/tf.math.add_69/Add,"[np.int32(4), np.int32(64), np.int32(192)]",float32,196608,,
mobile_vit-mobile-vit-float,600,model/tf.math.reduce_mean_24/Mean,"[np.int32(4), np.int32(64), np.int32(1)]",float32,1024,,
mobile_vit-mobile-vit-float,601,model/tf.math.squared_difference_12/SquaredDifference,"[np.int32(4), np.int32(64), np.int32(192)]",float32,196608,,
mobile_vit-mobile-vit-float,602,model/tf.math.reduce_mean_25/Mean,"[np.int32(4), np.int32(64), np.int32(1)]",float32,1024,,
mobile_vit-mobile-vit-float,603,model/tf.__operators__.add_24/AddV2,"[np.int32(4), np.int32(64), np.int32(1)]",float32,1024,,
mobile_vit-mobile-vit-float,604,model/tf.math.rsqrt_12/Rsqrt,"[np.int32(4), np.int32(64), np.int32(1)]",float32,1024,,
mobile_vit-mobile-vit-float,605,model/tf.math.multiply_58/Mul,"[np.int32(4), np.int32(64), np.int32(192)]",float32,196608,,
mobile_vit-mobile-vit-float,606,model/tf.math.multiply_59/Mul,"[np.int32(4), np.int32(64), np.int32(192)]",float32,196608,,
mobile_vit-mobile-vit-float,607,model/tf.math.multiply_60/Mul,"[np.int32(4), np.int32(64), np.int32(192)]",float32,196608,,
mobile_vit-mobile-vit-float,608,model/tf.math.subtract_12/Sub,"[np.int32(4), np.int32(64), np.int32(192)]",float32,196608,,
mobile_vit-mobile-vit-float,609,model/tf.__operators__.add_25/AddV2,"[np.int32(4), np.int32(64), np.int32(192)]",float32,196608,,
mobile_vit-mobile-vit-float,610,model/tf.linalg.matmul_34/MatMul;model/tf.math.add_70/Add,"[np.int32(4), np.int32(64), np.int32(384)]",float32,393216,,
mobile_vit-mobile-vit-float,611,model/tf.math.sigmoid_22/Sigmoid,"[np.int32(4), np.int32(64), np.int32(384)]",float32,393216,,
mobile_vit-mobile-vit-float,612,model/tf.math.multiply_61/Mul,"[np.int32(4), np.int32(64), np.int32(384)]",float32,393216,,
mobile_vit-mobile-vit-float,613,model/tf.linalg.matmul_35/MatMul;model/tf.math.add_71/Add,"[np.int32(4), np.int32(64), np.int32(192)]",float32,196608,,
mobile_vit-mobile-vit-float,614,model/tf.math.add_72/Add,"[np.int32(4), np.int32(64), np.int32(192)]",float32,196608,,
mobile_vit-mobile-vit-float,615,model/tf.math.reduce_mean_26/Mean,"[np.int32(4), np.int32(64), np.int32(1)]",float32,1024,,
mobile_vit-mobile-vit-float,616,model/tf.math.squared_difference_13/SquaredDifference,"[np.int32(4), np.int32(64), np.int32(192)]",float32,196608,,
mobile_vit-mobile-vit-float,617,model/tf.math.reduce_mean_27/Mean,"[np.int32(4), np.int32(64), np.int32(1)]",float32,1024,,
mobile_vit-mobile-vit-float,618,model/tf.__operators__.add_26/AddV2,"[np.int32(4), np.int32(64), np.int32(1)]",float32,1024,,
mobile_vit-mobile-vit-float,619,model/tf.math.rsqrt_13/Rsqrt,"[np.int32(4), np.int32(64), np.int32(1)]",float32,1024,,
mobile_vit-mobile-vit-float,620,model/tf.math.multiply_62/Mul,"[np.int32(4), np.int32(64), np.int32(192)]",float32,196608,,
mobile_vit-mobile-vit-float,621,model/tf.math.multiply_63/Mul,"[np.int32(4), np.int32(64), np.int32(192)]",float32,196608,,
mobile_vit-mobile-vit-float,622,model/tf.math.multiply_64/Mul,"[np.int32(4), np.int32(64), np.int32(192)]",float32,196608,,
mobile_vit-mobile-vit-float,623,model/tf.math.subtract_13/Sub,"[np.int32(4), np.int32(64), np.int32(192)]",float32,196608,,
mobile_vit-mobile-vit-float,624,model/tf.__operators__.add_27/AddV2,"[np.int32(4), np.int32(64), np.int32(192)]",float32,196608,,
mobile_vit-mobile-vit-float,625,model/tf.reshape_33/Reshape,"[np.int32(1), np.int32(4), np.int32(64), np.int32(192)]",float32,196608,,
mobile_vit-mobile-vit-float,626,model/tf.compat.v1.transpose_33/transpose,"[np.int32(1), np.int32(192), np.int32(64), np.int32(4)]",float32,196608,,
mobile_vit-mobile-vit-float,627,model/tf.reshape_34/Reshape,"[np.int32(1536), np.int32(8), np.int32(2), np.int32(2)]",float32,196608,,
mobile_vit-mobile-vit-float,628,model/tf.compat.v1.transpose_34/transpose,"[np.int32(1536), np.int32(2), np.int32(8), np.int32(2)]",float32,196608,,
mobile_vit-mobile-vit-float,629,model/tf.reshape_35/Reshape,"[np.int32(1), np.int32(192), np.int32(16), np.int32(16)]",float32,196608,,
mobile_vit-mobile-vit-float,630,model/tf.compat.v1.transpose_35/transpose,"[np.int32(1), np.int32(16), np.int32(16), np.int32(192)]",float32,196608,,
mobile_vit-mobile-vit-float,631,model/tf.math.add_73/Add;model/dynamic_conv2d_19/DynamicConv2D,"[np.int32(1), np.int32(16), np.int32(16), np.int32(128)]",float32,131072,,
mobile_vit-mobile-vit-float,632,model/tf.math.sigmoid_23/Sigmoid,"[np.int32(1), np.int32(16), np.int32(16), np.int32(128)]",float32,131072,,
mobile_vit-mobile-vit-float,633,model/tf.math.multiply_65/Mul,"[np.int32(1), np.int32(16), np.int32(16), np.int32(128)]",float32,131072,,
mobile_vit-mobile-vit-float,634,model/tf.concat_1/.net/mobilevit/encoder/3/Concat_6,"[np.int32(1), np.int32(16), np.int32(16), np.int32(256)]",float32,262144,,
mobile_vit-mobile-vit-float,635,model/tf.math.add_74/Add;model/dynamic_conv2d_20/DynamicConv2D,"[np.int32(1), np.int32(16), np.int32(16), np.int32(128)]",float32,131072,,
mobile_vit-mobile-vit-float,636,model/tf.math.sigmoid_24/Sigmoid,"[np.int32(1), np.int32(16), np.int32(16), np.int32(128)]",float32,131072,,
mobile_vit-mobile-vit-float,637,model/tf.math.multiply_66/Mul,"[np.int32(1), np.int32(16), np.int32(16), np.int32(128)]",float32,131072,,
mobile_vit-mobile-vit-float,638,model/tf.math.add_75/Add;model/dynamic_conv2d_21/DynamicConv2D,"[np.int32(1), np.int32(16), np.int32(16), np.int32(512)]",float32,524288,,
mobile_vit-mobile-vit-float,639,model/tf.math.sigmoid_25/Sigmoid,"[np.int32(1), np.int32(16), np.int32(16), np.int32(512)]",float32,524288,,
mobile_vit-mobile-vit-float,640,model/tf.math.multiply_67/Mul,"[np.int32(1), np.int32(16), np.int32(16), np.int32(512)]",float32,524288,,
mobile_vit-mobile-vit-float,641,model/tf.compat.v1.pad_4/Pad,"[np.int32(1), np.int32(17), np.int32(17), np.int32(512)]",float32,591872,,
mobile_vit-mobile-vit-float,642,model/tf.math.add_76/Add;model/.net/mobilevit/encoder/4/downsampling_layer/conv_3x3/convolution/Conv/depthwise,"[np.int32(1), np.int32(8), np.int32(8), np.int32(512)]",float32,131072,,
mobile_vit-mobile-vit-float,643,model/tf.math.sigmoid_26/Sigmoid,"[np.int32(1), np.int32(8), np.int32(8), np.int32(512)]",float32,131072,,
mobile_vit-mobile-vit-float,644,model/tf.math.multiply_68/Mul,"[np.int32(1), np.int32(8), np.int32(8), np.int32(512)]",float32,131072,,
mobile_vit-mobile-vit-float,645,model/tf.math.add_77/Add;model/dynamic_conv2d_22/DynamicConv2D,"[np.int32(1), np.int32(8), np.int32(8), np.int32(160)]",float32,40960,,
mobile_vit-mobile-vit-float,646,model/tf.math.add_78/Add;model/dynamic_conv2d_23/DynamicConv2D,"[np.int32(1), np.int32(8), np.int32(8), np.int32(160)]",float32,40960,,
mobile_vit-mobile-vit-float,647,model/tf.math.sigmoid_27/Sigmoid,"[np.int32(1), np.int32(8), np.int32(8), np.int32(160)]",float32,40960,,
mobile_vit-mobile-vit-float,648,model/tf.math.multiply_69/Mul,"[np.int32(1), np.int32(8), np.int32(8), np.int32(160)]",float32,40960,,
mobile_vit-mobile-vit-float,649,model/dynamic_conv2d_24/DynamicConv2D,"[np.int32(1), np.int32(8), np.int32(8), np.int32(240)]",float32,61440,,
mobile_vit-mobile-vit-float,650,model/tf.compat.v1.transpose_36/transpose,"[np.int32(1), np.int32(240), np.int32(8), np.int32(8)]",float32,61440,,
mobile_vit-mobile-vit-float,651,model/tf.reshape_36/Reshape,"[np.int32(960), np.int32(2), np.int32(4), np.int32(2)]",float32,61440,,
mobile_vit-mobile-vit-float,652,model/tf.compat.v1.transpose_37/transpose,"[np.int32(960), np.int32(4), np.int32(2), np.int32(2)]",float32,61440,,
mobile_vit-mobile-vit-float,653,model/tf.reshape_37/Reshape,"[np.int32(1), np.int32(240), np.int32(16), np.int32(4)]",float32,61440,,
mobile_vit-mobile-vit-float,654,model/tf.compat.v1.transpose_38/transpose,"[np.int32(1), np.int32(4), np.int32(16), np.int32(240)]",float32,61440,,
mobile_vit-mobile-vit-float,655,model/tf.reshape_38/Reshape,"[np.int32(4), np.int32(16), np.int32(240)]",float32,61440,,
mobile_vit-mobile-vit-float,656,model/tf.math.reduce_mean_28/Mean,"[np.int32(4), np.int32(16), np.int32(1)]",float32,256,,
mobile_vit-mobile-vit-float,657,model/tf.math.squared_difference_14/SquaredDifference,"[np.int32(4), np.int32(16), np.int32(240)]",float32,61440,,
mobile_vit-mobile-vit-float,658,model/tf.math.reduce_mean_29/Mean,"[np.int32(4), np.int32(16), np.int32(1)]",float32,256,,
mobile_vit-mobile-vit-float,659,model/tf.__operators__.add_28/AddV2,"[np.int32(4), np.int32(16), np.int32(1)]",float32,256,,
mobile_vit-mobile-vit-float,660,model/tf.math.rsqrt_14/Rsqrt,"[np.int32(4), np.int32(16), np.int32(1)]",float32,256,,
mobile_vit-mobile-vit-float,661,model/tf.math.multiply_70/Mul,"[np.int32(4), np.int32(16), np.int32(240)]",float32,61440,,
mobile_vit-mobile-vit-float,662,model/tf.math.multiply_71/Mul,"[np.int32(4), np.int32(16), np.int32(240)]",float32,61440,,
mobile_vit-mobile-vit-float,663,model/tf.math.multiply_72/Mul,"[np.int32(4), np.int32(16), np.int32(240)]",float32,61440,,
mobile_vit-mobile-vit-float,664,model/tf.math.subtract_14/Sub,"[np.int32(4), np.int32(16), np.int32(240)]",float32,61440,,
mobile_vit-mobile-vit-float,665,model/tf.__operators__.add_29/AddV2,"[np.int32(4), np.int32(16), np.int32(240)]",float32,61440,,
mobile_vit-mobile-vit-float,666,model/tf.linalg.matmul_36/MatMul,"[np.int32(4), np.int32(16), np.int32(720)]",float32,184320,,
mobile_vit-mobile-vit-float,667,model/tf.strided_slice_18/StridedSlice,"[np.int32(4), np.int32(16), np.int32(240)]",float32,61440,,
mobile_vit-mobile-vit-float,668,model/tf.math.add_79/Add,"[np.int32(4), np.int32(16), np.int32(240)]",float32,61440,,
mobile_vit-mobile-vit-float,669,model/tf.reshape_39/Reshape,"[np.int32(4), np.int32(16), np.int32(4), np.int32(60)]",float32,61440,,
mobile_vit-mobile-vit-float,670,model/tf.compat.v1.transpose_39/transpose,"[np.int32(4), np.int32(4), np.int32(16), np.int32(60)]",float32,61440,,
mobile_vit-mobile-vit-float,671,model/tf.strided_slice_19/StridedSlice,"[np.int32(4), np.int32(16), np.int32(240)]",float32,61440,,
mobile_vit-mobile-vit-float,672,model/tf.math.add_80/Add,"[np.int32(4), np.int32(16), np.int32(240)]",float32,61440,,
mobile_vit-mobile-vit-float,673,model/tf.reshape_40/Reshape,"[np.int32(4), np.int32(16), np.int32(4), np.int32(60)]",float32,61440,,
mobile_vit-mobile-vit-float,674,model/tf.compat.v1.transpose_41/transpose,"[np.int32(4), np.int32(4), np.int32(60), np.int32(16)]",float32,61440,,
mobile_vit-mobile-vit-float,675,model/tf.linalg.matmul_37/MatMul,"[np.int32(4), np.int32(4), np.int32(16), np.int32(16)]",float32,16384,,
mobile_vit-mobile-vit-float,676,model/tf.math.divide_6/truediv,"[np.int32(4), np.int32(4), np.int32(16), np.int32(16)]",float32,16384,,
mobile_vit-mobile-vit-float,677,model/tf.nn.softmax_6/Softmax,"[np.int32(4), np.int32(4), np.int32(16), np.int32(16)]",float32,16384,,
mobile_vit-mobile-vit-float,678,model/tf.strided_slice_20/StridedSlice,"[np.int32(4), np.int32(16), np.int32(240)]",float32,61440,,
mobile_vit-mobile-vit-float,679,model/tf.math.add_81/Add,"[np.int32(4), np.int32(16), np.int32(240)]",float32,61440,,
mobile_vit-mobile-vit-float,680,model/tf.reshape_41/Reshape,"[np.int32(4), np.int32(16), np.int32(4), np.int32(60)]",float32,61440,,
mobile_vit-mobile-vit-float,681,model/tf.compat.v1.transpose_40/transpose,"[np.int32(4), np.int32(4), np.int32(16), np.int32(60)]",float32,61440,,
mobile_vit-mobile-vit-float,682,model/tf.linalg.matmul_38/MatMul,"[np.int32(4), np.int32(4), np.int32(16), np.int32(60)]",float32,61440,,
mobile_vit-mobile-vit-float,683,model/tf.compat.v1.transpose_42/transpose,"[np.int32(4), np.int32(16), np.int32(4), np.int32(60)]",float32,61440,,
mobile_vit-mobile-vit-float,684,model/tf.reshape_42/Reshape,"[np.int32(4), np.int32(16), np.int32(240)]",float32,61440,,
mobile_vit-mobile-vit-float,685,model/tf.linalg.matmul_39/MatMul;model/tf.math.add_82/Add,"[np.int32(4), np.int32(16), np.int32(240)]",float32,61440,,
mobile_vit-mobile-vit-float,686,model/tf.math.add_83/Add,"[np.int32(4), np.int32(16), np.int32(240)]",float32,61440,,
mobile_vit-mobile-vit-float,687,model/tf.math.reduce_mean_30/Mean,"[np.int32(4), np.int32(16), np.int32(1)]",float32,256,,
mobile_vit-mobile-vit-float,688,model/tf.math.squared_difference_15/SquaredDifference,"[np.int32(4), np.int32(16), np.int32(240)]",float32,61440,,
mobile_vit-mobile-vit-float,689,model/tf.math.reduce_mean_31/Mean,"[np.int32(4), np.int32(16), np.int32(1)]",float32,256,,
mobile_vit-mobile-vit-float,690,model/tf.__operators__.add_30/AddV2,"[np.int32(4), np.int32(16), np.int32(1)]",float32,256,,
mobile_vit-mobile-vit-float,691,model/tf.math.rsqrt_15/Rsqrt,"[np.int32(4), np.int32(16), np.int32(1)]",float32,256,,
mobile_vit-mobile-vit-float,692,model/tf.math.multiply_73/Mul,"[np.int32(4), np.int32(16), np.int32(240)]",float32,61440,,
mobile_vit-mobile-vit-float,693,model/tf.math.multiply_74/Mul,"[np.int32(4), np.int32(16), np.int32(240)]",float32,61440,,
mobile_vit-mobile-vit-float,694,model/tf.math.multiply_75/Mul,"[np.int32(4), np.int32(16), np.int32(240)]",float32,61440,,
mobile_vit-mobile-vit-float,695,model/tf.math.subtract_15/Sub,"[np.int32(4), np.int32(16), np.int32(240)]",float32,61440,,
mobile_vit-mobile-vit-float,696,model/tf.__operators__.add_31/AddV2,"[np.int32(4), np.int32(16), np.int32(240)]",float32,61440,,
mobile_vit-mobile-vit-float,697,model/tf.linalg.matmul_40/MatMul;model/tf.math.add_84/Add,"[np.int32(4), np.int32(16), np.int32(480)]",float32,122880,,
mobile_vit-mobile-vit-float,698,model/tf.math.sigmoid_28/Sigmoid,"[np.int32(4), np.int32(16), np.int32(480)]",float32,122880,,
mobile_vit-mobile-vit-float,699,model/tf.math.multiply_76/Mul,"[np.int32(4), np.int32(16), np.int32(480)]",float32,122880,,
mobile_vit-mobile-vit-float,700,model/tf.linalg.matmul_41/MatMul;model/tf.math.add_85/Add,"[np.int32(4), np.int32(16), np.int32(240)]",float32,61440,,
mobile_vit-mobile-vit-float,701,model/tf.math.add_86/Add,"[np.int32(4), np.int32(16), np.int32(240)]",float32,61440,,
mobile_vit-mobile-vit-float,702,model/tf.math.reduce_mean_32/Mean,"[np.int32(4), np.int32(16), np.int32(1)]",float32,256,,
mobile_vit-mobile-vit-float,703,model/tf.math.squared_difference_16/SquaredDifference,"[np.int32(4), np.int32(16), np.int32(240)]",float32,61440,,
mobile_vit-mobile-vit-float,704,model/tf.math.reduce_mean_33/Mean,"[np.int32(4), np.int32(16), np.int32(1)]",float32,256,,
mobile_vit-mobile-vit-float,705,model/tf.__operators__.add_32/AddV2,"[np.int32(4), np.int32(16), np.int32(1)]",float32,256,,
mobile_vit-mobile-vit-float,706,model/tf.math.rsqrt_16/Rsqrt,"[np.int32(4), np.int32(16), np.int32(1)]",float32,256,,
mobile_vit-mobile-vit-float,707,model/tf.math.multiply_77/Mul,"[np.int32(4), np.int32(16), np.int32(240)]",float32,61440,,
mobile_vit-mobile-vit-float,708,model/tf.math.multiply_78/Mul,"[np.int32(4), np.int32(16), np.int32(240)]",float32,61440,,
mobile_vit-mobile-vit-float,709,model/tf.math.multiply_79/Mul,"[np.int32(4), np.int32(16), np.int32(240)]",float32,61440,,
mobile_vit-mobile-vit-float,710,model/tf.math.subtract_16/Sub,"[np.int32(4), np.int32(16), np.int32(240)]",float32,61440,,
mobile_vit-mobile-vit-float,711,model/tf.__operators__.add_33/AddV2,"[np.int32(4), np.int32(16), np.int32(240)]",float32,61440,,
mobile_vit-mobile-vit-float,712,model/tf.linalg.matmul_42/MatMul,"[np.int32(4), np.int32(16), np.int32(720)]",float32,184320,,
mobile_vit-mobile-vit-float,713,model/tf.strided_slice_21/StridedSlice,"[np.int32(4), np.int32(16), np.int32(240)]",float32,61440,,
mobile_vit-mobile-vit-float,714,model/tf.math.add_87/Add,"[np.int32(4), np.int32(16), np.int32(240)]",float32,61440,,
mobile_vit-mobile-vit-float,715,model/tf.reshape_43/Reshape,"[np.int32(4), np.int32(16), np.int32(4), np.int32(60)]",float32,61440,,
mobile_vit-mobile-vit-float,716,model/tf.compat.v1.transpose_43/transpose,"[np.int32(4), np.int32(4), np.int32(16), np.int32(60)]",float32,61440,,
mobile_vit-mobile-vit-float,717,model/tf.strided_slice_22/StridedSlice,"[np.int32(4), np.int32(16), np.int32(240)]",float32,61440,,
mobile_vit-mobile-vit-float,718,model/tf.math.add_88/Add,"[np.int32(4), np.int32(16), np.int32(240)]",float32,61440,,
mobile_vit-mobile-vit-float,719,model/tf.reshape_44/Reshape,"[np.int32(4), np.int32(16), np.int32(4), np.int32(60)]",float32,61440,,
mobile_vit-mobile-vit-float,720,model/tf.compat.v1.transpose_45/transpose,"[np.int32(4), np.int32(4), np.int32(60), np.int32(16)]",float32,61440,,
mobile_vit-mobile-vit-float,721,model/tf.linalg.matmul_43/MatMul,"[np.int32(4), np.int32(4), np.int32(16), np.int32(16)]",float32,16384,,
mobile_vit-mobile-vit-float,722,model/tf.math.divide_7/truediv,"[np.int32(4), np.int32(4), np.int32(16), np.int32(16)]",float32,16384,,
mobile_vit-mobile-vit-float,723,model/tf.nn.softmax_7/Softmax,"[np.int32(4), np.int32(4), np.int32(16), np.int32(16)]",float32,16384,,
mobile_vit-mobile-vit-float,724,model/tf.strided_slice_23/StridedSlice,"[np.int32(4), np.int32(16), np.int32(240)]",float32,61440,,
mobile_vit-mobile-vit-float,725,model/tf.math.add_89/Add,"[np.int32(4), np.int32(16), np.int32(240)]",float32,61440,,
mobile_vit-mobile-vit-float,726,model/tf.reshape_45/Reshape,"[np.int32(4), np.int32(16), np.int32(4), np.int32(60)]",float32,61440,,
mobile_vit-mobile-vit-float,727,model/tf.compat.v1.transpose_44/transpose,"[np.int32(4), np.int32(4), np.int32(16), np.int32(60)]",float32,61440,,
mobile_vit-mobile-vit-float,728,model/tf.linalg.matmul_44/MatMul,"[np.int32(4), np.int32(4), np.int32(16), np.int32(60)]",float32,61440,,
mobile_vit-mobile-vit-float,729,model/tf.compat.v1.transpose_46/transpose,"[np.int32(4), np.int32(16), np.int32(4), np.int32(60)]",float32,61440,,
mobile_vit-mobile-vit-float,730,model/tf.reshape_46/Reshape,"[np.int32(4), np.int32(16), np.int32(240)]",float32,61440,,
mobile_vit-mobile-vit-float,731,model/tf.linalg.matmul_45/MatMul;model/tf.math.add_90/Add,"[np.int32(4), np.int32(16), np.int32(240)]",float32,61440,,
mobile_vit-mobile-vit-float,732,model/tf.math.add_91/Add,"[np.int32(4), np.int32(16), np.int32(240)]",float32,61440,,
mobile_vit-mobile-vit-float,733,model/tf.math.reduce_mean_34/Mean,"[np.int32(4), np.int32(16), np.int32(1)]",float32,256,,
mobile_vit-mobile-vit-float,734,model/tf.math.squared_difference_17/SquaredDifference,"[np.int32(4), np.int32(16), np.int32(240)]",float32,61440,,
mobile_vit-mobile-vit-float,735,model/tf.math.reduce_mean_35/Mean,"[np.int32(4), np.int32(16), np.int32(1)]",float32,256,,
mobile_vit-mobile-vit-float,736,model/tf.__operators__.add_34/AddV2,"[np.int32(4), np.int32(16), np.int32(1)]",float32,256,,
mobile_vit-mobile-vit-float,737,model/tf.math.rsqrt_17/Rsqrt,"[np.int32(4), np.int32(16), np.int32(1)]",float32,256,,
mobile_vit-mobile-vit-float,738,model/tf.math.multiply_80/Mul,"[np.int32(4), np.int32(16), np.int32(240)]",float32,61440,,
mobile_vit-mobile-vit-float,739,model/tf.math.multiply_81/Mul,"[np.int32(4), np.int32(16), np.int32(240)]",float32,61440,,
mobile_vit-mobile-vit-float,740,model/tf.math.multiply_82/Mul,"[np.int32(4), np.int32(16), np.int32(240)]",float32,61440,,
mobile_vit-mobile-vit-float,741,model/tf.math.subtract_17/Sub,"[np.int32(4), np.int32(16), np.int32(240)]",float32,61440,,
mobile_vit-mobile-vit-float,742,model/tf.__operators__.add_35/AddV2,"[np.int32(4), np.int32(16), np.int32(240)]",float32,61440,,
mobile_vit-mobile-vit-float,743,model/tf.linalg.matmul_46/MatMul;model/tf.math.add_92/Add,"[np.int32(4), np.int32(16), np.int32(480)]",float32,122880,,
mobile_vit-mobile-vit-float,744,model/tf.math.sigmoid_29/Sigmoid,"[np.int32(4), np.int32(16), np.int32(480)]",float32,122880,,
mobile_vit-mobile-vit-float,745,model/tf.math.multiply_83/Mul,"[np.int32(4), np.int32(16), np.int32(480)]",float32,122880,,
mobile_vit-mobile-vit-float,746,model/tf.linalg.matmul_47/MatMul;model/tf.math.add_93/Add,"[np.int32(4), np.int32(16), np.int32(240)]",float32,61440,,
mobile_vit-mobile-vit-float,747,model/tf.math.add_94/Add,"[np.int32(4), np.int32(16), np.int32(240)]",float32,61440,,
mobile_vit-mobile-vit-float,748,model/tf.math.reduce_mean_36/Mean,"[np.int32(4), np.int32(16), np.int32(1)]",float32,256,,
mobile_vit-mobile-vit-float,749,model/tf.math.squared_difference_18/SquaredDifference,"[np.int32(4), np.int32(16), np.int32(240)]",float32,61440,,
mobile_vit-mobile-vit-float,750,model/tf.math.reduce_mean_37/Mean,"[np.int32(4), np.int32(16), np.int32(1)]",float32,256,,
mobile_vit-mobile-vit-float,751,model/tf.__operators__.add_36/AddV2,"[np.int32(4), np.int32(16), np.int32(1)]",float32,256,,
mobile_vit-mobile-vit-float,752,model/tf.math.rsqrt_18/Rsqrt,"[np.int32(4), np.int32(16), np.int32(1)]",float32,256,,
mobile_vit-mobile-vit-float,753,model/tf.math.multiply_84/Mul,"[np.int32(4), np.int32(16), np.int32(240)]",float32,61440,,
mobile_vit-mobile-vit-float,754,model/tf.math.multiply_85/Mul,"[np.int32(4), np.int32(16), np.int32(240)]",float32,61440,,
mobile_vit-mobile-vit-float,755,model/tf.math.multiply_86/Mul,"[np.int32(4), np.int32(16), np.int32(240)]",float32,61440,,
mobile_vit-mobile-vit-float,756,model/tf.math.subtract_18/Sub,"[np.int32(4), np.int32(16), np.int32(240)]",float32,61440,,
mobile_vit-mobile-vit-float,757,model/tf.__operators__.add_37/AddV2,"[np.int32(4), np.int32(16), np.int32(240)]",float32,61440,,
mobile_vit-mobile-vit-float,758,model/tf.linalg.matmul_48/MatMul,"[np.int32(4), np.int32(16), np.int32(720)]",float32,184320,,
mobile_vit-mobile-vit-float,759,model/tf.strided_slice_24/StridedSlice,"[np.int32(4), np.int32(16), np.int32(240)]",float32,61440,,
mobile_vit-mobile-vit-float,760,model/tf.math.add_95/Add,"[np.int32(4), np.int32(16), np.int32(240)]",float32,61440,,
mobile_vit-mobile-vit-float,761,model/tf.reshape_47/Reshape,"[np.int32(4), np.int32(16), np.int32(4), np.int32(60)]",float32,61440,,
mobile_vit-mobile-vit-float,762,model/tf.compat.v1.transpose_47/transpose,"[np.int32(4), np.int32(4), np.int32(16), np.int32(60)]",float32,61440,,
mobile_vit-mobile-vit-float,763,model/tf.strided_slice_25/StridedSlice,"[np.int32(4), np.int32(16), np.int32(240)]",float32,61440,,
mobile_vit-mobile-vit-float,764,model/tf.math.add_96/Add,"[np.int32(4), np.int32(16), np.int32(240)]",float32,61440,,
mobile_vit-mobile-vit-float,765,model/tf.reshape_48/Reshape,"[np.int32(4), np.int32(16), np.int32(4), np.int32(60)]",float32,61440,,
mobile_vit-mobile-vit-float,766,model/tf.compat.v1.transpose_49/transpose,"[np.int32(4), np.int32(4), np.int32(60), np.int32(16)]",float32,61440,,
mobile_vit-mobile-vit-float,767,model/tf.linalg.matmul_49/MatMul,"[np.int32(4), np.int32(4), np.int32(16), np.int32(16)]",float32,16384,,
mobile_vit-mobile-vit-float,768,model/tf.math.divide_8/truediv,"[np.int32(4), np.int32(4), np.int32(16), np.int32(16)]",float32,16384,,
mobile_vit-mobile-vit-float,769,model/tf.nn.softmax_8/Softmax,"[np.int32(4), np.int32(4), np.int32(16), np.int32(16)]",float32,16384,,
mobile_vit-mobile-vit-float,770,model/tf.strided_slice_26/StridedSlice,"[np.int32(4), np.int32(16), np.int32(240)]",float32,61440,,
mobile_vit-mobile-vit-float,771,model/tf.math.add_97/Add,"[np.int32(4), np.int32(16), np.int32(240)]",float32,61440,,
mobile_vit-mobile-vit-float,772,model/tf.reshape_49/Reshape,"[np.int32(4), np.int32(16), np.int32(4), np.int32(60)]",float32,61440,,
mobile_vit-mobile-vit-float,773,model/tf.compat.v1.transpose_48/transpose,"[np.int32(4), np.int32(4), np.int32(16), np.int32(60)]",float32,61440,,
mobile_vit-mobile-vit-float,774,model/tf.linalg.matmul_50/MatMul,"[np.int32(4), np.int32(4), np.int32(16), np.int32(60)]",float32,61440,,
mobile_vit-mobile-vit-float,775,model/tf.compat.v1.transpose_50/transpose,"[np.int32(4), np.int32(16), np.int32(4), np.int32(60)]",float32,61440,,
mobile_vit-mobile-vit-float,776,model/tf.reshape_50/Reshape,"[np.int32(4), np.int32(16), np.int32(240)]",float32,61440,,
mobile_vit-mobile-vit-float,777,model/tf.linalg.matmul_51/MatMul;model/tf.math.add_98/Add,"[np.int32(4), np.int32(16), np.int32(240)]",float32,61440,,
mobile_vit-mobile-vit-float,778,model/tf.math.add_99/Add,"[np.int32(4), np.int32(16), np.int32(240)]",float32,61440,,
mobile_vit-mobile-vit-float,779,model/tf.math.reduce_mean_38/Mean,"[np.int32(4), np.int32(16), np.int32(1)]",float32,256,,
mobile_vit-mobile-vit-float,780,model/tf.math.squared_difference_19/SquaredDifference,"[np.int32(4), np.int32(16), np.int32(240)]",float32,61440,,
mobile_vit-mobile-vit-float,781,model/tf.math.reduce_mean_39/Mean,"[np.int32(4), np.int32(16), np.int32(1)]",float32,256,,
mobile_vit-mobile-vit-float,782,model/tf.__operators__.add_38/AddV2,"[np.int32(4), np.int32(16), np.int32(1)]",float32,256,,
mobile_vit-mobile-vit-float,783,model/tf.math.rsqrt_19/Rsqrt,"[np.int32(4), np.int32(16), np.int32(1)]",float32,256,,
mobile_vit-mobile-vit-float,784,model/tf.math.multiply_87/Mul,"[np.int32(4), np.int32(16), np.int32(240)]",float32,61440,,
mobile_vit-mobile-vit-float,785,model/tf.math.multiply_88/Mul,"[np.int32(4), np.int32(16), np.int32(240)]",float32,61440,,
mobile_vit-mobile-vit-float,786,model/tf.math.multiply_89/Mul,"[np.int32(4), np.int32(16), np.int32(240)]",float32,61440,,
mobile_vit-mobile-vit-float,787,model/tf.math.subtract_19/Sub,"[np.int32(4), np.int32(16), np.int32(240)]",float32,61440,,
mobile_vit-mobile-vit-float,788,model/tf.__operators__.add_39/AddV2,"[np.int32(4), np.int32(16), np.int32(240)]",float32,61440,,
mobile_vit-mobile-vit-float,789,model/tf.linalg.matmul_52/MatMul;model/tf.math.add_100/Add,"[np.int32(4), np.int32(16), np.int32(480)]",float32,122880,,
mobile_vit-mobile-vit-float,790,model/tf.math.sigmoid_30/Sigmoid,"[np.int32(4), np.int32(16), np.int32(480)]",float32,122880,,
mobile_vit-mobile-vit-float,791,model/tf.math.multiply_90/Mul,"[np.int32(4), np.int32(16), np.int32(480)]",float32,122880,,
mobile_vit-mobile-vit-float,792,model/tf.linalg.matmul_53/MatMul;model/tf.math.add_101/Add,"[np.int32(4), np.int32(16), np.int32(240)]",float32,61440,,
mobile_vit-mobile-vit-float,793,model/tf.math.add_102/Add,"[np.int32(4), np.int32(16), np.int32(240)]",float32,61440,,
mobile_vit-mobile-vit-float,794,model/tf.math.reduce_mean_40/Mean,"[np.int32(4), np.int32(16), np.int32(1)]",float32,256,,
mobile_vit-mobile-vit-float,795,model/tf.math.squared_difference_20/SquaredDifference,"[np.int32(4), np.int32(16), np.int32(240)]",float32,61440,,
mobile_vit-mobile-vit-float,796,model/tf.math.reduce_mean_41/Mean,"[np.int32(4), np.int32(16), np.int32(1)]",float32,256,,
mobile_vit-mobile-vit-float,797,model/tf.__operators__.add_40/AddV2,"[np.int32(4), np.int32(16), np.int32(1)]",float32,256,,
mobile_vit-mobile-vit-float,798,model/tf.math.rsqrt_20/Rsqrt,"[np.int32(4), np.int32(16), np.int32(1)]",float32,256,,
mobile_vit-mobile-vit-float,799,model/tf.math.multiply_91/Mul,"[np.int32(4), np.int32(16), np.int32(240)]",float32,61440,,
mobile_vit-mobile-vit-float,800,model/tf.math.multiply_92/Mul,"[np.int32(4), np.int32(16), np.int32(240)]",float32,61440,,
mobile_vit-mobile-vit-float,801,model/tf.math.multiply_93/Mul,"[np.int32(4), np.int32(16), np.int32(240)]",float32,61440,,
mobile_vit-mobile-vit-float,802,model/tf.math.subtract_20/Sub,"[np.int32(4), np.int32(16), np.int32(240)]",float32,61440,,
mobile_vit-mobile-vit-float,803,model/tf.__operators__.add_41/AddV2,"[np.int32(4), np.int32(16), np.int32(240)]",float32,61440,,
mobile_vit-mobile-vit-float,804,model/tf.reshape_51/Reshape,"[np.int32(1), np.int32(4), np.int32(16), np.int32(240)]",float32,61440,,
mobile_vit-mobile-vit-float,805,model/tf.compat.v1.transpose_51/transpose,"[np.int32(1), np.int32(240), np.int32(16), np.int32(4)]",float32,61440,,
mobile_vit-mobile-vit-float,806,model/tf.reshape_52/Reshape,"[np.int32(960), np.int32(4), np.int32(2), np.int32(2)]",float32,61440,,
mobile_vit-mobile-vit-float,807,model/tf.compat.v1.transpose_52/transpose,"[np.int32(960), np.int32(2), np.int32(4), np.int32(2)]",float32,61440,,
mobile_vit-mobile-vit-float,808,model/tf.reshape_53/Reshape,"[np.int32(1), np.int32(240), np.int32(8), np.int32(8)]",float32,61440,,
mobile_vit-mobile-vit-float,809,model/tf.compat.v1.transpose_53/transpose,"[np.int32(1), np.int32(8), np.int32(8), np.int32(240)]",float32,61440,,
mobile_vit-mobile-vit-float,810,model/tf.math.add_103/Add;model/dynamic_conv2d_25/DynamicConv2D,"[np.int32(1), np.int32(8), np.int32(8), np.int32(160)]",float32,40960,,
mobile_vit-mobile-vit-float,811,model/tf.math.sigmoid_31/Sigmoid,"[np.int32(1), np.int32(8), np.int32(8), np.int32(160)]",float32,40960,,
mobile_vit-mobile-vit-float,812,model/tf.math.multiply_94/Mul,"[np.int32(1), np.int32(8), np.int32(8), np.int32(160)]",float32,40960,,
mobile_vit-mobile-vit-float,813,model/tf.concat_2/.net/mobilevit/encoder/4/Concat_6,"[np.int32(1), np.int32(8), np.int32(8), np.int32(320)]",float32,81920,,
mobile_vit-mobile-vit-float,814,model/tf.math.add_104/Add;model/dynamic_conv2d_26/DynamicConv2D,"[np.int32(1), np.int32(8), np.int32(8), np.int32(160)]",float32,40960,,
mobile_vit-mobile-vit-float,815,model/tf.math.sigmoid_32/Sigmoid,"[np.int32(1), np.int32(8), np.int32(8), np.int32(160)]",float32,40960,,
mobile_vit-mobile-vit-float,816,model/tf.math.multiply_95/Mul,"[np.int32(1), np.int32(8), np.int32(8), np.int32(160)]",float32,40960,,
mobile_vit-mobile-vit-float,817,model/tf.math.add_105/Add;model/dynamic_conv2d_27/DynamicConv2D,"[np.int32(1), np.int32(8), np.int32(8), np.int32(640)]",float32,163840,,
mobile_vit-mobile-vit-float,818,model/tf.math.sigmoid_33/Sigmoid,"[np.int32(1), np.int32(8), np.int32(8), np.int32(640)]",float32,163840,,
mobile_vit-mobile-vit-float,819,model/tf.math.multiply_96/Mul,"[np.int32(1), np.int32(8), np.int32(8), np.int32(640)]",float32,163840,,
mobile_vit-mobile-vit-float,820,model/tf.math.reduce_mean_42/Mean,"[np.int32(1), np.int32(640)]",float32,2560,,
mobile_vit-mobile-vit-float,821,class_logits,"[np.int32(1), np.int32(1000)]",float32,4000,,
mobilenet_v3_large-mobilenet-v3-large-float,0,image_tensor,"[np.int32(1), np.int32(224), np.int32(224), np.int32(3)]",float32,602112,,
mobilenet_v3_large-mobilenet-v3-large-float,1,arith.constant,"[np.int32(1000), np.int32(1280)]",float32,5120000,,
mobilenet_v3_large-mobilenet-v3-large-float,2,arith.constant1,[np.int32(960)],float32,3840,,
mobilenet_v3_large-mobilenet-v3-large-float,3,arith.constant2,[np.int32(240)],float32,960,,
mobilenet_v3_large-mobilenet-v3-large-float,4,arith.constant3,[np.int32(960)],float32,3840,,
mobilenet_v3_large-mobilenet-v3-large-float,5,arith.constant4,[np.int32(240)],float32,960,,
mobilenet_v3_large-mobilenet-v3-large-float,6,arith.constant5,[np.int32(672)],float32,2688,,
mobilenet_v3_large-mobilenet-v3-large-float,7,arith.constant6,[np.int32(168)],float32,672,,
mobilenet_v3_large-mobilenet-v3-large-float,8,arith.constant7,[np.int32(672)],float32,2688,,
mobilenet_v3_large-mobilenet-v3-large-float,9,arith.constant8,[np.int32(168)],float32,672,,
mobilenet_v3_large-mobilenet-v3-large-float,10,arith.constant9,[np.int32(480)],float32,1920,,
mobilenet_v3_large-mobilenet-v3-large-float,11,arith.constant10,[np.int32(120)],float32,480,,
mobilenet_v3_large-mobilenet-v3-large-float,12,arith.constant11,[np.int32(120)],float32,480,,
mobilenet_v3_large-mobilenet-v3-large-float,13,arith.constant12,[np.int32(32)],float32,128,,
mobilenet_v3_large-mobilenet-v3-large-float,14,arith.constant13,[np.int32(120)],float32,480,,
mobilenet_v3_large-mobilenet-v3-large-float,15,arith.constant14,[np.int32(120)],float32,480,,
mobilenet_v3_large-mobilenet-v3-large-float,16,arith.constant15,[np.int32(120)],float32,480,,
mobilenet_v3_large-mobilenet-v3-large-float,17,arith.constant16,[np.int32(32)],float32,128,,
mobilenet_v3_large-mobilenet-v3-large-float,18,arith.constant17,[np.int32(120)],float32,480,,
mobilenet_v3_large-mobilenet-v3-large-float,19,arith.constant18,[np.int32(120)],float32,480,,
mobilenet_v3_large-mobilenet-v3-large-float,20,arith.constant19,[np.int32(72)],float32,288,,
mobilenet_v3_large-mobilenet-v3-large-float,21,arith.constant20,[np.int32(24)],float32,96,,
mobilenet_v3_large-mobilenet-v3-large-float,22,arith.constant21,[np.int32(72)],float32,288,,
mobilenet_v3_large-mobilenet-v3-large-float,23,arith.constant22,[np.int32(72)],float32,288,,
mobilenet_v3_large-mobilenet-v3-large-float,24,arith.constant23,[np.int32(72)],float32,288,,
mobilenet_v3_large-mobilenet-v3-large-float,25,arith.constant24,[np.int32(72)],float32,288,,
mobilenet_v3_large-mobilenet-v3-large-float,26,arith.constant25,[np.int32(64)],float32,256,,
mobilenet_v3_large-mobilenet-v3-large-float,27,arith.constant26,[np.int32(64)],float32,256,,
mobilenet_v3_large-mobilenet-v3-large-float,28,arith.constant27,[np.int32(16)],float32,64,,
mobilenet_v3_large-mobilenet-v3-large-float,29,arith.constant28,[np.int32(1280)],float32,5120,,
mobilenet_v3_large-mobilenet-v3-large-float,30,arith.constant29,[np.int32(960)],float32,3840,,
mobilenet_v3_large-mobilenet-v3-large-float,31,arith.constant30,[np.int32(160)],float32,640,,
mobilenet_v3_large-mobilenet-v3-large-float,32,arith.constant31,[np.int32(960)],float32,3840,,
mobilenet_v3_large-mobilenet-v3-large-float,33,arith.constant32,[np.int32(960)],float32,3840,,
mobilenet_v3_large-mobilenet-v3-large-float,34,arith.constant33,[np.int32(160)],float32,640,,
mobilenet_v3_large-mobilenet-v3-large-float,35,arith.constant34,[np.int32(960)],float32,3840,,
mobilenet_v3_large-mobilenet-v3-large-float,36,arith.constant35,[np.int32(960)],float32,3840,,
mobilenet_v3_large-mobilenet-v3-large-float,37,arith.constant36,[np.int32(160)],float32,640,,
mobilenet_v3_large-mobilenet-v3-large-float,38,arith.constant37,[np.int32(672)],float32,2688,,
mobilenet_v3_large-mobilenet-v3-large-float,39,arith.constant38,[np.int32(672)],float32,2688,,
mobilenet_v3_large-mobilenet-v3-large-float,40,arith.constant39,[np.int32(112)],float32,448,,
mobilenet_v3_large-mobilenet-v3-large-float,41,arith.constant40,[np.int32(672)],float32,2688,,
mobilenet_v3_large-mobilenet-v3-large-float,42,arith.constant41,[np.int32(672)],float32,2688,,
mobilenet_v3_large-mobilenet-v3-large-float,43,arith.constant42,[np.int32(112)],float32,448,,
mobilenet_v3_large-mobilenet-v3-large-float,44,arith.constant43,[np.int32(480)],float32,1920,,
mobilenet_v3_large-mobilenet-v3-large-float,45,arith.constant44,[np.int32(480)],float32,1920,,
mobilenet_v3_large-mobilenet-v3-large-float,46,arith.constant45,[np.int32(80)],float32,320,,
mobilenet_v3_large-mobilenet-v3-large-float,47,arith.constant46,[np.int32(184)],float32,736,,
mobilenet_v3_large-mobilenet-v3-large-float,48,arith.constant47,[np.int32(184)],float32,736,,
mobilenet_v3_large-mobilenet-v3-large-float,49,arith.constant48,[np.int32(80)],float32,320,,
mobilenet_v3_large-mobilenet-v3-large-float,50,arith.constant49,[np.int32(184)],float32,736,,
mobilenet_v3_large-mobilenet-v3-large-float,51,arith.constant50,[np.int32(184)],float32,736,,
mobilenet_v3_large-mobilenet-v3-large-float,52,arith.constant51,[np.int32(80)],float32,320,,
mobilenet_v3_large-mobilenet-v3-large-float,53,arith.constant52,[np.int32(200)],float32,800,,
mobilenet_v3_large-mobilenet-v3-large-float,54,arith.constant53,[np.int32(200)],float32,800,,
mobilenet_v3_large-mobilenet-v3-large-float,55,arith.constant54,[np.int32(80)],float32,320,,
mobilenet_v3_large-mobilenet-v3-large-float,56,arith.constant55,[np.int32(240)],float32,960,,
mobilenet_v3_large-mobilenet-v3-large-float,57,arith.constant56,[np.int32(240)],float32,960,,
mobilenet_v3_large-mobilenet-v3-large-float,58,arith.constant57,[np.int32(40)],float32,160,,
mobilenet_v3_large-mobilenet-v3-large-float,59,arith.constant58,[np.int32(40)],float32,160,,
mobilenet_v3_large-mobilenet-v3-large-float,60,arith.constant59,[np.int32(40)],float32,160,,
mobilenet_v3_large-mobilenet-v3-large-float,61,arith.constant60,[np.int32(24)],float32,96,,
mobilenet_v3_large-mobilenet-v3-large-float,62,arith.constant61,[np.int32(24)],float32,96,,
mobilenet_v3_large-mobilenet-v3-large-float,63,arith.constant62,[np.int32(16)],float32,64,,
mobilenet_v3_large-mobilenet-v3-large-float,64,arith.constant63,[np.int32(16)],float32,64,,
mobilenet_v3_large-mobilenet-v3-large-float,65,arith.constant64,"[np.int32(960), np.int32(1), np.int32(1), np.int32(160)]",float32,614400,,
mobilenet_v3_large-mobilenet-v3-large-float,66,arith.constant65,"[np.int32(160), np.int32(1), np.int32(1), np.int32(960)]",float32,614400,,
mobilenet_v3_large-mobilenet-v3-large-float,67,arith.constant66,"[np.int32(960), np.int32(1), np.int32(1), np.int32(240)]",float32,921600,,
mobilenet_v3_large-mobilenet-v3-large-float,68,arith.constant67,"[np.int32(240), np.int32(1), np.int32(1), np.int32(960)]",float32,921600,,
mobilenet_v3_large-mobilenet-v3-large-float,69,arith.constant68,"[np.int32(1), np.int32(5), np.int32(5), np.int32(960)]",float32,96000,,
mobilenet_v3_large-mobilenet-v3-large-float,70,arith.constant69,"[np.int32(960), np.int32(1), np.int32(1), np.int32(160)]",float32,614400,,
mobilenet_v3_large-mobilenet-v3-large-float,71,arith.constant70,"[np.int32(160), np.int32(1), np.int32(1), np.int32(960)]",float32,614400,,
mobilenet_v3_large-mobilenet-v3-large-float,72,arith.constant71,"[np.int32(960), np.int32(1), np.int32(1), np.int32(240)]",float32,921600,,
mobilenet_v3_large-mobilenet-v3-large-float,73,arith.constant72,"[np.int32(240), np.int32(1), np.int32(1), np.int32(960)]",float32,921600,,
mobilenet_v3_large-mobilenet-v3-large-float,74,arith.constant73,"[np.int32(1), np.int32(5), np.int32(5), np.int32(960)]",float32,96000,,
mobilenet_v3_large-mobilenet-v3-large-float,75,arith.constant74,"[np.int32(960), np.int32(1), np.int32(1), np.int32(160)]",float32,614400,,
mobilenet_v3_large-mobilenet-v3-large-float,76,arith.constant75,"[np.int32(160), np.int32(1), np.int32(1), np.int32(672)]",float32,430080,,
mobilenet_v3_large-mobilenet-v3-large-float,77,arith.constant76,"[np.int32(672), np.int32(1), np.int32(1), np.int32(168)]",float32,451584,,
mobilenet_v3_large-mobilenet-v3-large-float,78,arith.constant77,"[np.int32(168), np.int32(1), np.int32(1), np.int32(672)]",float32,451584,,
mobilenet_v3_large-mobilenet-v3-large-float,79,arith.constant78,"[np.int32(1), np.int32(5), np.int32(5), np.int32(672)]",float32,67200,,
mobilenet_v3_large-mobilenet-v3-large-float,80,arith.constant79,"[np.int32(672), np.int32(1), np.int32(1), np.int32(112)]",float32,301056,,
mobilenet_v3_large-mobilenet-v3-large-float,81,arith.constant80,"[np.int32(112), np.int32(1), np.int32(1), np.int32(672)]",float32,301056,,
mobilenet_v3_large-mobilenet-v3-large-float,82,arith.constant81,"[np.int32(672), np.int32(1), np.int32(1), np.int32(168)]",float32,451584,,
mobilenet_v3_large-mobilenet-v3-large-float,83,arith.constant82,"[np.int32(168), np.int32(1), np.int32(1), np.int32(672)]",float32,451584,,
mobilenet_v3_large-mobilenet-v3-large-float,84,arith.constant83,"[np.int32(1), np.int32(3), np.int32(3), np.int32(672)]",float32,24192,,
mobilenet_v3_large-mobilenet-v3-large-float,85,arith.constant84,"[np.int32(672), np.int32(1), np.int32(1), np.int32(112)]",float32,301056,,
mobilenet_v3_large-mobilenet-v3-large-float,86,arith.constant85,"[np.int32(112), np.int32(1), np.int32(1), np.int32(480)]",float32,215040,,
mobilenet_v3_large-mobilenet-v3-large-float,87,arith.constant86,"[np.int32(480), np.int32(1), np.int32(1), np.int32(120)]",float32,230400,,
mobilenet_v3_large-mobilenet-v3-large-float,88,arith.constant87,"[np.int32(120), np.int32(1), np.int32(1), np.int32(480)]",float32,230400,,
mobilenet_v3_large-mobilenet-v3-large-float,89,arith.constant88,"[np.int32(1), np.int32(3), np.int32(3), np.int32(480)]",float32,17280,,
mobilenet_v3_large-mobilenet-v3-large-float,90,arith.constant89,"[np.int32(480), np.int32(1), np.int32(1), np.int32(80)]",float32,153600,,
mobilenet_v3_large-mobilenet-v3-large-float,91,arith.constant90,"[np.int32(80), np.int32(1), np.int32(1), np.int32(184)]",float32,58880,,
mobilenet_v3_large-mobilenet-v3-large-float,92,arith.constant91,"[np.int32(1), np.int32(3), np.int32(3), np.int32(184)]",float32,6624,,
mobilenet_v3_large-mobilenet-v3-large-float,93,arith.constant92,"[np.int32(184), np.int32(1), np.int32(1), np.int32(80)]",float32,58880,,
mobilenet_v3_large-mobilenet-v3-large-float,94,arith.constant93,"[np.int32(80), np.int32(1), np.int32(1), np.int32(184)]",float32,58880,,
mobilenet_v3_large-mobilenet-v3-large-float,95,arith.constant94,"[np.int32(1), np.int32(3), np.int32(3), np.int32(184)]",float32,6624,,
mobilenet_v3_large-mobilenet-v3-large-float,96,arith.constant95,"[np.int32(184), np.int32(1), np.int32(1), np.int32(80)]",float32,58880,,
mobilenet_v3_large-mobilenet-v3-large-float,97,arith.constant96,"[np.int32(80), np.int32(1), np.int32(1), np.int32(200)]",float32,64000,,
mobilenet_v3_large-mobilenet-v3-large-float,98,arith.constant97,"[np.int32(1), np.int32(3), np.int32(3), np.int32(200)]",float32,7200,,
mobilenet_v3_large-mobilenet-v3-large-float,99,arith.constant98,"[np.int32(200), np.int32(1), np.int32(1), np.int32(80)]",float32,64000,,
mobilenet_v3_large-mobilenet-v3-large-float,100,arith.constant99,"[np.int32(80), np.int32(1), np.int32(1), np.int32(240)]",float32,76800,,
mobilenet_v3_large-mobilenet-v3-large-float,101,arith.constant100,"[np.int32(1), np.int32(3), np.int32(3), np.int32(240)]",float32,8640,,
mobilenet_v3_large-mobilenet-v3-large-float,102,arith.constant101,"[np.int32(240), np.int32(1), np.int32(1), np.int32(40)]",float32,38400,,
mobilenet_v3_large-mobilenet-v3-large-float,103,arith.constant102,"[np.int32(40), np.int32(1), np.int32(1), np.int32(120)]",float32,19200,,
mobilenet_v3_large-mobilenet-v3-large-float,104,arith.constant103,"[np.int32(120), np.int32(1), np.int32(1), np.int32(32)]",float32,15360,,
mobilenet_v3_large-mobilenet-v3-large-float,105,arith.constant104,"[np.int32(32), np.int32(1), np.int32(1), np.int32(120)]",float32,15360,,
mobilenet_v3_large-mobilenet-v3-large-float,106,arith.constant105,"[np.int32(1), np.int32(5), np.int32(5), np.int32(120)]",float32,12000,,
mobilenet_v3_large-mobilenet-v3-large-float,107,arith.constant106,"[np.int32(120), np.int32(1), np.int32(1), np.int32(40)]",float32,19200,,
mobilenet_v3_large-mobilenet-v3-large-float,108,arith.constant107,"[np.int32(40), np.int32(1), np.int32(1), np.int32(120)]",float32,19200,,
mobilenet_v3_large-mobilenet-v3-large-float,109,arith.constant108,"[np.int32(120), np.int32(1), np.int32(1), np.int32(32)]",float32,15360,,
mobilenet_v3_large-mobilenet-v3-large-float,110,arith.constant109,"[np.int32(32), np.int32(1), np.int32(1), np.int32(120)]",float32,15360,,
mobilenet_v3_large-mobilenet-v3-large-float,111,arith.constant110,"[np.int32(1), np.int32(5), np.int32(5), np.int32(120)]",float32,12000,,
mobilenet_v3_large-mobilenet-v3-large-float,112,arith.constant111,"[np.int32(120), np.int32(1), np.int32(1), np.int32(40)]",float32,19200,,
mobilenet_v3_large-mobilenet-v3-large-float,113,arith.constant112,"[np.int32(40), np.int32(1), np.int32(1), np.int32(72)]",float32,11520,,
mobilenet_v3_large-mobilenet-v3-large-float,114,arith.constant113,"[np.int32(72), np.int32(1), np.int32(1), np.int32(24)]",float32,6912,,
mobilenet_v3_large-mobilenet-v3-large-float,115,arith.constant114,"[np.int32(24), np.int32(1), np.int32(1), np.int32(72)]",float32,6912,,
mobilenet_v3_large-mobilenet-v3-large-float,116,arith.constant115,"[np.int32(1), np.int32(5), np.int32(5), np.int32(72)]",float32,7200,,
mobilenet_v3_large-mobilenet-v3-large-float,117,arith.constant116,"[np.int32(72), np.int32(1), np.int32(1), np.int32(24)]",float32,6912,,
mobilenet_v3_large-mobilenet-v3-large-float,118,arith.constant117,"[np.int32(24), np.int32(1), np.int32(1), np.int32(72)]",float32,6912,,
mobilenet_v3_large-mobilenet-v3-large-float,119,arith.constant118,"[np.int32(1), np.int32(3), np.int32(3), np.int32(72)]",float32,2592,,
mobilenet_v3_large-mobilenet-v3-large-float,120,arith.constant119,"[np.int32(72), np.int32(1), np.int32(1), np.int32(24)]",float32,6912,,
mobilenet_v3_large-mobilenet-v3-large-float,121,arith.constant120,"[np.int32(24), np.int32(1), np.int32(1), np.int32(64)]",float32,6144,,
mobilenet_v3_large-mobilenet-v3-large-float,122,arith.constant121,"[np.int32(1), np.int32(3), np.int32(3), np.int32(64)]",float32,2304,,
mobilenet_v3_large-mobilenet-v3-large-float,123,arith.constant122,"[np.int32(64), np.int32(1), np.int32(1), np.int32(16)]",float32,4096,,
mobilenet_v3_large-mobilenet-v3-large-float,124,arith.constant123,"[np.int32(16), np.int32(1), np.int32(1), np.int32(16)]",float32,1024,,
mobilenet_v3_large-mobilenet-v3-large-float,125,arith.constant124,"[np.int32(1), np.int32(3), np.int32(3), np.int32(16)]",float32,576,,
mobilenet_v3_large-mobilenet-v3-large-float,126,arith.constant125,"[np.int32(16), np.int32(3), np.int32(3), np.int32(3)]",float32,1728,,
mobilenet_v3_large-mobilenet-v3-large-float,127,arith.constant126,"[np.int32(1280), np.int32(960)]",float32,4915200,,
mobilenet_v3_large-mobilenet-v3-large-float,128,arith.constant127,[np.int32(3)],float32,12,,
mobilenet_v3_large-mobilenet-v3-large-float,129,arith.constant128,[np.int32(3)],float32,12,,
mobilenet_v3_large-mobilenet-v3-large-float,130,arith.constant129,[np.int32(2)],int32,8,,
mobilenet_v3_large-mobilenet-v3-large-float,131,arith.constant130,[np.int32(1000)],float32,4000,,
mobilenet_v3_large-mobilenet-v3-large-float,132,arith.constant131,[np.int32(1280)],float32,5120,,
mobilenet_v3_large-mobilenet-v3-large-float,133,arith.constant132,"[np.int32(4), np.int32(2)]",int32,32,,
mobilenet_v3_large-mobilenet-v3-large-float,134,arith.constant133,"[np.int32(4), np.int32(2)]",int32,32,,
mobilenet_v3_large-mobilenet-v3-large-float,135,arith.constant134,[],float32,4,,
mobilenet_v3_large-mobilenet-v3-large-float,136,model/tf.math.subtract/Sub,"[np.int32(1), np.int32(224), np.int32(224), np.int32(3)]",float32,602112,,
mobilenet_v3_large-mobilenet-v3-large-float,137,model/tf.math.divide/truediv,"[np.int32(1), np.int32(224), np.int32(224), np.int32(3)]",float32,602112,,
mobilenet_v3_large-mobilenet-v3-large-float,138,model/tf.compat.v1.pad/Pad,"[np.int32(1), np.int32(225), np.int32(225), np.int32(3)]",float32,607500,,
mobilenet_v3_large-mobilenet-v3-large-float,139,model/tf.math.add/Add;model/dynamic_conv2d/DynamicConv2D,"[np.int32(1), np.int32(112), np.int32(112), np.int32(16)]",float32,802816,,
mobilenet_v3_large-mobilenet-v3-large-float,140,model/tf.math.multiply_1/Mul;model/tf.nn.relu6/Relu6;model/tf.__operators__.add/AddV2;model/tf.math.multiply/Mul,"[np.int32(1), np.int32(112), np.int32(112), np.int32(16)]",float32,802816,,
mobilenet_v3_large-mobilenet-v3-large-float,141,model/tf.nn.relu/Relu;model/tf.math.add_1/Add;model/.net/features/1/block/0/0/Conv/depthwise,"[np.int32(1), np.int32(112), np.int32(112), np.int32(16)]",float32,802816,,
mobilenet_v3_large-mobilenet-v3-large-float,142,model/tf.math.add_2/Add;model/dynamic_conv2d_1/DynamicConv2D,"[np.int32(1), np.int32(112), np.int32(112), np.int32(16)]",float32,802816,,
mobilenet_v3_large-mobilenet-v3-large-float,143,model/tf.math.add_3/Add,"[np.int32(1), np.int32(112), np.int32(112), np.int32(16)]",float32,802816,,
mobilenet_v3_large-mobilenet-v3-large-float,144,model/tf.nn.relu_1/Relu;model/tf.math.add_4/Add;model/dynamic_conv2d_2/DynamicConv2D,"[np.int32(1), np.int32(112), np.int32(112), np.int32(64)]",float32,3211264,,
mobilenet_v3_large-mobilenet-v3-large-float,145,model/tf.compat.v1.pad_1/Pad,"[np.int32(1), np.int32(113), np.int32(113), np.int32(64)]",float32,3268864,,
mobilenet_v3_large-mobilenet-v3-large-float,146,model/tf.nn.relu_2/Relu;model/tf.math.add_5/Add;model/.net/features/2/block/1/0/Conv/depthwise,"[np.int32(1), np.int32(56), np.int32(56), np.int32(64)]",float32,802816,,
mobilenet_v3_large-mobilenet-v3-large-float,147,model/tf.math.add_6/Add;model/dynamic_conv2d_3/DynamicConv2D,"[np.int32(1), np.int32(56), np.int32(56), np.int32(24)]",float32,301056,,
mobilenet_v3_large-mobilenet-v3-large-float,148,model/tf.nn.relu_3/Relu;model/tf.math.add_7/Add;model/dynamic_conv2d_4/DynamicConv2D,"[np.int32(1), np.int32(56), np.int32(56), np.int32(72)]",float32,903168,,
mobilenet_v3_large-mobilenet-v3-large-float,149,model/tf.nn.relu_4/Relu;model/tf.math.add_8/Add;model/.net/features/3/block/1/0/Conv/depthwise,"[np.int32(1), np.int32(56), np.int32(56), np.int32(72)]",float32,903168,,
mobilenet_v3_large-mobilenet-v3-large-float,150,model/tf.math.add_9/Add;model/dynamic_conv2d_5/DynamicConv2D,"[np.int32(1), np.int32(56), np.int32(56), np.int32(24)]",float32,301056,,
mobilenet_v3_large-mobilenet-v3-large-float,151,model/tf.math.add_10/Add,"[np.int32(1), np.int32(56), np.int32(56), np.int32(24)]",float32,301056,,
mobilenet_v3_large-mobilenet-v3-large-float,152,model/tf.nn.relu_5/Relu;model/tf.math.add_11/Add;model/dynamic_conv2d_6/DynamicConv2D,"[np.int32(1), np.int32(56), np.int32(56), np.int32(72)]",float32,903168,,
mobilenet_v3_large-mobilenet-v3-large-float,153,model/tf.compat.v1.pad_2/Pad,"[np.int32(1), np.int32(59), np.int32(59), np.int32(72)]",float32,1002528,,
mobilenet_v3_large-mobilenet-v3-large-float,154,model/tf.nn.relu_6/Relu;model/tf.math.add_12/Add;model/.net/features/4/block/1/0/Conv/depthwise,"[np.int32(1), np.int32(28), np.int32(28), np.int32(72)]",float32,225792,,
mobilenet_v3_large-mobilenet-v3-large-float,155,model/tf.math.reduce_mean/Mean,"[np.int32(1), np.int32(1), np.int32(1), np.int32(72)]",float32,288,,
mobilenet_v3_large-mobilenet-v3-large-float,156,model/tf.nn.relu_7/Relu;model/tf.math.add_13/Add;model/dynamic_conv2d_7/DynamicConv2D,"[np.int32(1), np.int32(1), np.int32(1), np.int32(24)]",float32,96,,
mobilenet_v3_large-mobilenet-v3-large-float,157,model/tf.nn.relu_8/Relu;model/tf.__operators__.add_1/AddV2;model/tf.math.multiply_2/Mul;model/tf.math.add_14/Add;model/dynamic_conv2d_8/DynamicConv2D,"[np.int32(1), np.int32(1), np.int32(1), np.int32(72)]",float32,288,,
mobilenet_v3_large-mobilenet-v3-large-float,158,model/tf.math.minimum/Minimum,"[np.int32(1), np.int32(1), np.int32(1), np.int32(72)]",float32,288,,
mobilenet_v3_large-mobilenet-v3-large-float,159,model/tf.math.multiply_3/Mul,"[np.int32(1), np.int32(28), np.int32(28), np.int32(72)]",float32,225792,,
mobilenet_v3_large-mobilenet-v3-large-float,160,model/tf.math.add_15/Add;model/dynamic_conv2d_9/DynamicConv2D,"[np.int32(1), np.int32(28), np.int32(28), np.int32(40)]",float32,125440,,
mobilenet_v3_large-mobilenet-v3-large-float,161,model/tf.nn.relu_9/Relu;model/tf.math.add_16/Add;model/dynamic_conv2d_10/DynamicConv2D,"[np.int32(1), np.int32(28), np.int32(28), np.int32(120)]",float32,376320,,
mobilenet_v3_large-mobilenet-v3-large-float,162,model/tf.nn.relu_10/Relu;model/tf.math.add_17/Add;model/.net/features/5/block/1/0/Conv/depthwise,"[np.int32(1), np.int32(28), np.int32(28), np.int32(120)]",float32,376320,,
mobilenet_v3_large-mobilenet-v3-large-float,163,model/tf.math.reduce_mean_1/Mean,"[np.int32(1), np.int32(1), np.int32(1), np.int32(120)]",float32,480,,
mobilenet_v3_large-mobilenet-v3-large-float,164,model/tf.nn.relu_11/Relu;model/tf.math.add_18/Add;model/dynamic_conv2d_11/DynamicConv2D,"[np.int32(1), np.int32(1), np.int32(1), np.int32(32)]",float32,128,,
mobilenet_v3_large-mobilenet-v3-large-float,165,model/tf.nn.relu_12/Relu;model/tf.__operators__.add_2/AddV2;model/tf.math.multiply_4/Mul;model/tf.math.add_19/Add;model/dynamic_conv2d_12/DynamicConv2D,"[np.int32(1), np.int32(1), np.int32(1), np.int32(120)]",float32,480,,
mobilenet_v3_large-mobilenet-v3-large-float,166,model/tf.math.minimum_1/Minimum,"[np.int32(1), np.int32(1), np.int32(1), np.int32(120)]",float32,480,,
mobilenet_v3_large-mobilenet-v3-large-float,167,model/tf.math.multiply_5/Mul,"[np.int32(1), np.int32(28), np.int32(28), np.int32(120)]",float32,376320,,
mobilenet_v3_large-mobilenet-v3-large-float,168,model/tf.math.add_20/Add;model/dynamic_conv2d_13/DynamicConv2D,"[np.int32(1), np.int32(28), np.int32(28), np.int32(40)]",float32,125440,,
mobilenet_v3_large-mobilenet-v3-large-float,169,model/tf.math.add_21/Add,"[np.int32(1), np.int32(28), np.int32(28), np.int32(40)]",float32,125440,,
mobilenet_v3_large-mobilenet-v3-large-float,170,model/tf.nn.relu_13/Relu;model/tf.math.add_22/Add;model/dynamic_conv2d_14/DynamicConv2D,"[np.int32(1), np.int32(28), np.int32(28), np.int32(120)]",float32,376320,,
mobilenet_v3_large-mobilenet-v3-large-float,171,model/tf.nn.relu_14/Relu;model/tf.math.add_23/Add;model/.net/features/6/block/1/0/Conv/depthwise,"[np.int32(1), np.int32(28), np.int32(28), np.int32(120)]",float32,376320,,
mobilenet_v3_large-mobilenet-v3-large-float,172,model/tf.math.reduce_mean_2/Mean,"[np.int32(1), np.int32(1), np.int32(1), np.int32(120)]",float32,480,,
mobilenet_v3_large-mobilenet-v3-large-float,173,model/tf.nn.relu_15/Relu;model/tf.math.add_24/Add;model/dynamic_conv2d_15/DynamicConv2D,"[np.int32(1), np.int32(1), np.int32(1), np.int32(32)]",float32,128,,
mobilenet_v3_large-mobilenet-v3-large-float,174,model/tf.nn.relu_16/Relu;model/tf.__operators__.add_3/AddV2;model/tf.math.multiply_6/Mul;model/tf.math.add_25/Add;model/dynamic_conv2d_16/DynamicConv2D,"[np.int32(1), np.int32(1), np.int32(1), np.int32(120)]",float32,480,,
mobilenet_v3_large-mobilenet-v3-large-float,175,model/tf.math.minimum_2/Minimum,"[np.int32(1), np.int32(1), np.int32(1), np.int32(120)]",float32,480,,
mobilenet_v3_large-mobilenet-v3-large-float,176,model/tf.math.multiply_7/Mul,"[np.int32(1), np.int32(28), np.int32(28), np.int32(120)]",float32,376320,,
mobilenet_v3_large-mobilenet-v3-large-float,177,model/tf.math.add_26/Add;model/dynamic_conv2d_17/DynamicConv2D,"[np.int32(1), np.int32(28), np.int32(28), np.int32(40)]",float32,125440,,
mobilenet_v3_large-mobilenet-v3-large-float,178,model/tf.math.add_27/Add,"[np.int32(1), np.int32(28), np.int32(28), np.int32(40)]",float32,125440,,
mobilenet_v3_large-mobilenet-v3-large-float,179,model/tf.math.add_28/Add;model/dynamic_conv2d_18/DynamicConv2D,"[np.int32(1), np.int32(28), np.int32(28), np.int32(240)]",float32,752640,,
mobilenet_v3_large-mobilenet-v3-large-float,180,model/tf.math.multiply_9/Mul;model/tf.nn.relu6_1/Relu6;model/tf.__operators__.add_4/AddV2;model/tf.math.multiply_8/Mul,"[np.int32(1), np.int32(28), np.int32(28), np.int32(240)]",float32,752640,,
mobilenet_v3_large-mobilenet-v3-large-float,181,model/tf.compat.v1.pad_3/Pad,"[np.int32(1), np.int32(29), np.int32(29), np.int32(240)]",float32,807360,,
mobilenet_v3_large-mobilenet-v3-large-float,182,model/tf.math.add_29/Add;model/.net/features/7/block/1/0/Conv/depthwise,"[np.int32(1), np.int32(14), np.int32(14), np.int32(240)]",float32,188160,,
mobilenet_v3_large-mobilenet-v3-large-float,183,model/tf.math.multiply_11/Mul;model/tf.nn.relu6_2/Relu6;model/tf.__operators__.add_5/AddV2;model/tf.math.multiply_10/Mul,"[np.int32(1), np.int32(14), np.int32(14), np.int32(240)]",float32,188160,,
mobilenet_v3_large-mobilenet-v3-large-float,184,model/tf.math.add_30/Add;model/dynamic_conv2d_19/DynamicConv2D,"[np.int32(1), np.int32(14), np.int32(14), np.int32(80)]",float32,62720,,
mobilenet_v3_large-mobilenet-v3-large-float,185,model/tf.math.add_31/Add;model/dynamic_conv2d_20/DynamicConv2D,"[np.int32(1), np.int32(14), np.int32(14), np.int32(200)]",float32,156800,,
mobilenet_v3_large-mobilenet-v3-large-float,186,model/tf.math.multiply_13/Mul;model/tf.nn.relu6_3/Relu6;model/tf.__operators__.add_6/AddV2;model/tf.math.multiply_12/Mul,"[np.int32(1), np.int32(14), np.int32(14), np.int32(200)]",float32,156800,,
mobilenet_v3_large-mobilenet-v3-large-float,187,model/tf.math.add_32/Add;model/.net/features/8/block/1/0/Conv/depthwise,"[np.int32(1), np.int32(14), np.int32(14), np.int32(200)]",float32,156800,,
mobilenet_v3_large-mobilenet-v3-large-float,188,model/tf.math.multiply_15/Mul;model/tf.nn.relu6_4/Relu6;model/tf.__operators__.add_7/AddV2;model/tf.math.multiply_14/Mul,"[np.int32(1), np.int32(14), np.int32(14), np.int32(200)]",float32,156800,,
mobilenet_v3_large-mobilenet-v3-large-float,189,model/tf.math.add_33/Add;model/dynamic_conv2d_21/DynamicConv2D,"[np.int32(1), np.int32(14), np.int32(14), np.int32(80)]",float32,62720,,
mobilenet_v3_large-mobilenet-v3-large-float,190,model/tf.math.add_34/Add,"[np.int32(1), np.int32(14), np.int32(14), np.int32(80)]",float32,62720,,
mobilenet_v3_large-mobilenet-v3-large-float,191,model/tf.math.add_35/Add;model/dynamic_conv2d_22/DynamicConv2D,"[np.int32(1), np.int32(14), np.int32(14), np.int32(184)]",float32,144256,,
mobilenet_v3_large-mobilenet-v3-large-float,192,model/tf.math.multiply_17/Mul;model/tf.nn.relu6_5/Relu6;model/tf.__operators__.add_8/AddV2;model/tf.math.multiply_16/Mul,"[np.int32(1), np.int32(14), np.int32(14), np.int32(184)]",float32,144256,,
mobilenet_v3_large-mobilenet-v3-large-float,193,model/tf.math.add_36/Add;model/.net/features/9/block/1/0/Conv/depthwise,"[np.int32(1), np.int32(14), np.int32(14), np.int32(184)]",float32,144256,,
mobilenet_v3_large-mobilenet-v3-large-float,194,model/tf.math.multiply_19/Mul;model/tf.nn.relu6_6/Relu6;model/tf.__operators__.add_9/AddV2;model/tf.math.multiply_18/Mul,"[np.int32(1), np.int32(14), np.int32(14), np.int32(184)]",float32,144256,,
mobilenet_v3_large-mobilenet-v3-large-float,195,model/tf.math.add_37/Add;model/dynamic_conv2d_23/DynamicConv2D,"[np.int32(1), np.int32(14), np.int32(14), np.int32(80)]",float32,62720,,
mobilenet_v3_large-mobilenet-v3-large-float,196,model/tf.math.add_38/Add,"[np.int32(1), np.int32(14), np.int32(14), np.int32(80)]",float32,62720,,
mobilenet_v3_large-mobilenet-v3-large-float,197,model/tf.math.add_39/Add;model/dynamic_conv2d_24/DynamicConv2D,"[np.int32(1), np.int32(14), np.int32(14), np.int32(184)]",float32,144256,,
mobilenet_v3_large-mobilenet-v3-large-float,198,model/tf.math.multiply_21/Mul;model/tf.nn.relu6_7/Relu6;model/tf.__operators__.add_10/AddV2;model/tf.math.multiply_20/Mul,"[np.int32(1), np.int32(14), np.int32(14), np.int32(184)]",float32,144256,,
mobilenet_v3_large-mobilenet-v3-large-float,199,model/tf.math.add_40/Add;model/.net/features/10/block/1/0/Conv/depthwise,"[np.int32(1), np.int32(14), np.int32(14), np.int32(184)]",float32,144256,,
mobilenet_v3_large-mobilenet-v3-large-float,200,model/tf.math.multiply_23/Mul;model/tf.nn.relu6_8/Relu6;model/tf.__operators__.add_11/AddV2;model/tf.math.multiply_22/Mul,"[np.int32(1), np.int32(14), np.int32(14), np.int32(184)]",float32,144256,,
mobilenet_v3_large-mobilenet-v3-large-float,201,model/tf.math.add_41/Add;model/dynamic_conv2d_25/DynamicConv2D,"[np.int32(1), np.int32(14), np.int32(14), np.int32(80)]",float32,62720,,
mobilenet_v3_large-mobilenet-v3-large-float,202,model/tf.math.add_42/Add,"[np.int32(1), np.int32(14), np.int32(14), np.int32(80)]",float32,62720,,
mobilenet_v3_large-mobilenet-v3-large-float,203,model/tf.math.add_43/Add;model/dynamic_conv2d_26/DynamicConv2D,"[np.int32(1), np.int32(14), np.int32(14), np.int32(480)]",float32,376320,,
mobilenet_v3_large-mobilenet-v3-large-float,204,model/tf.math.multiply_25/Mul;model/tf.nn.relu6_9/Relu6;model/tf.__operators__.add_12/AddV2;model/tf.math.multiply_24/Mul,"[np.int32(1), np.int32(14), np.int32(14), np.int32(480)]",float32,376320,,
mobilenet_v3_large-mobilenet-v3-large-float,205,model/tf.math.add_44/Add;model/.net/features/11/block/1/0/Conv/depthwise,"[np.int32(1), np.int32(14), np.int32(14), np.int32(480)]",float32,376320,,
mobilenet_v3_large-mobilenet-v3-large-float,206,model/tf.math.multiply_27/Mul;model/tf.nn.relu6_10/Relu6;model/tf.__operators__.add_13/AddV2;model/tf.math.multiply_26/Mul,"[np.int32(1), np.int32(14), np.int32(14), np.int32(480)]",float32,376320,,
mobilenet_v3_large-mobilenet-v3-large-float,207,model/tf.math.reduce_mean_3/Mean,"[np.int32(1), np.int32(1), np.int32(1), np.int32(480)]",float32,1920,,
mobilenet_v3_large-mobilenet-v3-large-float,208,model/tf.nn.relu_17/Relu;model/tf.math.add_45/Add;model/dynamic_conv2d_27/DynamicConv2D,"[np.int32(1), np.int32(1), np.int32(1), np.int32(120)]",float32,480,,
mobilenet_v3_large-mobilenet-v3-large-float,209,model/tf.nn.relu_18/Relu;model/tf.__operators__.add_14/AddV2;model/tf.math.multiply_28/Mul;model/tf.math.add_46/Add;model/dynamic_conv2d_28/DynamicConv2D,"[np.int32(1), np.int32(1), np.int32(1), np.int32(480)]",float32,1920,,
mobilenet_v3_large-mobilenet-v3-large-float,210,model/tf.math.minimum_3/Minimum,"[np.int32(1), np.int32(1), np.int32(1), np.int32(480)]",float32,1920,,
mobilenet_v3_large-mobilenet-v3-large-float,211,model/tf.math.multiply_29/Mul,"[np.int32(1), np.int32(14), np.int32(14), np.int32(480)]",float32,376320,,
mobilenet_v3_large-mobilenet-v3-large-float,212,model/tf.math.add_47/Add;model/dynamic_conv2d_29/DynamicConv2D,"[np.int32(1), np.int32(14), np.int32(14), np.int32(112)]",float32,87808,,
mobilenet_v3_large-mobilenet-v3-large-float,213,model/tf.math.add_48/Add;model/dynamic_conv2d_30/DynamicConv2D,"[np.int32(1), np.int32(14), np.int32(14), np.int32(672)]",float32,526848,,
mobilenet_v3_large-mobilenet-v3-large-float,214,model/tf.math.multiply_31/Mul;model/tf.nn.relu6_11/Relu6;model/tf.__operators__.add_15/AddV2;model/tf.math.multiply_30/Mul,"[np.int32(1), np.int32(14), np.int32(14), np.int32(672)]",float32,526848,,
mobilenet_v3_large-mobilenet-v3-large-float,215,model/tf.math.add_49/Add;model/.net/features/12/block/1/0/Conv/depthwise,"[np.int32(1), np.int32(14), np.int32(14), np.int32(672)]",float32,526848,,
mobilenet_v3_large-mobilenet-v3-large-float,216,model/tf.math.multiply_33/Mul;model/tf.nn.relu6_12/Relu6;model/tf.__operators__.add_16/AddV2;model/tf.math.multiply_32/Mul,"[np.int32(1), np.int32(14), np.int32(14), np.int32(672)]",float32,526848,,
mobilenet_v3_large-mobilenet-v3-large-float,217,model/tf.math.reduce_mean_4/Mean,"[np.int32(1), np.int32(1), np.int32(1), np.int32(672)]",float32,2688,,
mobilenet_v3_large-mobilenet-v3-large-float,218,model/tf.nn.relu_19/Relu;model/tf.math.add_50/Add;model/dynamic_conv2d_31/DynamicConv2D,"[np.int32(1), np.int32(1), np.int32(1), np.int32(168)]",float32,672,,
mobilenet_v3_large-mobilenet-v3-large-float,219,model/tf.nn.relu_20/Relu;model/tf.__operators__.add_17/AddV2;model/tf.math.multiply_34/Mul;model/tf.math.add_51/Add;model/dynamic_conv2d_32/DynamicConv2D,"[np.int32(1), np.int32(1), np.int32(1), np.int32(672)]",float32,2688,,
mobilenet_v3_large-mobilenet-v3-large-float,220,model/tf.math.minimum_4/Minimum,"[np.int32(1), np.int32(1), np.int32(1), np.int32(672)]",float32,2688,,
mobilenet_v3_large-mobilenet-v3-large-float,221,model/tf.math.multiply_35/Mul,"[np.int32(1), np.int32(14), np.int32(14), np.int32(672)]",float32,526848,,
mobilenet_v3_large-mobilenet-v3-large-float,222,model/tf.math.add_52/Add;model/dynamic_conv2d_33/DynamicConv2D,"[np.int32(1), np.int32(14), np.int32(14), np.int32(112)]",float32,87808,,
mobilenet_v3_large-mobilenet-v3-large-float,223,model/tf.math.add_53/Add,"[np.int32(1), np.int32(14), np.int32(14), np.int32(112)]",float32,87808,,
mobilenet_v3_large-mobilenet-v3-large-float,224,model/tf.math.add_54/Add;model/dynamic_conv2d_34/DynamicConv2D,"[np.int32(1), np.int32(14), np.int32(14), np.int32(672)]",float32,526848,,
mobilenet_v3_large-mobilenet-v3-large-float,225,model/tf.math.multiply_37/Mul;model/tf.nn.relu6_13/Relu6;model/tf.__operators__.add_18/AddV2;model/tf.math.multiply_36/Mul,"[np.int32(1), np.int32(14), np.int32(14), np.int32(672)]",float32,526848,,
mobilenet_v3_large-mobilenet-v3-large-float,226,model/tf.compat.v1.pad_4/Pad,"[np.int32(1), np.int32(17), np.int32(17), np.int32(672)]",float32,776832,,
mobilenet_v3_large-mobilenet-v3-large-float,227,model/tf.math.add_55/Add;model/.net/features/13/block/1/0/Conv/depthwise,"[np.int32(1), np.int32(7), np.int32(7), np.int32(672)]",float32,131712,,
mobilenet_v3_large-mobilenet-v3-large-float,228,model/tf.math.multiply_39/Mul;model/tf.nn.relu6_14/Relu6;model/tf.__operators__.add_19/AddV2;model/tf.math.multiply_38/Mul,"[np.int32(1), np.int32(7), np.int32(7), np.int32(672)]",float32,131712,,
mobilenet_v3_large-mobilenet-v3-large-float,229,model/tf.math.reduce_mean_5/Mean,"[np.int32(1), np.int32(1), np.int32(1), np.int32(672)]",float32,2688,,
mobilenet_v3_large-mobilenet-v3-large-float,230,model/tf.nn.relu_21/Relu;model/tf.math.add_56/Add;model/dynamic_conv2d_35/DynamicConv2D,"[np.int32(1), np.int32(1), np.int32(1), np.int32(168)]",float32,672,,
mobilenet_v3_large-mobilenet-v3-large-float,231,model/tf.nn.relu_22/Relu;model/tf.__operators__.add_20/AddV2;model/tf.math.multiply_40/Mul;model/tf.math.add_57/Add;model/dynamic_conv2d_36/DynamicConv2D,"[np.int32(1), np.int32(1), np.int32(1), np.int32(672)]",float32,2688,,
mobilenet_v3_large-mobilenet-v3-large-float,232,model/tf.math.minimum_5/Minimum,"[np.int32(1), np.int32(1), np.int32(1), np.int32(672)]",float32,2688,,
mobilenet_v3_large-mobilenet-v3-large-float,233,model/tf.math.multiply_41/Mul,"[np.int32(1), np.int32(7), np.int32(7), np.int32(672)]",float32,131712,,
mobilenet_v3_large-mobilenet-v3-large-float,234,model/tf.math.add_58/Add;model/dynamic_conv2d_37/DynamicConv2D,"[np.int32(1), np.int32(7), np.int32(7), np.int32(160)]",float32,31360,,
mobilenet_v3_large-mobilenet-v3-large-float,235,model/tf.math.add_59/Add;model/dynamic_conv2d_38/DynamicConv2D,"[np.int32(1), np.int32(7), np.int32(7), np.int32(960)]",float32,188160,,
mobilenet_v3_large-mobilenet-v3-large-float,236,model/tf.math.multiply_43/Mul;model/tf.nn.relu6_15/Relu6;model/tf.__operators__.add_21/AddV2;model/tf.math.multiply_42/Mul,"[np.int32(1), np.int32(7), np.int32(7), np.int32(960)]",float32,188160,,
mobilenet_v3_large-mobilenet-v3-large-float,237,model/tf.math.add_60/Add;model/.net/features/14/block/1/0/Conv/depthwise,"[np.int32(1), np.int32(7), np.int32(7), np.int32(960)]",float32,188160,,
mobilenet_v3_large-mobilenet-v3-large-float,238,model/tf.math.multiply_45/Mul;model/tf.nn.relu6_16/Relu6;model/tf.__operators__.add_22/AddV2;model/tf.math.multiply_44/Mul,"[np.int32(1), np.int32(7), np.int32(7), np.int32(960)]",float32,188160,,
mobilenet_v3_large-mobilenet-v3-large-float,239,model/tf.math.reduce_mean_6/Mean,"[np.int32(1), np.int32(1), np.int32(1), np.int32(960)]",float32,3840,,
mobilenet_v3_large-mobilenet-v3-large-float,240,model/tf.nn.relu_23/Relu;model/tf.math.add_61/Add;model/dynamic_conv2d_39/DynamicConv2D,"[np.int32(1), np.int32(1), np.int32(1), np.int32(240)]",float32,960,,
mobilenet_v3_large-mobilenet-v3-large-float,241,model/tf.nn.relu_24/Relu;model/tf.__operators__.add_23/AddV2;model/tf.math.multiply_46/Mul;model/tf.math.add_62/Add;model/dynamic_conv2d_40/DynamicConv2D,"[np.int32(1), np.int32(1), np.int32(1), np.int32(960)]",float32,3840,,
mobilenet_v3_large-mobilenet-v3-large-float,242,model/tf.math.minimum_6/Minimum,"[np.int32(1), np.int32(1), np.int32(1), np.int32(960)]",float32,3840,,
mobilenet_v3_large-mobilenet-v3-large-float,243,model/tf.math.multiply_47/Mul,"[np.int32(1), np.int32(7), np.int32(7), np.int32(960)]",float32,188160,,
mobilenet_v3_large-mobilenet-v3-large-float,244,model/tf.math.add_63/Add;model/dynamic_conv2d_41/DynamicConv2D,"[np.int32(1), np.int32(7), np.int32(7), np.int32(160)]",float32,31360,,
mobilenet_v3_large-mobilenet-v3-large-float,245,model/tf.math.add_64/Add,"[np.int32(1), np.int32(7), np.int32(7), np.int32(160)]",float32,31360,,
mobilenet_v3_large-mobilenet-v3-large-float,246,model/tf.math.add_65/Add;model/dynamic_conv2d_42/DynamicConv2D,"[np.int32(1), np.int32(7), np.int32(7), np.int32(960)]",float32,188160,,
mobilenet_v3_large-mobilenet-v3-large-float,247,model/tf.math.multiply_49/Mul;model/tf.nn.relu6_17/Relu6;model/tf.__operators__.add_24/AddV2;model/tf.math.multiply_48/Mul,"[np.int32(1), np.int32(7), np.int32(7), np.int32(960)]",float32,188160,,
mobilenet_v3_large-mobilenet-v3-large-float,248,model/tf.math.add_66/Add;model/.net/features/15/block/1/0/Conv/depthwise,"[np.int32(1), np.int32(7), np.int32(7), np.int32(960)]",float32,188160,,
mobilenet_v3_large-mobilenet-v3-large-float,249,model/tf.math.multiply_51/Mul;model/tf.nn.relu6_18/Relu6;model/tf.__operators__.add_25/AddV2;model/tf.math.multiply_50/Mul,"[np.int32(1), np.int32(7), np.int32(7), np.int32(960)]",float32,188160,,
mobilenet_v3_large-mobilenet-v3-large-float,250,model/tf.math.reduce_mean_7/Mean,"[np.int32(1), np.int32(1), np.int32(1), np.int32(960)]",float32,3840,,
mobilenet_v3_large-mobilenet-v3-large-float,251,model/tf.nn.relu_25/Relu;model/tf.math.add_67/Add;model/dynamic_conv2d_43/DynamicConv2D,"[np.int32(1), np.int32(1), np.int32(1), np.int32(240)]",float32,960,,
mobilenet_v3_large-mobilenet-v3-large-float,252,model/tf.nn.relu_26/Relu;model/tf.__operators__.add_26/AddV2;model/tf.math.multiply_52/Mul;model/tf.math.add_68/Add;model/dynamic_conv2d_44/DynamicConv2D,"[np.int32(1), np.int32(1), np.int32(1), np.int32(960)]",float32,3840,,
mobilenet_v3_large-mobilenet-v3-large-float,253,model/tf.math.minimum_7/Minimum,"[np.int32(1), np.int32(1), np.int32(1), np.int32(960)]",float32,3840,,
mobilenet_v3_large-mobilenet-v3-large-float,254,model/tf.math.multiply_53/Mul,"[np.int32(1), np.int32(7), np.int32(7), np.int32(960)]",float32,188160,,
mobilenet_v3_large-mobilenet-v3-large-float,255,model/tf.math.add_69/Add;model/dynamic_conv2d_45/DynamicConv2D,"[np.int32(1), np.int32(7), np.int32(7), np.int32(160)]",float32,31360,,
mobilenet_v3_large-mobilenet-v3-large-float,256,model/tf.math.add_70/Add,"[np.int32(1), np.int32(7), np.int32(7), np.int32(160)]",float32,31360,,
mobilenet_v3_large-mobilenet-v3-large-float,257,model/tf.math.add_71/Add;model/dynamic_conv2d_46/DynamicConv2D,"[np.int32(1), np.int32(7), np.int32(7), np.int32(960)]",float32,188160,,
mobilenet_v3_large-mobilenet-v3-large-float,258,model/tf.math.multiply_55/Mul;model/tf.nn.relu6_19/Relu6;model/tf.__operators__.add_27/AddV2;model/tf.math.multiply_54/Mul,"[np.int32(1), np.int32(7), np.int32(7), np.int32(960)]",float32,188160,,
mobilenet_v3_large-mobilenet-v3-large-float,259,model/tf.math.reduce_mean_8/Mean,"[np.int32(1), np.int32(1), np.int32(1), np.int32(960)]",float32,3840,,
mobilenet_v3_large-mobilenet-v3-large-float,260,model/.net/classifier/0/Gemm/MatMul;model/tf.math.add_72/Add,"[np.int32(1), np.int32(1280)]",float32,5120,,
mobilenet_v3_large-mobilenet-v3-large-float,261,model/.net/classifier/0/Gemm/MatMul;model/tf.math.add_72/Add;model/tf.nn.relu6_20/Relu6;model/tf.__operators__.add_28/AddV2,"[np.int32(1), np.int32(1280)]",float32,5120,,
mobilenet_v3_large-mobilenet-v3-large-float,262,model/tf.math.multiply_56/Mul,"[np.int32(1), np.int32(1280)]",float32,5120,,
mobilenet_v3_large-mobilenet-v3-large-float,263,class_logits,"[np.int32(1), np.int32(1000)]",float32,4000,,
