Model Name,Layer Index,Layer Name,Shape,Data Type,Parameters,Bytes,MB,grain128 Cycles,chacha20_poly1305 Cycles,ascon Cycles,grain128 Energy (pJ),chacha20_poly1305 Energy (pJ),ascon Energy (pJ)
mobile_netv3,0,/Constant_1_output_0,"[1, 3, 1, 1]",float32,3,12,1.1e-05,195000,2040,1008,906750.0,1530.0,1310.3999999999999
mobile_netv3,1,/Constant_1_output_0_scale,[],float32,0,4,4e-06,65000,680,336,302250.0,510.0,436.79999999999995
mobile_netv3,2,image_tensor_zero_point,[],uint16,0,2,2e-06,32500,340,168,151125.0,255.0,218.39999999999998
mobile_netv3,3,/Constant_output_0,"[1, 3, 1, 1]",float32,3,12,1.1e-05,195000,2040,1008,906750.0,1530.0,1310.3999999999999
mobile_netv3,4,/Constant_output_0_scale,[],float32,0,4,4e-06,65000,680,336,302250.0,510.0,436.79999999999995
mobile_netv3,5,net.classifier.0.weight,"[1280, 960]",float32,1228800,4915200,4.6875,79872000000,835584000,412876800,371404800000.0,626688000.0,536739839.99999994
mobile_netv3,6,net.classifier.0.weight_scale,[],float32,0,4,4e-06,65000,680,336,302250.0,510.0,436.79999999999995
mobile_netv3,7,net.classifier.0.weight_zero_point,[],int8,0,1,1e-06,16250,170,84,75562.5,127.5,109.19999999999999
mobile_netv3,8,net.classifier.3.weight,"[1000, 1280]",float32,1280000,5120000,4.882812,83200000000,870400000,430080000,386880000000.0,652800000.0,559104000.0
mobile_netv3,9,net.classifier.3.weight_scale,[],float32,0,4,4e-06,65000,680,336,302250.0,510.0,436.79999999999995
mobile_netv3,10,net.features.11.block.2.fc1.weight,"[120, 480, 1, 1]",float32,57600,230400,0.219727,3744000000,39168000,19353600,17409600000.0,29376000.0,25159679.999999996
mobile_netv3,11,net.features.11.block.2.fc1.weight_scale,[120],float32,120,480,0.000458,7800000,81600,40320,36270000.0,61200.0,52415.99999999999
mobile_netv3,12,onnx::Conv_494_zero_point,[120],int8,120,120,0.000114,1950000,20400,10080,9067500.0,15300.0,13103.999999999998
mobile_netv3,13,net.features.11.block.2.fc2.weight,"[480, 120, 1, 1]",float32,57600,230400,0.219727,3744000000,39168000,19353600,17409600000.0,29376000.0,25159679.999999996
mobile_netv3,14,net.features.11.block.2.fc2.weight_scale,[480],float32,480,1920,0.001831,31200000,326400,161280,145080000.0,244800.0,209663.99999999997
mobile_netv3,15,onnx::Conv_548_zero_point,[480],int8,480,480,0.000458,7800000,81600,40320,36270000.0,61200.0,52415.99999999999
mobile_netv3,16,net.features.12.block.2.fc1.weight,"[168, 672, 1, 1]",float32,112896,451584,0.430664,7338240000,76769280,37933056,34122816000.0,57576960.0,49312972.8
mobile_netv3,17,net.features.12.block.2.fc1.weight_scale,[168],float32,168,672,0.000641,10920000,114240,56448,50778000.0,85680.0,73382.4
mobile_netv3,18,net.features.12.block.2.fc1.weight_zero_point,[168],int8,168,168,0.00016,2730000,28560,14112,12694500.0,21420.0,18345.6
mobile_netv3,19,net.features.12.block.2.fc2.weight,"[672, 168, 1, 1]",float32,112896,451584,0.430664,7338240000,76769280,37933056,34122816000.0,57576960.0,49312972.8
mobile_netv3,20,net.features.12.block.2.fc2.weight_scale,[672],float32,672,2688,0.002563,43680000,456960,225792,203112000.0,342720.0,293529.6
mobile_netv3,21,onnx::Conv_557_zero_point,[672],int8,672,672,0.000641,10920000,114240,56448,50778000.0,85680.0,73382.4
mobile_netv3,22,net.features.13.block.2.fc1.weight,"[168, 672, 1, 1]",float32,112896,451584,0.430664,7338240000,76769280,37933056,34122816000.0,57576960.0,49312972.8
mobile_netv3,23,net.features.13.block.2.fc1.weight_scale,[168],float32,168,672,0.000641,10920000,114240,56448,50778000.0,85680.0,73382.4
mobile_netv3,24,net.features.13.block.2.fc2.weight,"[672, 168, 1, 1]",float32,112896,451584,0.430664,7338240000,76769280,37933056,34122816000.0,57576960.0,49312972.8
mobile_netv3,25,net.features.13.block.2.fc2.weight_scale,[672],float32,672,2688,0.002563,43680000,456960,225792,203112000.0,342720.0,293529.6
mobile_netv3,26,net.features.14.block.2.fc1.weight,"[240, 960, 1, 1]",float32,230400,921600,0.878906,14976000000,156672000,77414400,69638400000.0,117504000.0,100638719.99999999
mobile_netv3,27,net.features.14.block.2.fc1.weight_scale,[240],float32,240,960,0.000916,15600000,163200,80640,72540000.0,122400.0,104831.99999999999
mobile_netv3,28,onnx::Conv_512_zero_point,[240],int8,240,240,0.000229,3900000,40800,20160,18135000.0,30600.0,26207.999999999996
mobile_netv3,29,net.features.14.block.2.fc2.weight,"[960, 240, 1, 1]",float32,230400,921600,0.878906,14976000000,156672000,77414400,69638400000.0,117504000.0,100638719.99999999
mobile_netv3,30,net.features.14.block.2.fc2.weight_scale,[960],float32,960,3840,0.003662,62400000,652800,322560,290160000.0,489600.0,419327.99999999994
mobile_netv3,31,onnx::Conv_575_zero_point,[960],int8,960,960,0.000916,15600000,163200,80640,72540000.0,122400.0,104831.99999999999
mobile_netv3,32,net.features.15.block.2.fc1.weight,"[240, 960, 1, 1]",float32,230400,921600,0.878906,14976000000,156672000,77414400,69638400000.0,117504000.0,100638719.99999999
mobile_netv3,33,net.features.15.block.2.fc1.weight_scale,[240],float32,240,960,0.000916,15600000,163200,80640,72540000.0,122400.0,104831.99999999999
mobile_netv3,34,net.features.15.block.2.fc2.weight,"[960, 240, 1, 1]",float32,230400,921600,0.878906,14976000000,156672000,77414400,69638400000.0,117504000.0,100638719.99999999
mobile_netv3,35,net.features.15.block.2.fc2.weight_scale,[960],float32,960,3840,0.003662,62400000,652800,322560,290160000.0,489600.0,419327.99999999994
mobile_netv3,36,net.features.4.block.2.fc1.weight,"[24, 72, 1, 1]",float32,1728,6912,0.006592,112320000,1175040,580608,522288000.0,881280.0,754790.3999999999
mobile_netv3,37,net.features.4.block.2.fc1.weight_scale,[24],float32,24,96,9.2e-05,1560000,16320,8064,7254000.0,12240.0,10483.199999999999
mobile_netv3,38,onnx::Conv_473_zero_point,[24],int8,24,24,2.3e-05,390000,4080,2016,1813500.0,3060.0,2620.7999999999997
mobile_netv3,39,net.features.4.block.2.fc2.weight,"[72, 24, 1, 1]",float32,1728,6912,0.006592,112320000,1175040,580608,522288000.0,881280.0,754790.3999999999
mobile_netv3,40,net.features.4.block.2.fc2.weight_scale,[72],float32,72,288,0.000275,4680000,48960,24192,21762000.0,36720.0,31449.6
mobile_netv3,41,onnx::Conv_476_zero_point,[72],int8,72,72,6.9e-05,1170000,12240,6048,5440500.0,9180.0,7862.4
mobile_netv3,42,net.features.5.block.2.fc1.weight,"[32, 120, 1, 1]",float32,3840,15360,0.014648,249600000,2611200,1290240,1160640000.0,1958400.0,1677311.9999999998
mobile_netv3,43,net.features.5.block.2.fc1.weight_scale,[32],float32,32,128,0.000122,2080000,21760,10752,9672000.0,16320.0,13977.599999999999
mobile_netv3,44,net.features.5.block.2.fc1.weight_zero_point,[32],int8,32,32,3.1e-05,520000,5440,2688,2418000.0,4080.0,3494.3999999999996
mobile_netv3,45,net.features.5.block.2.fc2.weight,"[120, 32, 1, 1]",float32,3840,15360,0.014648,249600000,2611200,1290240,1160640000.0,1958400.0,1677311.9999999998
mobile_netv3,46,net.features.5.block.2.fc2.weight_scale,[120],float32,120,480,0.000458,7800000,81600,40320,36270000.0,61200.0,52415.99999999999
mobile_netv3,47,net.features.6.block.2.fc1.weight,"[32, 120, 1, 1]",float32,3840,15360,0.014648,249600000,2611200,1290240,1160640000.0,1958400.0,1677311.9999999998
mobile_netv3,48,net.features.6.block.2.fc1.weight_scale,[32],float32,32,128,0.000122,2080000,21760,10752,9672000.0,16320.0,13977.599999999999
mobile_netv3,49,net.features.6.block.2.fc2.weight,"[120, 32, 1, 1]",float32,3840,15360,0.014648,249600000,2611200,1290240,1160640000.0,1958400.0,1677311.9999999998
mobile_netv3,50,net.features.6.block.2.fc2.weight_scale,[120],float32,120,480,0.000458,7800000,81600,40320,36270000.0,61200.0,52415.99999999999
mobile_netv3,51,onnx::Conv_458,"[16, 3, 3, 3]",float32,432,1728,0.001648,28080000,293760,145152,130572000.0,220320.0,188697.59999999998
mobile_netv3,52,onnx::Conv_458_scale,[16],float32,16,64,6.1e-05,1040000,10880,5376,4836000.0,8160.0,6988.799999999999
mobile_netv3,53,onnx::Conv_458_zero_point,[16],int8,16,16,1.5e-05,260000,2720,1344,1209000.0,2040.0,1747.1999999999998
mobile_netv3,54,onnx::Conv_461,"[16, 1, 3, 3]",float32,144,576,0.000549,9360000,97920,48384,43524000.0,73440.0,62899.2
mobile_netv3,55,onnx::Conv_461_scale,[16],float32,16,64,6.1e-05,1040000,10880,5376,4836000.0,8160.0,6988.799999999999
mobile_netv3,56,onnx::Conv_464,"[16, 16, 1, 1]",float32,256,1024,0.000977,16640000,174080,86016,77376000.0,130560.0,111820.79999999999
mobile_netv3,57,onnx::Conv_464_scale,[16],float32,16,64,6.1e-05,1040000,10880,5376,4836000.0,8160.0,6988.799999999999
mobile_netv3,58,onnx::Conv_467,"[64, 16, 1, 1]",float32,1024,4096,0.003906,66560000,696320,344064,309504000.0,522240.0,447283.19999999995
mobile_netv3,59,onnx::Conv_467_scale,[64],float32,64,256,0.000244,4160000,43520,21504,19344000.0,32640.0,27955.199999999997
mobile_netv3,60,onnx::Conv_467_zero_point,[64],int8,64,64,6.1e-05,1040000,10880,5376,4836000.0,8160.0,6988.799999999999
mobile_netv3,61,onnx::Conv_470,"[64, 1, 3, 3]",float32,576,2304,0.002197,37440000,391680,193536,174096000.0,293760.0,251596.8
mobile_netv3,62,onnx::Conv_470_scale,[64],float32,64,256,0.000244,4160000,43520,21504,19344000.0,32640.0,27955.199999999997
mobile_netv3,63,onnx::Conv_473,"[24, 64, 1, 1]",float32,1536,6144,0.005859,99840000,1044480,516096,464256000.0,783360.0,670924.7999999999
mobile_netv3,64,onnx::Conv_473_scale,[24],float32,24,96,9.2e-05,1560000,16320,8064,7254000.0,12240.0,10483.199999999999
mobile_netv3,65,onnx::Conv_476,"[72, 24, 1, 1]",float32,1728,6912,0.006592,112320000,1175040,580608,522288000.0,881280.0,754790.3999999999
mobile_netv3,66,onnx::Conv_476_scale,[72],float32,72,288,0.000275,4680000,48960,24192,21762000.0,36720.0,31449.6
mobile_netv3,67,onnx::Conv_479,"[72, 1, 3, 3]",float32,648,2592,0.002472,42120000,440640,217728,195858000.0,330480.0,283046.39999999997
mobile_netv3,68,onnx::Conv_479_scale,[72],float32,72,288,0.000275,4680000,48960,24192,21762000.0,36720.0,31449.6
mobile_netv3,69,onnx::Conv_482,"[24, 72, 1, 1]",float32,1728,6912,0.006592,112320000,1175040,580608,522288000.0,881280.0,754790.3999999999
mobile_netv3,70,onnx::Conv_482_scale,[24],float32,24,96,9.2e-05,1560000,16320,8064,7254000.0,12240.0,10483.199999999999
mobile_netv3,71,onnx::Conv_485,"[72, 24, 1, 1]",float32,1728,6912,0.006592,112320000,1175040,580608,522288000.0,881280.0,754790.3999999999
mobile_netv3,72,onnx::Conv_485_scale,[72],float32,72,288,0.000275,4680000,48960,24192,21762000.0,36720.0,31449.6
mobile_netv3,73,onnx::Conv_488,"[72, 1, 5, 5]",float32,1800,7200,0.006866,117000000,1224000,604800,544050000.0,918000.0,786239.9999999999
mobile_netv3,74,onnx::Conv_488_scale,[72],float32,72,288,0.000275,4680000,48960,24192,21762000.0,36720.0,31449.6
mobile_netv3,75,onnx::Conv_491,"[40, 72, 1, 1]",float32,2880,11520,0.010986,187200000,1958400,967680,870480000.0,1468800.0,1257983.9999999998
mobile_netv3,76,onnx::Conv_491_scale,[40],float32,40,160,0.000153,2600000,27200,13440,12090000.0,20400.0,17472.0
mobile_netv3,77,onnx::Conv_491_zero_point,[40],int8,40,40,3.8e-05,650000,6800,3360,3022500.0,5100.0,4368.0
mobile_netv3,78,onnx::Conv_494,"[120, 40, 1, 1]",float32,4800,19200,0.018311,312000000,3264000,1612800,1450800000.0,2448000.0,2096639.9999999998
mobile_netv3,79,onnx::Conv_494_scale,[120],float32,120,480,0.000458,7800000,81600,40320,36270000.0,61200.0,52415.99999999999
mobile_netv3,80,onnx::Conv_497,"[120, 1, 5, 5]",float32,3000,12000,0.011444,195000000,2040000,1008000,906750000.0,1530000.0,1310399.9999999998
mobile_netv3,81,onnx::Conv_497_scale,[120],float32,120,480,0.000458,7800000,81600,40320,36270000.0,61200.0,52415.99999999999
mobile_netv3,82,onnx::Conv_500,"[40, 120, 1, 1]",float32,4800,19200,0.018311,312000000,3264000,1612800,1450800000.0,2448000.0,2096639.9999999998
mobile_netv3,83,onnx::Conv_500_scale,[40],float32,40,160,0.000153,2600000,27200,13440,12090000.0,20400.0,17472.0
mobile_netv3,84,onnx::Conv_503,"[120, 40, 1, 1]",float32,4800,19200,0.018311,312000000,3264000,1612800,1450800000.0,2448000.0,2096639.9999999998
mobile_netv3,85,onnx::Conv_503_scale,[120],float32,120,480,0.000458,7800000,81600,40320,36270000.0,61200.0,52415.99999999999
mobile_netv3,86,onnx::Conv_506,"[120, 1, 5, 5]",float32,3000,12000,0.011444,195000000,2040000,1008000,906750000.0,1530000.0,1310399.9999999998
mobile_netv3,87,onnx::Conv_506_scale,[120],float32,120,480,0.000458,7800000,81600,40320,36270000.0,61200.0,52415.99999999999
mobile_netv3,88,onnx::Conv_509,"[40, 120, 1, 1]",float32,4800,19200,0.018311,312000000,3264000,1612800,1450800000.0,2448000.0,2096639.9999999998
mobile_netv3,89,onnx::Conv_509_scale,[40],float32,40,160,0.000153,2600000,27200,13440,12090000.0,20400.0,17472.0
mobile_netv3,90,onnx::Conv_512,"[240, 40, 1, 1]",float32,9600,38400,0.036621,624000000,6528000,3225600,2901600000.0,4896000.0,4193279.9999999995
mobile_netv3,91,onnx::Conv_512_scale,[240],float32,240,960,0.000916,15600000,163200,80640,72540000.0,122400.0,104831.99999999999
mobile_netv3,92,onnx::Conv_515,"[240, 1, 3, 3]",float32,2160,8640,0.00824,140400000,1468800,725760,652860000.0,1101600.0,943487.9999999999
mobile_netv3,93,onnx::Conv_515_scale,[240],float32,240,960,0.000916,15600000,163200,80640,72540000.0,122400.0,104831.99999999999
mobile_netv3,94,onnx::Conv_518,"[80, 240, 1, 1]",float32,19200,76800,0.073242,1248000000,13056000,6451200,5803200000.0,9792000.0,8386559.999999999
mobile_netv3,95,onnx::Conv_518_scale,[80],float32,80,320,0.000305,5200000,54400,26880,24180000.0,40800.0,34944.0
mobile_netv3,96,onnx::Conv_518_zero_point,[80],int8,80,80,7.6e-05,1300000,13600,6720,6045000.0,10200.0,8736.0
mobile_netv3,97,onnx::Conv_521,"[200, 80, 1, 1]",float32,16000,64000,0.061035,1040000000,10880000,5376000,4836000000.0,8160000.0,6988799.999999999
mobile_netv3,98,onnx::Conv_521_scale,[200],float32,200,800,0.000763,13000000,136000,67200,60450000.0,102000.0,87359.99999999999
mobile_netv3,99,onnx::Conv_521_zero_point,[200],int8,200,200,0.000191,3250000,34000,16800,15112500.0,25500.0,21839.999999999996
mobile_netv3,100,onnx::Conv_524,"[200, 1, 3, 3]",float32,1800,7200,0.006866,117000000,1224000,604800,544050000.0,918000.0,786239.9999999999
mobile_netv3,101,onnx::Conv_524_scale,[200],float32,200,800,0.000763,13000000,136000,67200,60450000.0,102000.0,87359.99999999999
mobile_netv3,102,onnx::Conv_527,"[80, 200, 1, 1]",float32,16000,64000,0.061035,1040000000,10880000,5376000,4836000000.0,8160000.0,6988799.999999999
mobile_netv3,103,onnx::Conv_527_scale,[80],float32,80,320,0.000305,5200000,54400,26880,24180000.0,40800.0,34944.0
mobile_netv3,104,onnx::Conv_530,"[184, 80, 1, 1]",float32,14720,58880,0.056152,956800000,10009600,4945920,4449120000.0,7507200.0,6429695.999999999
mobile_netv3,105,onnx::Conv_530_scale,[184],float32,184,736,0.000702,11960000,125120,61824,55614000.0,93840.0,80371.2
mobile_netv3,106,onnx::Conv_530_zero_point,[184],int8,184,184,0.000175,2990000,31280,15456,13903500.0,23460.0,20092.8
mobile_netv3,107,onnx::Conv_533,"[184, 1, 3, 3]",float32,1656,6624,0.006317,107640000,1126080,556416,500526000.0,844560.0,723340.7999999999
mobile_netv3,108,onnx::Conv_533_scale,[184],float32,184,736,0.000702,11960000,125120,61824,55614000.0,93840.0,80371.2
mobile_netv3,109,onnx::Conv_536,"[80, 184, 1, 1]",float32,14720,58880,0.056152,956800000,10009600,4945920,4449120000.0,7507200.0,6429695.999999999
mobile_netv3,110,onnx::Conv_536_scale,[80],float32,80,320,0.000305,5200000,54400,26880,24180000.0,40800.0,34944.0
mobile_netv3,111,onnx::Conv_539,"[184, 80, 1, 1]",float32,14720,58880,0.056152,956800000,10009600,4945920,4449120000.0,7507200.0,6429695.999999999
mobile_netv3,112,onnx::Conv_539_scale,[184],float32,184,736,0.000702,11960000,125120,61824,55614000.0,93840.0,80371.2
mobile_netv3,113,onnx::Conv_542,"[184, 1, 3, 3]",float32,1656,6624,0.006317,107640000,1126080,556416,500526000.0,844560.0,723340.7999999999
mobile_netv3,114,onnx::Conv_542_scale,[184],float32,184,736,0.000702,11960000,125120,61824,55614000.0,93840.0,80371.2
mobile_netv3,115,onnx::Conv_545,"[80, 184, 1, 1]",float32,14720,58880,0.056152,956800000,10009600,4945920,4449120000.0,7507200.0,6429695.999999999
mobile_netv3,116,onnx::Conv_545_scale,[80],float32,80,320,0.000305,5200000,54400,26880,24180000.0,40800.0,34944.0
mobile_netv3,117,onnx::Conv_548,"[480, 80, 1, 1]",float32,38400,153600,0.146484,2496000000,26112000,12902400,11606400000.0,19584000.0,16773119.999999998
mobile_netv3,118,onnx::Conv_548_scale,[480],float32,480,1920,0.001831,31200000,326400,161280,145080000.0,244800.0,209663.99999999997
mobile_netv3,119,onnx::Conv_551,"[480, 1, 3, 3]",float32,4320,17280,0.016479,280800000,2937600,1451520,1305720000.0,2203200.0,1886975.9999999998
mobile_netv3,120,onnx::Conv_551_scale,[480],float32,480,1920,0.001831,31200000,326400,161280,145080000.0,244800.0,209663.99999999997
mobile_netv3,121,onnx::Conv_554,"[112, 480, 1, 1]",float32,53760,215040,0.205078,3494400000,36556800,18063360,16248960000.0,27417600.0,23482367.999999996
mobile_netv3,122,onnx::Conv_554_scale,[112],float32,112,448,0.000427,7280000,76160,37632,33852000.0,57120.0,48921.59999999999
mobile_netv3,123,onnx::Conv_554_zero_point,[112],int8,112,112,0.000107,1820000,19040,9408,8463000.0,14280.0,12230.399999999998
mobile_netv3,124,onnx::Conv_557,"[672, 112, 1, 1]",float32,75264,301056,0.287109,4892160000,51179520,25288704,22748544000.0,38384640.0,32875315.199999996
mobile_netv3,125,onnx::Conv_557_scale,[672],float32,672,2688,0.002563,43680000,456960,225792,203112000.0,342720.0,293529.6
mobile_netv3,126,onnx::Conv_560,"[672, 1, 3, 3]",float32,6048,24192,0.023071,393120000,4112640,2032128,1828008000.0,3084480.0,2641766.4
mobile_netv3,127,onnx::Conv_560_scale,[672],float32,672,2688,0.002563,43680000,456960,225792,203112000.0,342720.0,293529.6
mobile_netv3,128,onnx::Conv_563,"[112, 672, 1, 1]",float32,75264,301056,0.287109,4892160000,51179520,25288704,22748544000.0,38384640.0,32875315.199999996
mobile_netv3,129,onnx::Conv_563_scale,[112],float32,112,448,0.000427,7280000,76160,37632,33852000.0,57120.0,48921.59999999999
mobile_netv3,130,onnx::Conv_566,"[672, 112, 1, 1]",float32,75264,301056,0.287109,4892160000,51179520,25288704,22748544000.0,38384640.0,32875315.199999996
mobile_netv3,131,onnx::Conv_566_scale,[672],float32,672,2688,0.002563,43680000,456960,225792,203112000.0,342720.0,293529.6
mobile_netv3,132,onnx::Conv_569,"[672, 1, 5, 5]",float32,16800,67200,0.064087,1092000000,11424000,5644800,5077800000.0,8568000.0,7338239.999999999
mobile_netv3,133,onnx::Conv_569_scale,[672],float32,672,2688,0.002563,43680000,456960,225792,203112000.0,342720.0,293529.6
mobile_netv3,134,onnx::Conv_572,"[160, 672, 1, 1]",float32,107520,430080,0.410156,6988800000,73113600,36126720,32497920000.0,54835200.0,46964735.99999999
mobile_netv3,135,onnx::Conv_572_scale,[160],float32,160,640,0.00061,10400000,108800,53760,48360000.0,81600.0,69888.0
mobile_netv3,136,onnx::Conv_572_zero_point,[160],int8,160,160,0.000153,2600000,27200,13440,12090000.0,20400.0,17472.0
mobile_netv3,137,onnx::Conv_575,"[960, 160, 1, 1]",float32,153600,614400,0.585938,9984000000,104448000,51609600,46425600000.0,78336000.0,67092479.99999999
mobile_netv3,138,onnx::Conv_575_scale,[960],float32,960,3840,0.003662,62400000,652800,322560,290160000.0,489600.0,419327.99999999994
mobile_netv3,139,onnx::Conv_578,"[960, 1, 5, 5]",float32,24000,96000,0.091553,1560000000,16320000,8064000,7254000000.0,12240000.0,10483199.999999998
mobile_netv3,140,onnx::Conv_578_scale,[960],float32,960,3840,0.003662,62400000,652800,322560,290160000.0,489600.0,419327.99999999994
mobile_netv3,141,onnx::Conv_581,"[160, 960, 1, 1]",float32,153600,614400,0.585938,9984000000,104448000,51609600,46425600000.0,78336000.0,67092479.99999999
mobile_netv3,142,onnx::Conv_581_scale,[160],float32,160,640,0.00061,10400000,108800,53760,48360000.0,81600.0,69888.0
mobile_netv3,143,onnx::Conv_584,"[960, 160, 1, 1]",float32,153600,614400,0.585938,9984000000,104448000,51609600,46425600000.0,78336000.0,67092479.99999999
mobile_netv3,144,onnx::Conv_584_scale,[960],float32,960,3840,0.003662,62400000,652800,322560,290160000.0,489600.0,419327.99999999994
mobile_netv3,145,onnx::Conv_587,"[960, 1, 5, 5]",float32,24000,96000,0.091553,1560000000,16320000,8064000,7254000000.0,12240000.0,10483199.999999998
mobile_netv3,146,onnx::Conv_587_scale,[960],float32,960,3840,0.003662,62400000,652800,322560,290160000.0,489600.0,419327.99999999994
mobile_netv3,147,onnx::Conv_590,"[160, 960, 1, 1]",float32,153600,614400,0.585938,9984000000,104448000,51609600,46425600000.0,78336000.0,67092479.99999999
mobile_netv3,148,onnx::Conv_590_scale,[160],float32,160,640,0.00061,10400000,108800,53760,48360000.0,81600.0,69888.0
mobile_netv3,149,onnx::Conv_593,"[960, 160, 1, 1]",float32,153600,614400,0.585938,9984000000,104448000,51609600,46425600000.0,78336000.0,67092479.99999999
mobile_netv3,150,onnx::Conv_593_scale,[960],float32,960,3840,0.003662,62400000,652800,322560,290160000.0,489600.0,419327.99999999994
mobile_netv3,151,image_tensor_scale,[],float32,0,4,4e-06,65000,680,336,302250.0,510.0,436.79999999999995
mobile_netv3,152,/Sub_output_0_scale,[],float32,0,4,4e-06,65000,680,336,302250.0,510.0,436.79999999999995
mobile_netv3,153,/Sub_output_0_zero_point,[],uint16,0,2,2e-06,32500,340,168,151125.0,255.0,218.39999999999998
mobile_netv3,154,/Div_output_0_scale,[],float32,0,4,4e-06,65000,680,336,302250.0,510.0,436.79999999999995
mobile_netv3,155,/Div_output_0_zero_point,[],uint16,0,2,2e-06,32500,340,168,151125.0,255.0,218.39999999999998
mobile_netv3,156,onnx::Conv_459,[16],float32,16,64,6.1e-05,1040000,10880,5376,4836000.0,8160.0,6988.799999999999
mobile_netv3,157,/net/features/0/0/Conv_output_0_scale,[],float32,0,4,4e-06,65000,680,336,302250.0,510.0,436.79999999999995
mobile_netv3,158,/net/features/0/0/Conv_output_0_zero_point,[],uint16,0,2,2e-06,32500,340,168,151125.0,255.0,218.39999999999998
mobile_netv3,159,/net/features/0/2/HardSwish_output_0_scale,[],float32,0,4,4e-06,65000,680,336,302250.0,510.0,436.79999999999995
mobile_netv3,160,/net/features/0/2/HardSwish_output_0_zero_point,[],uint16,0,2,2e-06,32500,340,168,151125.0,255.0,218.39999999999998
mobile_netv3,161,onnx::Conv_462,[16],float32,16,64,6.1e-05,1040000,10880,5376,4836000.0,8160.0,6988.799999999999
mobile_netv3,162,/net/features/1/block/0/2/Relu_output_0_scale,[],float32,0,4,4e-06,65000,680,336,302250.0,510.0,436.79999999999995
mobile_netv3,163,onnx::Conv_465,[16],float32,16,64,6.1e-05,1040000,10880,5376,4836000.0,8160.0,6988.799999999999
mobile_netv3,164,/net/features/1/block/1/0/Conv_output_0_scale,[],float32,0,4,4e-06,65000,680,336,302250.0,510.0,436.79999999999995
mobile_netv3,165,/net/features/1/block/1/0/Conv_output_0_zero_point,[],uint16,0,2,2e-06,32500,340,168,151125.0,255.0,218.39999999999998
mobile_netv3,166,/net/features/1/Add_output_0_scale,[],float32,0,4,4e-06,65000,680,336,302250.0,510.0,436.79999999999995
mobile_netv3,167,/net/features/1/Add_output_0_zero_point,[],uint16,0,2,2e-06,32500,340,168,151125.0,255.0,218.39999999999998
mobile_netv3,168,onnx::Conv_468,[64],float32,64,256,0.000244,4160000,43520,21504,19344000.0,32640.0,27955.199999999997
mobile_netv3,169,/net/features/2/block/0/2/Relu_output_0_scale,[],float32,0,4,4e-06,65000,680,336,302250.0,510.0,436.79999999999995
mobile_netv3,170,onnx::Conv_471,[64],float32,64,256,0.000244,4160000,43520,21504,19344000.0,32640.0,27955.199999999997
mobile_netv3,171,/net/features/2/block/1/2/Relu_output_0_scale,[],float32,0,4,4e-06,65000,680,336,302250.0,510.0,436.79999999999995
mobile_netv3,172,onnx::Conv_474,[24],float32,24,96,9.2e-05,1560000,16320,8064,7254000.0,12240.0,10483.199999999999
mobile_netv3,173,/net/features/2/block/2/0/Conv_output_0_scale,[],float32,0,4,4e-06,65000,680,336,302250.0,510.0,436.79999999999995
mobile_netv3,174,/net/features/2/block/2/0/Conv_output_0_zero_point,[],uint16,0,2,2e-06,32500,340,168,151125.0,255.0,218.39999999999998
mobile_netv3,175,onnx::Conv_477,[72],float32,72,288,0.000275,4680000,48960,24192,21762000.0,36720.0,31449.6
mobile_netv3,176,/net/features/3/block/0/2/Relu_output_0_scale,[],float32,0,4,4e-06,65000,680,336,302250.0,510.0,436.79999999999995
mobile_netv3,177,onnx::Conv_480,[72],float32,72,288,0.000275,4680000,48960,24192,21762000.0,36720.0,31449.6
mobile_netv3,178,/net/features/3/block/1/2/Relu_output_0_scale,[],float32,0,4,4e-06,65000,680,336,302250.0,510.0,436.79999999999995
mobile_netv3,179,onnx::Conv_483,[24],float32,24,96,9.2e-05,1560000,16320,8064,7254000.0,12240.0,10483.199999999999
mobile_netv3,180,/net/features/3/block/2/0/Conv_output_0_scale,[],float32,0,4,4e-06,65000,680,336,302250.0,510.0,436.79999999999995
mobile_netv3,181,/net/features/3/block/2/0/Conv_output_0_zero_point,[],uint16,0,2,2e-06,32500,340,168,151125.0,255.0,218.39999999999998
mobile_netv3,182,/net/features/3/Add_output_0_scale,[],float32,0,4,4e-06,65000,680,336,302250.0,510.0,436.79999999999995
mobile_netv3,183,/net/features/3/Add_output_0_zero_point,[],uint16,0,2,2e-06,32500,340,168,151125.0,255.0,218.39999999999998
mobile_netv3,184,onnx::Conv_486,[72],float32,72,288,0.000275,4680000,48960,24192,21762000.0,36720.0,31449.6
mobile_netv3,185,/net/features/4/block/0/2/Relu_output_0_scale,[],float32,0,4,4e-06,65000,680,336,302250.0,510.0,436.79999999999995
mobile_netv3,186,onnx::Conv_489,[72],float32,72,288,0.000275,4680000,48960,24192,21762000.0,36720.0,31449.6
mobile_netv3,187,/net/features/4/block/1/2/Relu_output_0_scale,[],float32,0,4,4e-06,65000,680,336,302250.0,510.0,436.79999999999995
mobile_netv3,188,/net/features/4/block/2/avgpool/GlobalAveragePool_output_0_scale,[],float32,0,4,4e-06,65000,680,336,302250.0,510.0,436.79999999999995
mobile_netv3,189,net.features.4.block.2.fc1.bias,[24],float32,24,96,9.2e-05,1560000,16320,8064,7254000.0,12240.0,10483.199999999999
mobile_netv3,190,/net/features/4/block/2/activation/Relu_output_0_scale,[],float32,0,4,4e-06,65000,680,336,302250.0,510.0,436.79999999999995
mobile_netv3,191,net.features.4.block.2.fc2.bias,[72],float32,72,288,0.000275,4680000,48960,24192,21762000.0,36720.0,31449.6
mobile_netv3,192,/net/features/4/block/2/fc2/Conv_output_0_scale,[],float32,0,4,4e-06,65000,680,336,302250.0,510.0,436.79999999999995
mobile_netv3,193,onnx::Conv_492,[40],float32,40,160,0.000153,2600000,27200,13440,12090000.0,20400.0,17472.0
mobile_netv3,194,/net/features/4/block/3/0/Conv_output_0_scale,[],float32,0,4,4e-06,65000,680,336,302250.0,510.0,436.79999999999995
mobile_netv3,195,/net/features/4/block/3/0/Conv_output_0_zero_point,[],uint16,0,2,2e-06,32500,340,168,151125.0,255.0,218.39999999999998
mobile_netv3,196,onnx::Conv_495,[120],float32,120,480,0.000458,7800000,81600,40320,36270000.0,61200.0,52415.99999999999
mobile_netv3,197,/net/features/5/block/0/2/Relu_output_0_scale,[],float32,0,4,4e-06,65000,680,336,302250.0,510.0,436.79999999999995
mobile_netv3,198,onnx::Conv_498,[120],float32,120,480,0.000458,7800000,81600,40320,36270000.0,61200.0,52415.99999999999
mobile_netv3,199,/net/features/5/block/1/2/Relu_output_0_scale,[],float32,0,4,4e-06,65000,680,336,302250.0,510.0,436.79999999999995
mobile_netv3,200,/net/features/5/block/2/avgpool/GlobalAveragePool_output_0_scale,[],float32,0,4,4e-06,65000,680,336,302250.0,510.0,436.79999999999995
mobile_netv3,201,net.features.5.block.2.fc1.bias,[32],float32,32,128,0.000122,2080000,21760,10752,9672000.0,16320.0,13977.599999999999
mobile_netv3,202,/net/features/5/block/2/activation/Relu_output_0_scale,[],float32,0,4,4e-06,65000,680,336,302250.0,510.0,436.79999999999995
mobile_netv3,203,net.features.5.block.2.fc2.bias,[120],float32,120,480,0.000458,7800000,81600,40320,36270000.0,61200.0,52415.99999999999
mobile_netv3,204,/net/features/5/block/2/fc2/Conv_output_0_scale,[],float32,0,4,4e-06,65000,680,336,302250.0,510.0,436.79999999999995
mobile_netv3,205,/net/features/5/block/2/fc2/Conv_output_0_zero_point,[],uint16,0,2,2e-06,32500,340,168,151125.0,255.0,218.39999999999998
mobile_netv3,206,/net/features/5/block/2/Mul_output_0_scale,[],float32,0,4,4e-06,65000,680,336,302250.0,510.0,436.79999999999995
mobile_netv3,207,onnx::Conv_501,[40],float32,40,160,0.000153,2600000,27200,13440,12090000.0,20400.0,17472.0
mobile_netv3,208,/net/features/5/block/3/0/Conv_output_0_scale,[],float32,0,4,4e-06,65000,680,336,302250.0,510.0,436.79999999999995
mobile_netv3,209,/net/features/5/block/3/0/Conv_output_0_zero_point,[],uint16,0,2,2e-06,32500,340,168,151125.0,255.0,218.39999999999998
mobile_netv3,210,/net/features/5/Add_output_0_scale,[],float32,0,4,4e-06,65000,680,336,302250.0,510.0,436.79999999999995
mobile_netv3,211,/net/features/5/Add_output_0_zero_point,[],uint16,0,2,2e-06,32500,340,168,151125.0,255.0,218.39999999999998
mobile_netv3,212,onnx::Conv_504,[120],float32,120,480,0.000458,7800000,81600,40320,36270000.0,61200.0,52415.99999999999
mobile_netv3,213,/net/features/6/block/0/2/Relu_output_0_scale,[],float32,0,4,4e-06,65000,680,336,302250.0,510.0,436.79999999999995
mobile_netv3,214,onnx::Conv_507,[120],float32,120,480,0.000458,7800000,81600,40320,36270000.0,61200.0,52415.99999999999
mobile_netv3,215,/net/features/6/block/1/2/Relu_output_0_scale,[],float32,0,4,4e-06,65000,680,336,302250.0,510.0,436.79999999999995
mobile_netv3,216,/net/features/6/block/2/avgpool/GlobalAveragePool_output_0_scale,[],float32,0,4,4e-06,65000,680,336,302250.0,510.0,436.79999999999995
mobile_netv3,217,net.features.6.block.2.fc1.bias,[32],float32,32,128,0.000122,2080000,21760,10752,9672000.0,16320.0,13977.599999999999
mobile_netv3,218,/net/features/6/block/2/activation/Relu_output_0_scale,[],float32,0,4,4e-06,65000,680,336,302250.0,510.0,436.79999999999995
mobile_netv3,219,net.features.6.block.2.fc2.bias,[120],float32,120,480,0.000458,7800000,81600,40320,36270000.0,61200.0,52415.99999999999
mobile_netv3,220,/net/features/6/block/2/fc2/Conv_output_0_scale,[],float32,0,4,4e-06,65000,680,336,302250.0,510.0,436.79999999999995
mobile_netv3,221,/net/features/6/block/2/fc2/Conv_output_0_zero_point,[],uint16,0,2,2e-06,32500,340,168,151125.0,255.0,218.39999999999998
mobile_netv3,222,/net/features/6/block/2/Mul_output_0_scale,[],float32,0,4,4e-06,65000,680,336,302250.0,510.0,436.79999999999995
mobile_netv3,223,onnx::Conv_510,[40],float32,40,160,0.000153,2600000,27200,13440,12090000.0,20400.0,17472.0
mobile_netv3,224,/net/features/6/block/3/0/Conv_output_0_scale,[],float32,0,4,4e-06,65000,680,336,302250.0,510.0,436.79999999999995
mobile_netv3,225,/net/features/6/block/3/0/Conv_output_0_zero_point,[],uint16,0,2,2e-06,32500,340,168,151125.0,255.0,218.39999999999998
mobile_netv3,226,/net/features/6/Add_output_0_scale,[],float32,0,4,4e-06,65000,680,336,302250.0,510.0,436.79999999999995
mobile_netv3,227,/net/features/6/Add_output_0_zero_point,[],uint16,0,2,2e-06,32500,340,168,151125.0,255.0,218.39999999999998
mobile_netv3,228,onnx::Conv_513,[240],float32,240,960,0.000916,15600000,163200,80640,72540000.0,122400.0,104831.99999999999
mobile_netv3,229,/net/features/7/block/0/0/Conv_output_0_scale,[],float32,0,4,4e-06,65000,680,336,302250.0,510.0,436.79999999999995
mobile_netv3,230,/net/features/7/block/0/0/Conv_output_0_zero_point,[],uint16,0,2,2e-06,32500,340,168,151125.0,255.0,218.39999999999998
mobile_netv3,231,/net/features/7/block/0/2/HardSwish_output_0_scale,[],float32,0,4,4e-06,65000,680,336,302250.0,510.0,436.79999999999995
mobile_netv3,232,/net/features/7/block/0/2/HardSwish_output_0_zero_point,[],uint16,0,2,2e-06,32500,340,168,151125.0,255.0,218.39999999999998
mobile_netv3,233,onnx::Conv_516,[240],float32,240,960,0.000916,15600000,163200,80640,72540000.0,122400.0,104831.99999999999
mobile_netv3,234,/net/features/7/block/1/0/Conv_output_0_scale,[],float32,0,4,4e-06,65000,680,336,302250.0,510.0,436.79999999999995
mobile_netv3,235,/net/features/7/block/1/0/Conv_output_0_zero_point,[],uint16,0,2,2e-06,32500,340,168,151125.0,255.0,218.39999999999998
mobile_netv3,236,/net/features/7/block/1/2/HardSwish_output_0_scale,[],float32,0,4,4e-06,65000,680,336,302250.0,510.0,436.79999999999995
mobile_netv3,237,/net/features/7/block/1/2/HardSwish_output_0_zero_point,[],uint16,0,2,2e-06,32500,340,168,151125.0,255.0,218.39999999999998
mobile_netv3,238,onnx::Conv_519,[80],float32,80,320,0.000305,5200000,54400,26880,24180000.0,40800.0,34944.0
mobile_netv3,239,/net/features/7/block/2/0/Conv_output_0_scale,[],float32,0,4,4e-06,65000,680,336,302250.0,510.0,436.79999999999995
mobile_netv3,240,/net/features/7/block/2/0/Conv_output_0_zero_point,[],uint16,0,2,2e-06,32500,340,168,151125.0,255.0,218.39999999999998
mobile_netv3,241,onnx::Conv_522,[200],float32,200,800,0.000763,13000000,136000,67200,60450000.0,102000.0,87359.99999999999
mobile_netv3,242,/net/features/8/block/0/0/Conv_output_0_scale,[],float32,0,4,4e-06,65000,680,336,302250.0,510.0,436.79999999999995
mobile_netv3,243,/net/features/8/block/0/0/Conv_output_0_zero_point,[],uint16,0,2,2e-06,32500,340,168,151125.0,255.0,218.39999999999998
mobile_netv3,244,/net/features/8/block/0/2/HardSwish_output_0_scale,[],float32,0,4,4e-06,65000,680,336,302250.0,510.0,436.79999999999995
mobile_netv3,245,/net/features/8/block/0/2/HardSwish_output_0_zero_point,[],uint16,0,2,2e-06,32500,340,168,151125.0,255.0,218.39999999999998
mobile_netv3,246,onnx::Conv_525,[200],float32,200,800,0.000763,13000000,136000,67200,60450000.0,102000.0,87359.99999999999
mobile_netv3,247,/net/features/8/block/1/0/Conv_output_0_scale,[],float32,0,4,4e-06,65000,680,336,302250.0,510.0,436.79999999999995
mobile_netv3,248,/net/features/8/block/1/0/Conv_output_0_zero_point,[],uint16,0,2,2e-06,32500,340,168,151125.0,255.0,218.39999999999998
mobile_netv3,249,/net/features/8/block/1/2/HardSwish_output_0_scale,[],float32,0,4,4e-06,65000,680,336,302250.0,510.0,436.79999999999995
mobile_netv3,250,/net/features/8/block/1/2/HardSwish_output_0_zero_point,[],uint16,0,2,2e-06,32500,340,168,151125.0,255.0,218.39999999999998
mobile_netv3,251,onnx::Conv_528,[80],float32,80,320,0.000305,5200000,54400,26880,24180000.0,40800.0,34944.0
mobile_netv3,252,/net/features/8/block/2/0/Conv_output_0_scale,[],float32,0,4,4e-06,65000,680,336,302250.0,510.0,436.79999999999995
mobile_netv3,253,/net/features/8/block/2/0/Conv_output_0_zero_point,[],uint16,0,2,2e-06,32500,340,168,151125.0,255.0,218.39999999999998
mobile_netv3,254,/net/features/8/Add_output_0_scale,[],float32,0,4,4e-06,65000,680,336,302250.0,510.0,436.79999999999995
mobile_netv3,255,/net/features/8/Add_output_0_zero_point,[],uint16,0,2,2e-06,32500,340,168,151125.0,255.0,218.39999999999998
mobile_netv3,256,onnx::Conv_531,[184],float32,184,736,0.000702,11960000,125120,61824,55614000.0,93840.0,80371.2
mobile_netv3,257,/net/features/9/block/0/0/Conv_output_0_scale,[],float32,0,4,4e-06,65000,680,336,302250.0,510.0,436.79999999999995
mobile_netv3,258,/net/features/9/block/0/0/Conv_output_0_zero_point,[],uint16,0,2,2e-06,32500,340,168,151125.0,255.0,218.39999999999998
mobile_netv3,259,/net/features/9/block/0/2/HardSwish_output_0_scale,[],float32,0,4,4e-06,65000,680,336,302250.0,510.0,436.79999999999995
mobile_netv3,260,/net/features/9/block/0/2/HardSwish_output_0_zero_point,[],uint16,0,2,2e-06,32500,340,168,151125.0,255.0,218.39999999999998
mobile_netv3,261,onnx::Conv_534,[184],float32,184,736,0.000702,11960000,125120,61824,55614000.0,93840.0,80371.2
mobile_netv3,262,/net/features/9/block/1/0/Conv_output_0_scale,[],float32,0,4,4e-06,65000,680,336,302250.0,510.0,436.79999999999995
mobile_netv3,263,/net/features/9/block/1/0/Conv_output_0_zero_point,[],uint16,0,2,2e-06,32500,340,168,151125.0,255.0,218.39999999999998
mobile_netv3,264,/net/features/9/block/1/2/HardSwish_output_0_scale,[],float32,0,4,4e-06,65000,680,336,302250.0,510.0,436.79999999999995
mobile_netv3,265,/net/features/9/block/1/2/HardSwish_output_0_zero_point,[],uint16,0,2,2e-06,32500,340,168,151125.0,255.0,218.39999999999998
mobile_netv3,266,onnx::Conv_537,[80],float32,80,320,0.000305,5200000,54400,26880,24180000.0,40800.0,34944.0
mobile_netv3,267,/net/features/9/block/2/0/Conv_output_0_scale,[],float32,0,4,4e-06,65000,680,336,302250.0,510.0,436.79999999999995
mobile_netv3,268,/net/features/9/block/2/0/Conv_output_0_zero_point,[],uint16,0,2,2e-06,32500,340,168,151125.0,255.0,218.39999999999998
mobile_netv3,269,/net/features/9/Add_output_0_scale,[],float32,0,4,4e-06,65000,680,336,302250.0,510.0,436.79999999999995
mobile_netv3,270,/net/features/9/Add_output_0_zero_point,[],uint16,0,2,2e-06,32500,340,168,151125.0,255.0,218.39999999999998
mobile_netv3,271,onnx::Conv_540,[184],float32,184,736,0.000702,11960000,125120,61824,55614000.0,93840.0,80371.2
mobile_netv3,272,/net/features/10/block/0/0/Conv_output_0_scale,[],float32,0,4,4e-06,65000,680,336,302250.0,510.0,436.79999999999995
mobile_netv3,273,/net/features/10/block/0/0/Conv_output_0_zero_point,[],uint16,0,2,2e-06,32500,340,168,151125.0,255.0,218.39999999999998
mobile_netv3,274,/net/features/10/block/0/2/HardSwish_output_0_scale,[],float32,0,4,4e-06,65000,680,336,302250.0,510.0,436.79999999999995
mobile_netv3,275,/net/features/10/block/0/2/HardSwish_output_0_zero_point,[],uint16,0,2,2e-06,32500,340,168,151125.0,255.0,218.39999999999998
mobile_netv3,276,onnx::Conv_543,[184],float32,184,736,0.000702,11960000,125120,61824,55614000.0,93840.0,80371.2
mobile_netv3,277,/net/features/10/block/1/0/Conv_output_0_scale,[],float32,0,4,4e-06,65000,680,336,302250.0,510.0,436.79999999999995
mobile_netv3,278,/net/features/10/block/1/0/Conv_output_0_zero_point,[],uint16,0,2,2e-06,32500,340,168,151125.0,255.0,218.39999999999998
mobile_netv3,279,/net/features/10/block/1/2/HardSwish_output_0_scale,[],float32,0,4,4e-06,65000,680,336,302250.0,510.0,436.79999999999995
mobile_netv3,280,/net/features/10/block/1/2/HardSwish_output_0_zero_point,[],uint16,0,2,2e-06,32500,340,168,151125.0,255.0,218.39999999999998
mobile_netv3,281,onnx::Conv_546,[80],float32,80,320,0.000305,5200000,54400,26880,24180000.0,40800.0,34944.0
mobile_netv3,282,/net/features/10/block/2/0/Conv_output_0_scale,[],float32,0,4,4e-06,65000,680,336,302250.0,510.0,436.79999999999995
mobile_netv3,283,/net/features/10/block/2/0/Conv_output_0_zero_point,[],uint16,0,2,2e-06,32500,340,168,151125.0,255.0,218.39999999999998
mobile_netv3,284,/net/features/10/Add_output_0_scale,[],float32,0,4,4e-06,65000,680,336,302250.0,510.0,436.79999999999995
mobile_netv3,285,/net/features/10/Add_output_0_zero_point,[],uint16,0,2,2e-06,32500,340,168,151125.0,255.0,218.39999999999998
mobile_netv3,286,onnx::Conv_549,[480],float32,480,1920,0.001831,31200000,326400,161280,145080000.0,244800.0,209663.99999999997
mobile_netv3,287,/net/features/11/block/0/0/Conv_output_0_scale,[],float32,0,4,4e-06,65000,680,336,302250.0,510.0,436.79999999999995
mobile_netv3,288,/net/features/11/block/0/0/Conv_output_0_zero_point,[],uint16,0,2,2e-06,32500,340,168,151125.0,255.0,218.39999999999998
mobile_netv3,289,/net/features/11/block/0/2/HardSwish_output_0_scale,[],float32,0,4,4e-06,65000,680,336,302250.0,510.0,436.79999999999995
mobile_netv3,290,/net/features/11/block/0/2/HardSwish_output_0_zero_point,[],uint16,0,2,2e-06,32500,340,168,151125.0,255.0,218.39999999999998
mobile_netv3,291,onnx::Conv_552,[480],float32,480,1920,0.001831,31200000,326400,161280,145080000.0,244800.0,209663.99999999997
mobile_netv3,292,/net/features/11/block/1/0/Conv_output_0_scale,[],float32,0,4,4e-06,65000,680,336,302250.0,510.0,436.79999999999995
mobile_netv3,293,/net/features/11/block/1/0/Conv_output_0_zero_point,[],uint16,0,2,2e-06,32500,340,168,151125.0,255.0,218.39999999999998
mobile_netv3,294,/net/features/11/block/1/2/HardSwish_output_0_scale,[],float32,0,4,4e-06,65000,680,336,302250.0,510.0,436.79999999999995
mobile_netv3,295,/net/features/11/block/1/2/HardSwish_output_0_zero_point,[],uint16,0,2,2e-06,32500,340,168,151125.0,255.0,218.39999999999998
mobile_netv3,296,/net/features/11/block/2/avgpool/GlobalAveragePool_output_0_scale,[],float32,0,4,4e-06,65000,680,336,302250.0,510.0,436.79999999999995
mobile_netv3,297,/net/features/11/block/2/avgpool/GlobalAveragePool_output_0_zero_point,[],uint16,0,2,2e-06,32500,340,168,151125.0,255.0,218.39999999999998
mobile_netv3,298,net.features.11.block.2.fc1.bias,[120],float32,120,480,0.000458,7800000,81600,40320,36270000.0,61200.0,52415.99999999999
mobile_netv3,299,/net/features/11/block/2/activation/Relu_output_0_scale,[],float32,0,4,4e-06,65000,680,336,302250.0,510.0,436.79999999999995
mobile_netv3,300,net.features.11.block.2.fc2.bias,[480],float32,480,1920,0.001831,31200000,326400,161280,145080000.0,244800.0,209663.99999999997
mobile_netv3,301,/net/features/11/block/2/fc2/Conv_output_0_scale,[],float32,0,4,4e-06,65000,680,336,302250.0,510.0,436.79999999999995
mobile_netv3,302,/net/features/11/block/2/fc2/Conv_output_0_zero_point,[],uint16,0,2,2e-06,32500,340,168,151125.0,255.0,218.39999999999998
mobile_netv3,303,/net/features/11/block/2/Mul_output_0_scale,[],float32,0,4,4e-06,65000,680,336,302250.0,510.0,436.79999999999995
mobile_netv3,304,/net/features/11/block/2/Mul_output_0_zero_point,[],uint16,0,2,2e-06,32500,340,168,151125.0,255.0,218.39999999999998
mobile_netv3,305,onnx::Conv_555,[112],float32,112,448,0.000427,7280000,76160,37632,33852000.0,57120.0,48921.59999999999
mobile_netv3,306,/net/features/11/block/3/0/Conv_output_0_scale,[],float32,0,4,4e-06,65000,680,336,302250.0,510.0,436.79999999999995
mobile_netv3,307,/net/features/11/block/3/0/Conv_output_0_zero_point,[],uint16,0,2,2e-06,32500,340,168,151125.0,255.0,218.39999999999998
mobile_netv3,308,onnx::Conv_558,[672],float32,672,2688,0.002563,43680000,456960,225792,203112000.0,342720.0,293529.6
mobile_netv3,309,/net/features/12/block/0/0/Conv_output_0_scale,[],float32,0,4,4e-06,65000,680,336,302250.0,510.0,436.79999999999995
mobile_netv3,310,/net/features/12/block/0/0/Conv_output_0_zero_point,[],uint16,0,2,2e-06,32500,340,168,151125.0,255.0,218.39999999999998
mobile_netv3,311,/net/features/12/block/0/2/HardSwish_output_0_scale,[],float32,0,4,4e-06,65000,680,336,302250.0,510.0,436.79999999999995
mobile_netv3,312,/net/features/12/block/0/2/HardSwish_output_0_zero_point,[],uint16,0,2,2e-06,32500,340,168,151125.0,255.0,218.39999999999998
mobile_netv3,313,onnx::Conv_561,[672],float32,672,2688,0.002563,43680000,456960,225792,203112000.0,342720.0,293529.6
mobile_netv3,314,/net/features/12/block/1/0/Conv_output_0_scale,[],float32,0,4,4e-06,65000,680,336,302250.0,510.0,436.79999999999995
mobile_netv3,315,/net/features/12/block/1/0/Conv_output_0_zero_point,[],uint16,0,2,2e-06,32500,340,168,151125.0,255.0,218.39999999999998
mobile_netv3,316,/net/features/12/block/1/2/HardSwish_output_0_scale,[],float32,0,4,4e-06,65000,680,336,302250.0,510.0,436.79999999999995
mobile_netv3,317,/net/features/12/block/1/2/HardSwish_output_0_zero_point,[],uint16,0,2,2e-06,32500,340,168,151125.0,255.0,218.39999999999998
mobile_netv3,318,/net/features/12/block/2/avgpool/GlobalAveragePool_output_0_scale,[],float32,0,4,4e-06,65000,680,336,302250.0,510.0,436.79999999999995
mobile_netv3,319,/net/features/12/block/2/avgpool/GlobalAveragePool_output_0_zero_point,[],uint16,0,2,2e-06,32500,340,168,151125.0,255.0,218.39999999999998
mobile_netv3,320,net.features.12.block.2.fc1.bias,[168],float32,168,672,0.000641,10920000,114240,56448,50778000.0,85680.0,73382.4
mobile_netv3,321,/net/features/12/block/2/activation/Relu_output_0_scale,[],float32,0,4,4e-06,65000,680,336,302250.0,510.0,436.79999999999995
mobile_netv3,322,net.features.12.block.2.fc2.bias,[672],float32,672,2688,0.002563,43680000,456960,225792,203112000.0,342720.0,293529.6
mobile_netv3,323,/net/features/12/block/2/fc2/Conv_output_0_scale,[],float32,0,4,4e-06,65000,680,336,302250.0,510.0,436.79999999999995
mobile_netv3,324,/net/features/12/block/2/fc2/Conv_output_0_zero_point,[],uint16,0,2,2e-06,32500,340,168,151125.0,255.0,218.39999999999998
mobile_netv3,325,/net/features/12/block/2/Mul_output_0_scale,[],float32,0,4,4e-06,65000,680,336,302250.0,510.0,436.79999999999995
mobile_netv3,326,/net/features/12/block/2/Mul_output_0_zero_point,[],uint16,0,2,2e-06,32500,340,168,151125.0,255.0,218.39999999999998
mobile_netv3,327,onnx::Conv_564,[112],float32,112,448,0.000427,7280000,76160,37632,33852000.0,57120.0,48921.59999999999
mobile_netv3,328,/net/features/12/block/3/0/Conv_output_0_scale,[],float32,0,4,4e-06,65000,680,336,302250.0,510.0,436.79999999999995
mobile_netv3,329,/net/features/12/block/3/0/Conv_output_0_zero_point,[],uint16,0,2,2e-06,32500,340,168,151125.0,255.0,218.39999999999998
mobile_netv3,330,/net/features/12/Add_output_0_scale,[],float32,0,4,4e-06,65000,680,336,302250.0,510.0,436.79999999999995
mobile_netv3,331,/net/features/12/Add_output_0_zero_point,[],uint16,0,2,2e-06,32500,340,168,151125.0,255.0,218.39999999999998
mobile_netv3,332,onnx::Conv_567,[672],float32,672,2688,0.002563,43680000,456960,225792,203112000.0,342720.0,293529.6
mobile_netv3,333,/net/features/13/block/0/0/Conv_output_0_scale,[],float32,0,4,4e-06,65000,680,336,302250.0,510.0,436.79999999999995
mobile_netv3,334,/net/features/13/block/0/0/Conv_output_0_zero_point,[],uint16,0,2,2e-06,32500,340,168,151125.0,255.0,218.39999999999998
mobile_netv3,335,/net/features/13/block/0/2/HardSwish_output_0_scale,[],float32,0,4,4e-06,65000,680,336,302250.0,510.0,436.79999999999995
mobile_netv3,336,/net/features/13/block/0/2/HardSwish_output_0_zero_point,[],uint16,0,2,2e-06,32500,340,168,151125.0,255.0,218.39999999999998
mobile_netv3,337,onnx::Conv_570,[672],float32,672,2688,0.002563,43680000,456960,225792,203112000.0,342720.0,293529.6
mobile_netv3,338,/net/features/13/block/1/0/Conv_output_0_scale,[],float32,0,4,4e-06,65000,680,336,302250.0,510.0,436.79999999999995
mobile_netv3,339,/net/features/13/block/1/0/Conv_output_0_zero_point,[],uint16,0,2,2e-06,32500,340,168,151125.0,255.0,218.39999999999998
mobile_netv3,340,/net/features/13/block/1/2/HardSwish_output_0_scale,[],float32,0,4,4e-06,65000,680,336,302250.0,510.0,436.79999999999995
mobile_netv3,341,/net/features/13/block/1/2/HardSwish_output_0_zero_point,[],uint16,0,2,2e-06,32500,340,168,151125.0,255.0,218.39999999999998
mobile_netv3,342,/net/features/13/block/2/avgpool/GlobalAveragePool_output_0_scale,[],float32,0,4,4e-06,65000,680,336,302250.0,510.0,436.79999999999995
mobile_netv3,343,/net/features/13/block/2/avgpool/GlobalAveragePool_output_0_zero_point,[],uint16,0,2,2e-06,32500,340,168,151125.0,255.0,218.39999999999998
mobile_netv3,344,net.features.13.block.2.fc1.bias,[168],float32,168,672,0.000641,10920000,114240,56448,50778000.0,85680.0,73382.4
mobile_netv3,345,/net/features/13/block/2/activation/Relu_output_0_scale,[],float32,0,4,4e-06,65000,680,336,302250.0,510.0,436.79999999999995
mobile_netv3,346,net.features.13.block.2.fc2.bias,[672],float32,672,2688,0.002563,43680000,456960,225792,203112000.0,342720.0,293529.6
mobile_netv3,347,/net/features/13/block/2/fc2/Conv_output_0_scale,[],float32,0,4,4e-06,65000,680,336,302250.0,510.0,436.79999999999995
mobile_netv3,348,/net/features/13/block/2/fc2/Conv_output_0_zero_point,[],uint16,0,2,2e-06,32500,340,168,151125.0,255.0,218.39999999999998
mobile_netv3,349,/net/features/13/block/2/Mul_output_0_scale,[],float32,0,4,4e-06,65000,680,336,302250.0,510.0,436.79999999999995
mobile_netv3,350,/net/features/13/block/2/Mul_output_0_zero_point,[],uint16,0,2,2e-06,32500,340,168,151125.0,255.0,218.39999999999998
mobile_netv3,351,onnx::Conv_573,[160],float32,160,640,0.00061,10400000,108800,53760,48360000.0,81600.0,69888.0
mobile_netv3,352,/net/features/13/block/3/0/Conv_output_0_scale,[],float32,0,4,4e-06,65000,680,336,302250.0,510.0,436.79999999999995
mobile_netv3,353,/net/features/13/block/3/0/Conv_output_0_zero_point,[],uint16,0,2,2e-06,32500,340,168,151125.0,255.0,218.39999999999998
mobile_netv3,354,onnx::Conv_576,[960],float32,960,3840,0.003662,62400000,652800,322560,290160000.0,489600.0,419327.99999999994
mobile_netv3,355,/net/features/14/block/0/0/Conv_output_0_scale,[],float32,0,4,4e-06,65000,680,336,302250.0,510.0,436.79999999999995
mobile_netv3,356,/net/features/14/block/0/0/Conv_output_0_zero_point,[],uint16,0,2,2e-06,32500,340,168,151125.0,255.0,218.39999999999998
mobile_netv3,357,/net/features/14/block/0/2/HardSwish_output_0_scale,[],float32,0,4,4e-06,65000,680,336,302250.0,510.0,436.79999999999995
mobile_netv3,358,/net/features/14/block/0/2/HardSwish_output_0_zero_point,[],uint16,0,2,2e-06,32500,340,168,151125.0,255.0,218.39999999999998
mobile_netv3,359,onnx::Conv_579,[960],float32,960,3840,0.003662,62400000,652800,322560,290160000.0,489600.0,419327.99999999994
mobile_netv3,360,/net/features/14/block/1/0/Conv_output_0_scale,[],float32,0,4,4e-06,65000,680,336,302250.0,510.0,436.79999999999995
mobile_netv3,361,/net/features/14/block/1/0/Conv_output_0_zero_point,[],uint16,0,2,2e-06,32500,340,168,151125.0,255.0,218.39999999999998
mobile_netv3,362,/net/features/14/block/1/2/HardSwish_output_0_scale,[],float32,0,4,4e-06,65000,680,336,302250.0,510.0,436.79999999999995
mobile_netv3,363,/net/features/14/block/1/2/HardSwish_output_0_zero_point,[],uint16,0,2,2e-06,32500,340,168,151125.0,255.0,218.39999999999998
mobile_netv3,364,/net/features/14/block/2/avgpool/GlobalAveragePool_output_0_scale,[],float32,0,4,4e-06,65000,680,336,302250.0,510.0,436.79999999999995
mobile_netv3,365,/net/features/14/block/2/avgpool/GlobalAveragePool_output_0_zero_point,[],uint16,0,2,2e-06,32500,340,168,151125.0,255.0,218.39999999999998
mobile_netv3,366,net.features.14.block.2.fc1.bias,[240],float32,240,960,0.000916,15600000,163200,80640,72540000.0,122400.0,104831.99999999999
mobile_netv3,367,/net/features/14/block/2/activation/Relu_output_0_scale,[],float32,0,4,4e-06,65000,680,336,302250.0,510.0,436.79999999999995
mobile_netv3,368,net.features.14.block.2.fc2.bias,[960],float32,960,3840,0.003662,62400000,652800,322560,290160000.0,489600.0,419327.99999999994
mobile_netv3,369,/net/features/14/block/2/fc2/Conv_output_0_scale,[],float32,0,4,4e-06,65000,680,336,302250.0,510.0,436.79999999999995
mobile_netv3,370,/net/features/14/block/2/fc2/Conv_output_0_zero_point,[],uint16,0,2,2e-06,32500,340,168,151125.0,255.0,218.39999999999998
mobile_netv3,371,/net/features/14/block/2/Mul_output_0_scale,[],float32,0,4,4e-06,65000,680,336,302250.0,510.0,436.79999999999995
mobile_netv3,372,/net/features/14/block/2/Mul_output_0_zero_point,[],uint16,0,2,2e-06,32500,340,168,151125.0,255.0,218.39999999999998
mobile_netv3,373,onnx::Conv_582,[160],float32,160,640,0.00061,10400000,108800,53760,48360000.0,81600.0,69888.0
mobile_netv3,374,/net/features/14/block/3/0/Conv_output_0_scale,[],float32,0,4,4e-06,65000,680,336,302250.0,510.0,436.79999999999995
mobile_netv3,375,/net/features/14/block/3/0/Conv_output_0_zero_point,[],uint16,0,2,2e-06,32500,340,168,151125.0,255.0,218.39999999999998
mobile_netv3,376,/net/features/14/Add_output_0_scale,[],float32,0,4,4e-06,65000,680,336,302250.0,510.0,436.79999999999995
mobile_netv3,377,/net/features/14/Add_output_0_zero_point,[],uint16,0,2,2e-06,32500,340,168,151125.0,255.0,218.39999999999998
mobile_netv3,378,onnx::Conv_585,[960],float32,960,3840,0.003662,62400000,652800,322560,290160000.0,489600.0,419327.99999999994
mobile_netv3,379,/net/features/15/block/0/0/Conv_output_0_scale,[],float32,0,4,4e-06,65000,680,336,302250.0,510.0,436.79999999999995
mobile_netv3,380,/net/features/15/block/0/0/Conv_output_0_zero_point,[],uint16,0,2,2e-06,32500,340,168,151125.0,255.0,218.39999999999998
mobile_netv3,381,/net/features/15/block/0/2/HardSwish_output_0_scale,[],float32,0,4,4e-06,65000,680,336,302250.0,510.0,436.79999999999995
mobile_netv3,382,/net/features/15/block/0/2/HardSwish_output_0_zero_point,[],uint16,0,2,2e-06,32500,340,168,151125.0,255.0,218.39999999999998
mobile_netv3,383,onnx::Conv_588,[960],float32,960,3840,0.003662,62400000,652800,322560,290160000.0,489600.0,419327.99999999994
mobile_netv3,384,/net/features/15/block/1/0/Conv_output_0_scale,[],float32,0,4,4e-06,65000,680,336,302250.0,510.0,436.79999999999995
mobile_netv3,385,/net/features/15/block/1/0/Conv_output_0_zero_point,[],uint16,0,2,2e-06,32500,340,168,151125.0,255.0,218.39999999999998
mobile_netv3,386,/net/features/15/block/1/2/HardSwish_output_0_scale,[],float32,0,4,4e-06,65000,680,336,302250.0,510.0,436.79999999999995
mobile_netv3,387,/net/features/15/block/1/2/HardSwish_output_0_zero_point,[],uint16,0,2,2e-06,32500,340,168,151125.0,255.0,218.39999999999998
mobile_netv3,388,/net/features/15/block/2/avgpool/GlobalAveragePool_output_0_scale,[],float32,0,4,4e-06,65000,680,336,302250.0,510.0,436.79999999999995
mobile_netv3,389,/net/features/15/block/2/avgpool/GlobalAveragePool_output_0_zero_point,[],uint16,0,2,2e-06,32500,340,168,151125.0,255.0,218.39999999999998
mobile_netv3,390,net.features.15.block.2.fc1.bias,[240],float32,240,960,0.000916,15600000,163200,80640,72540000.0,122400.0,104831.99999999999
mobile_netv3,391,/net/features/15/block/2/activation/Relu_output_0_scale,[],float32,0,4,4e-06,65000,680,336,302250.0,510.0,436.79999999999995
mobile_netv3,392,net.features.15.block.2.fc2.bias,[960],float32,960,3840,0.003662,62400000,652800,322560,290160000.0,489600.0,419327.99999999994
mobile_netv3,393,/net/features/15/block/2/fc2/Conv_output_0_scale,[],float32,0,4,4e-06,65000,680,336,302250.0,510.0,436.79999999999995
mobile_netv3,394,/net/features/15/block/2/fc2/Conv_output_0_zero_point,[],uint16,0,2,2e-06,32500,340,168,151125.0,255.0,218.39999999999998
mobile_netv3,395,/net/features/15/block/2/Mul_output_0_scale,[],float32,0,4,4e-06,65000,680,336,302250.0,510.0,436.79999999999995
mobile_netv3,396,/net/features/15/block/2/Mul_output_0_zero_point,[],uint16,0,2,2e-06,32500,340,168,151125.0,255.0,218.39999999999998
mobile_netv3,397,onnx::Conv_591,[160],float32,160,640,0.00061,10400000,108800,53760,48360000.0,81600.0,69888.0
mobile_netv3,398,/net/features/15/block/3/0/Conv_output_0_scale,[],float32,0,4,4e-06,65000,680,336,302250.0,510.0,436.79999999999995
mobile_netv3,399,/net/features/15/block/3/0/Conv_output_0_zero_point,[],uint16,0,2,2e-06,32500,340,168,151125.0,255.0,218.39999999999998
mobile_netv3,400,/net/features/15/Add_output_0_scale,[],float32,0,4,4e-06,65000,680,336,302250.0,510.0,436.79999999999995
mobile_netv3,401,/net/features/15/Add_output_0_zero_point,[],uint16,0,2,2e-06,32500,340,168,151125.0,255.0,218.39999999999998
mobile_netv3,402,onnx::Conv_594,[960],float32,960,3840,0.003662,62400000,652800,322560,290160000.0,489600.0,419327.99999999994
mobile_netv3,403,/net/features/16/0/Conv_output_0_scale,[],float32,0,4,4e-06,65000,680,336,302250.0,510.0,436.79999999999995
mobile_netv3,404,/net/features/16/0/Conv_output_0_zero_point,[],uint16,0,2,2e-06,32500,340,168,151125.0,255.0,218.39999999999998
mobile_netv3,405,/net/features/16/2/HardSwish_output_0_scale,[],float32,0,4,4e-06,65000,680,336,302250.0,510.0,436.79999999999995
mobile_netv3,406,/net/features/16/2/HardSwish_output_0_zero_point,[],uint16,0,2,2e-06,32500,340,168,151125.0,255.0,218.39999999999998
mobile_netv3,407,/net/avgpool/GlobalAveragePool_output_0_scale,[],float32,0,4,4e-06,65000,680,336,302250.0,510.0,436.79999999999995
mobile_netv3,408,/net/avgpool/GlobalAveragePool_output_0_zero_point,[],uint16,0,2,2e-06,32500,340,168,151125.0,255.0,218.39999999999998
mobile_netv3,409,net.classifier.0.bias,[1280],float32,1280,5120,0.004883,83200000,870400,430080,386880000.0,652800.0,559104.0
mobile_netv3,410,/net/classifier/0/Gemm_output_0_scale,[],float32,0,4,4e-06,65000,680,336,302250.0,510.0,436.79999999999995
mobile_netv3,411,/net/classifier/0/Gemm_output_0_zero_point,[],uint16,0,2,2e-06,32500,340,168,151125.0,255.0,218.39999999999998
mobile_netv3,412,/net/classifier/1/HardSwish_output_0_scale,[],float32,0,4,4e-06,65000,680,336,302250.0,510.0,436.79999999999995
mobile_netv3,413,/net/classifier/1/HardSwish_output_0_zero_point,[],uint16,0,2,2e-06,32500,340,168,151125.0,255.0,218.39999999999998
mobile_netv3,414,net.classifier.3.bias,[1000],float32,1000,4000,0.003815,65000000,680000,336000,302250000.0,510000.0,436799.99999999994
mobile_netv3,415,class_logits_scale,[],float32,0,4,4e-06,65000,680,336,302250.0,510.0,436.79999999999995
mobile_netv3,416,class_logits_zero_point,[],uint16,0,2,2e-06,32500,340,168,151125.0,255.0,218.39999999999998
mobile_netv3,417,image_tensor,"[1, 3, 224, 224]",uint16,150528,301056,0.287109,4892160000,51179520,25288704,22748544000.0,38384640.0,32875315.199999996
mobile_netv3,418,class_logits,"[1, 1000]",uint16,1000,2000,0.001907,32500000,340000,168000,151125000.0,255000.0,218399.99999999997

mobile_netv3 - TOTAL,,TOTAL,,,5643270,22259803,21.23,361721798750,3784166510,1869823452,1682006364187.5,2838124882.5,2430770487.6

mobile_vit,0,net.mobilevit.encoder.layer.2.transformer.layer.0.layernorm_before.bias,[144],float32,144,576,0.000549,9360000,97920,48384,43524000.0,73440.0,62899.2
mobile_vit,1,net.mobilevit.encoder.layer.2.transformer.layer.0.layernorm_before.weight,[144],float32,144,576,0.000549,9360000,97920,48384,43524000.0,73440.0,62899.2
mobile_vit,2,net.mobilevit.encoder.layer.2.transformer.layer.0.attention.attention.query.bias,[144],float32,144,576,0.000549,9360000,97920,48384,43524000.0,73440.0,62899.2
mobile_vit,3,net.mobilevit.encoder.layer.2.transformer.layer.0.attention.attention.key.bias,[144],float32,144,576,0.000549,9360000,97920,48384,43524000.0,73440.0,62899.2
mobile_vit,4,net.mobilevit.encoder.layer.2.transformer.layer.0.attention.attention.value.bias,[144],float32,144,576,0.000549,9360000,97920,48384,43524000.0,73440.0,62899.2
mobile_vit,5,net.mobilevit.encoder.layer.2.transformer.layer.0.attention.output.dense.bias,[144],float32,144,576,0.000549,9360000,97920,48384,43524000.0,73440.0,62899.2
mobile_vit,6,net.mobilevit.encoder.layer.2.transformer.layer.0.layernorm_after.bias,[144],float32,144,576,0.000549,9360000,97920,48384,43524000.0,73440.0,62899.2
mobile_vit,7,net.mobilevit.encoder.layer.2.transformer.layer.0.layernorm_after.weight,[144],float32,144,576,0.000549,9360000,97920,48384,43524000.0,73440.0,62899.2
mobile_vit,8,net.mobilevit.encoder.layer.2.transformer.layer.0.output.dense.bias,[144],float32,144,576,0.000549,9360000,97920,48384,43524000.0,73440.0,62899.2
mobile_vit,9,net.mobilevit.encoder.layer.2.transformer.layer.1.layernorm_before.bias,[144],float32,144,576,0.000549,9360000,97920,48384,43524000.0,73440.0,62899.2
mobile_vit,10,net.mobilevit.encoder.layer.2.transformer.layer.1.layernorm_before.weight,[144],float32,144,576,0.000549,9360000,97920,48384,43524000.0,73440.0,62899.2
mobile_vit,11,net.mobilevit.encoder.layer.2.transformer.layer.1.attention.attention.query.bias,[144],float32,144,576,0.000549,9360000,97920,48384,43524000.0,73440.0,62899.2
mobile_vit,12,net.mobilevit.encoder.layer.2.transformer.layer.1.attention.attention.key.bias,[144],float32,144,576,0.000549,9360000,97920,48384,43524000.0,73440.0,62899.2
mobile_vit,13,net.mobilevit.encoder.layer.2.transformer.layer.1.attention.attention.value.bias,[144],float32,144,576,0.000549,9360000,97920,48384,43524000.0,73440.0,62899.2
mobile_vit,14,net.mobilevit.encoder.layer.2.transformer.layer.1.attention.output.dense.bias,[144],float32,144,576,0.000549,9360000,97920,48384,43524000.0,73440.0,62899.2
mobile_vit,15,net.mobilevit.encoder.layer.2.transformer.layer.1.layernorm_after.bias,[144],float32,144,576,0.000549,9360000,97920,48384,43524000.0,73440.0,62899.2
mobile_vit,16,net.mobilevit.encoder.layer.2.transformer.layer.1.layernorm_after.weight,[144],float32,144,576,0.000549,9360000,97920,48384,43524000.0,73440.0,62899.2
mobile_vit,17,net.mobilevit.encoder.layer.2.transformer.layer.1.output.dense.bias,[144],float32,144,576,0.000549,9360000,97920,48384,43524000.0,73440.0,62899.2
mobile_vit,18,net.mobilevit.encoder.layer.2.layernorm.bias,[144],float32,144,576,0.000549,9360000,97920,48384,43524000.0,73440.0,62899.2
mobile_vit,19,net.mobilevit.encoder.layer.2.layernorm.weight,[144],float32,144,576,0.000549,9360000,97920,48384,43524000.0,73440.0,62899.2
mobile_vit,20,net.mobilevit.encoder.layer.3.transformer.layer.0.layernorm_before.bias,[192],float32,192,768,0.000732,12480000,130560,64512,58032000.0,97920.0,83865.59999999999
mobile_vit,21,net.mobilevit.encoder.layer.3.transformer.layer.0.layernorm_before.weight,[192],float32,192,768,0.000732,12480000,130560,64512,58032000.0,97920.0,83865.59999999999
mobile_vit,22,net.mobilevit.encoder.layer.3.transformer.layer.0.attention.attention.query.bias,[192],float32,192,768,0.000732,12480000,130560,64512,58032000.0,97920.0,83865.59999999999
mobile_vit,23,net.mobilevit.encoder.layer.3.transformer.layer.0.attention.attention.key.bias,[192],float32,192,768,0.000732,12480000,130560,64512,58032000.0,97920.0,83865.59999999999
mobile_vit,24,net.mobilevit.encoder.layer.3.transformer.layer.0.attention.attention.value.bias,[192],float32,192,768,0.000732,12480000,130560,64512,58032000.0,97920.0,83865.59999999999
mobile_vit,25,net.mobilevit.encoder.layer.3.transformer.layer.0.attention.output.dense.bias,[192],float32,192,768,0.000732,12480000,130560,64512,58032000.0,97920.0,83865.59999999999
mobile_vit,26,net.mobilevit.encoder.layer.3.transformer.layer.0.layernorm_after.bias,[192],float32,192,768,0.000732,12480000,130560,64512,58032000.0,97920.0,83865.59999999999
mobile_vit,27,net.mobilevit.encoder.layer.3.transformer.layer.0.layernorm_after.weight,[192],float32,192,768,0.000732,12480000,130560,64512,58032000.0,97920.0,83865.59999999999
mobile_vit,28,net.mobilevit.encoder.layer.3.transformer.layer.0.output.dense.bias,[192],float32,192,768,0.000732,12480000,130560,64512,58032000.0,97920.0,83865.59999999999
mobile_vit,29,net.mobilevit.encoder.layer.3.transformer.layer.1.layernorm_before.bias,[192],float32,192,768,0.000732,12480000,130560,64512,58032000.0,97920.0,83865.59999999999
mobile_vit,30,net.mobilevit.encoder.layer.3.transformer.layer.1.layernorm_before.weight,[192],float32,192,768,0.000732,12480000,130560,64512,58032000.0,97920.0,83865.59999999999
mobile_vit,31,net.mobilevit.encoder.layer.3.transformer.layer.1.attention.attention.query.bias,[192],float32,192,768,0.000732,12480000,130560,64512,58032000.0,97920.0,83865.59999999999
mobile_vit,32,net.mobilevit.encoder.layer.3.transformer.layer.1.attention.attention.key.bias,[192],float32,192,768,0.000732,12480000,130560,64512,58032000.0,97920.0,83865.59999999999
mobile_vit,33,net.mobilevit.encoder.layer.3.transformer.layer.1.attention.attention.value.bias,[192],float32,192,768,0.000732,12480000,130560,64512,58032000.0,97920.0,83865.59999999999
mobile_vit,34,net.mobilevit.encoder.layer.3.transformer.layer.1.attention.output.dense.bias,[192],float32,192,768,0.000732,12480000,130560,64512,58032000.0,97920.0,83865.59999999999
mobile_vit,35,net.mobilevit.encoder.layer.3.transformer.layer.1.layernorm_after.bias,[192],float32,192,768,0.000732,12480000,130560,64512,58032000.0,97920.0,83865.59999999999
mobile_vit,36,net.mobilevit.encoder.layer.3.transformer.layer.1.layernorm_after.weight,[192],float32,192,768,0.000732,12480000,130560,64512,58032000.0,97920.0,83865.59999999999
mobile_vit,37,net.mobilevit.encoder.layer.3.transformer.layer.1.output.dense.bias,[192],float32,192,768,0.000732,12480000,130560,64512,58032000.0,97920.0,83865.59999999999
mobile_vit,38,net.mobilevit.encoder.layer.3.transformer.layer.2.layernorm_before.bias,[192],float32,192,768,0.000732,12480000,130560,64512,58032000.0,97920.0,83865.59999999999
mobile_vit,39,net.mobilevit.encoder.layer.3.transformer.layer.2.layernorm_before.weight,[192],float32,192,768,0.000732,12480000,130560,64512,58032000.0,97920.0,83865.59999999999
mobile_vit,40,net.mobilevit.encoder.layer.3.transformer.layer.2.attention.attention.query.bias,[192],float32,192,768,0.000732,12480000,130560,64512,58032000.0,97920.0,83865.59999999999
mobile_vit,41,net.mobilevit.encoder.layer.3.transformer.layer.2.attention.attention.key.bias,[192],float32,192,768,0.000732,12480000,130560,64512,58032000.0,97920.0,83865.59999999999
mobile_vit,42,net.mobilevit.encoder.layer.3.transformer.layer.2.attention.attention.value.bias,[192],float32,192,768,0.000732,12480000,130560,64512,58032000.0,97920.0,83865.59999999999
mobile_vit,43,net.mobilevit.encoder.layer.3.transformer.layer.2.attention.output.dense.bias,[192],float32,192,768,0.000732,12480000,130560,64512,58032000.0,97920.0,83865.59999999999
mobile_vit,44,net.mobilevit.encoder.layer.3.transformer.layer.2.layernorm_after.bias,[192],float32,192,768,0.000732,12480000,130560,64512,58032000.0,97920.0,83865.59999999999
mobile_vit,45,net.mobilevit.encoder.layer.3.transformer.layer.2.layernorm_after.weight,[192],float32,192,768,0.000732,12480000,130560,64512,58032000.0,97920.0,83865.59999999999
mobile_vit,46,net.mobilevit.encoder.layer.3.transformer.layer.2.output.dense.bias,[192],float32,192,768,0.000732,12480000,130560,64512,58032000.0,97920.0,83865.59999999999
mobile_vit,47,net.mobilevit.encoder.layer.3.transformer.layer.3.layernorm_before.bias,[192],float32,192,768,0.000732,12480000,130560,64512,58032000.0,97920.0,83865.59999999999
mobile_vit,48,net.mobilevit.encoder.layer.3.transformer.layer.3.layernorm_before.weight,[192],float32,192,768,0.000732,12480000,130560,64512,58032000.0,97920.0,83865.59999999999
mobile_vit,49,net.mobilevit.encoder.layer.3.transformer.layer.3.attention.attention.query.bias,[192],float32,192,768,0.000732,12480000,130560,64512,58032000.0,97920.0,83865.59999999999
mobile_vit,50,net.mobilevit.encoder.layer.3.transformer.layer.3.attention.attention.key.bias,[192],float32,192,768,0.000732,12480000,130560,64512,58032000.0,97920.0,83865.59999999999
mobile_vit,51,net.mobilevit.encoder.layer.3.transformer.layer.3.attention.attention.value.bias,[192],float32,192,768,0.000732,12480000,130560,64512,58032000.0,97920.0,83865.59999999999
mobile_vit,52,net.mobilevit.encoder.layer.3.transformer.layer.3.attention.output.dense.bias,[192],float32,192,768,0.000732,12480000,130560,64512,58032000.0,97920.0,83865.59999999999
mobile_vit,53,net.mobilevit.encoder.layer.3.transformer.layer.3.layernorm_after.bias,[192],float32,192,768,0.000732,12480000,130560,64512,58032000.0,97920.0,83865.59999999999
mobile_vit,54,net.mobilevit.encoder.layer.3.transformer.layer.3.layernorm_after.weight,[192],float32,192,768,0.000732,12480000,130560,64512,58032000.0,97920.0,83865.59999999999
mobile_vit,55,net.mobilevit.encoder.layer.3.transformer.layer.3.output.dense.bias,[192],float32,192,768,0.000732,12480000,130560,64512,58032000.0,97920.0,83865.59999999999
mobile_vit,56,net.mobilevit.encoder.layer.3.layernorm.bias,[192],float32,192,768,0.000732,12480000,130560,64512,58032000.0,97920.0,83865.59999999999
mobile_vit,57,net.mobilevit.encoder.layer.3.layernorm.weight,[192],float32,192,768,0.000732,12480000,130560,64512,58032000.0,97920.0,83865.59999999999
mobile_vit,58,net.mobilevit.encoder.layer.4.transformer.layer.0.layernorm_before.bias,[240],float32,240,960,0.000916,15600000,163200,80640,72540000.0,122400.0,104831.99999999999
mobile_vit,59,net.mobilevit.encoder.layer.4.transformer.layer.0.layernorm_before.weight,[240],float32,240,960,0.000916,15600000,163200,80640,72540000.0,122400.0,104831.99999999999
mobile_vit,60,net.mobilevit.encoder.layer.4.transformer.layer.0.attention.attention.query.bias,[240],float32,240,960,0.000916,15600000,163200,80640,72540000.0,122400.0,104831.99999999999
mobile_vit,61,net.mobilevit.encoder.layer.4.transformer.layer.0.attention.attention.key.bias,[240],float32,240,960,0.000916,15600000,163200,80640,72540000.0,122400.0,104831.99999999999
mobile_vit,62,net.mobilevit.encoder.layer.4.transformer.layer.0.attention.attention.value.bias,[240],float32,240,960,0.000916,15600000,163200,80640,72540000.0,122400.0,104831.99999999999
mobile_vit,63,net.mobilevit.encoder.layer.4.transformer.layer.0.attention.output.dense.bias,[240],float32,240,960,0.000916,15600000,163200,80640,72540000.0,122400.0,104831.99999999999
mobile_vit,64,net.mobilevit.encoder.layer.4.transformer.layer.0.layernorm_after.bias,[240],float32,240,960,0.000916,15600000,163200,80640,72540000.0,122400.0,104831.99999999999
mobile_vit,65,net.mobilevit.encoder.layer.4.transformer.layer.0.layernorm_after.weight,[240],float32,240,960,0.000916,15600000,163200,80640,72540000.0,122400.0,104831.99999999999
mobile_vit,66,net.mobilevit.encoder.layer.4.transformer.layer.0.output.dense.bias,[240],float32,240,960,0.000916,15600000,163200,80640,72540000.0,122400.0,104831.99999999999
mobile_vit,67,net.mobilevit.encoder.layer.4.transformer.layer.1.layernorm_before.bias,[240],float32,240,960,0.000916,15600000,163200,80640,72540000.0,122400.0,104831.99999999999
mobile_vit,68,net.mobilevit.encoder.layer.4.transformer.layer.1.layernorm_before.weight,[240],float32,240,960,0.000916,15600000,163200,80640,72540000.0,122400.0,104831.99999999999
mobile_vit,69,net.mobilevit.encoder.layer.4.transformer.layer.1.attention.attention.query.bias,[240],float32,240,960,0.000916,15600000,163200,80640,72540000.0,122400.0,104831.99999999999
mobile_vit,70,net.mobilevit.encoder.layer.4.transformer.layer.1.attention.attention.key.bias,[240],float32,240,960,0.000916,15600000,163200,80640,72540000.0,122400.0,104831.99999999999
mobile_vit,71,net.mobilevit.encoder.layer.4.transformer.layer.1.attention.attention.value.bias,[240],float32,240,960,0.000916,15600000,163200,80640,72540000.0,122400.0,104831.99999999999
mobile_vit,72,net.mobilevit.encoder.layer.4.transformer.layer.1.attention.output.dense.bias,[240],float32,240,960,0.000916,15600000,163200,80640,72540000.0,122400.0,104831.99999999999
mobile_vit,73,net.mobilevit.encoder.layer.4.transformer.layer.1.layernorm_after.bias,[240],float32,240,960,0.000916,15600000,163200,80640,72540000.0,122400.0,104831.99999999999
mobile_vit,74,net.mobilevit.encoder.layer.4.transformer.layer.1.layernorm_after.weight,[240],float32,240,960,0.000916,15600000,163200,80640,72540000.0,122400.0,104831.99999999999
mobile_vit,75,net.mobilevit.encoder.layer.4.transformer.layer.1.output.dense.bias,[240],float32,240,960,0.000916,15600000,163200,80640,72540000.0,122400.0,104831.99999999999
mobile_vit,76,net.mobilevit.encoder.layer.4.transformer.layer.2.layernorm_before.bias,[240],float32,240,960,0.000916,15600000,163200,80640,72540000.0,122400.0,104831.99999999999
mobile_vit,77,net.mobilevit.encoder.layer.4.transformer.layer.2.layernorm_before.weight,[240],float32,240,960,0.000916,15600000,163200,80640,72540000.0,122400.0,104831.99999999999
mobile_vit,78,net.mobilevit.encoder.layer.4.transformer.layer.2.attention.attention.query.bias,[240],float32,240,960,0.000916,15600000,163200,80640,72540000.0,122400.0,104831.99999999999
mobile_vit,79,net.mobilevit.encoder.layer.4.transformer.layer.2.attention.attention.key.bias,[240],float32,240,960,0.000916,15600000,163200,80640,72540000.0,122400.0,104831.99999999999
mobile_vit,80,net.mobilevit.encoder.layer.4.transformer.layer.2.attention.attention.value.bias,[240],float32,240,960,0.000916,15600000,163200,80640,72540000.0,122400.0,104831.99999999999
mobile_vit,81,net.mobilevit.encoder.layer.4.transformer.layer.2.attention.output.dense.bias,[240],float32,240,960,0.000916,15600000,163200,80640,72540000.0,122400.0,104831.99999999999
mobile_vit,82,net.mobilevit.encoder.layer.4.transformer.layer.2.layernorm_after.bias,[240],float32,240,960,0.000916,15600000,163200,80640,72540000.0,122400.0,104831.99999999999
mobile_vit,83,net.mobilevit.encoder.layer.4.transformer.layer.2.layernorm_after.weight,[240],float32,240,960,0.000916,15600000,163200,80640,72540000.0,122400.0,104831.99999999999
mobile_vit,84,net.mobilevit.encoder.layer.4.transformer.layer.2.output.dense.bias,[240],float32,240,960,0.000916,15600000,163200,80640,72540000.0,122400.0,104831.99999999999
mobile_vit,85,net.mobilevit.encoder.layer.4.layernorm.bias,[240],float32,240,960,0.000916,15600000,163200,80640,72540000.0,122400.0,104831.99999999999
mobile_vit,86,net.mobilevit.encoder.layer.4.layernorm.weight,[240],float32,240,960,0.000916,15600000,163200,80640,72540000.0,122400.0,104831.99999999999
mobile_vit,87,onnx::Conv_1445,[16],float32,16,64,6.1e-05,1040000,10880,5376,4836000.0,8160.0,6988.799999999999
mobile_vit,88,onnx::Conv_1448,[64],float32,64,256,0.000244,4160000,43520,21504,19344000.0,32640.0,27955.199999999997
mobile_vit,89,onnx::Conv_1451,[64],float32,64,256,0.000244,4160000,43520,21504,19344000.0,32640.0,27955.199999999997
mobile_vit,90,onnx::Conv_1454,[32],float32,32,128,0.000122,2080000,21760,10752,9672000.0,16320.0,13977.599999999999
mobile_vit,91,onnx::Conv_1457,[128],float32,128,512,0.000488,8320000,87040,43008,38688000.0,65280.0,55910.399999999994
mobile_vit,92,onnx::Conv_1460,[128],float32,128,512,0.000488,8320000,87040,43008,38688000.0,65280.0,55910.399999999994
mobile_vit,93,onnx::Conv_1463,[64],float32,64,256,0.000244,4160000,43520,21504,19344000.0,32640.0,27955.199999999997
mobile_vit,94,onnx::Conv_1472,[64],float32,64,256,0.000244,4160000,43520,21504,19344000.0,32640.0,27955.199999999997
mobile_vit,95,onnx::Conv_1481,[64],float32,64,256,0.000244,4160000,43520,21504,19344000.0,32640.0,27955.199999999997
mobile_vit,96,onnx::Conv_1490,[96],float32,96,384,0.000366,6240000,65280,32256,29016000.0,48960.0,41932.799999999996
mobile_vit,97,onnx::Conv_1493,[96],float32,96,384,0.000366,6240000,65280,32256,29016000.0,48960.0,41932.799999999996
mobile_vit,98,onnx::Conv_1496,[96],float32,96,384,0.000366,6240000,65280,32256,29016000.0,48960.0,41932.799999999996
mobile_vit,99,onnx::Conv_1499,[96],float32,96,384,0.000366,6240000,65280,32256,29016000.0,48960.0,41932.799999999996
mobile_vit,100,onnx::Conv_1508,[128],float32,128,512,0.000488,8320000,87040,43008,38688000.0,65280.0,55910.399999999994
mobile_vit,101,onnx::Conv_1511,[128],float32,128,512,0.000488,8320000,87040,43008,38688000.0,65280.0,55910.399999999994
mobile_vit,102,onnx::Conv_1514,[128],float32,128,512,0.000488,8320000,87040,43008,38688000.0,65280.0,55910.399999999994
mobile_vit,103,onnx::Conv_1517,[128],float32,128,512,0.000488,8320000,87040,43008,38688000.0,65280.0,55910.399999999994
mobile_vit,104,onnx::Conv_1526,[160],float32,160,640,0.00061,10400000,108800,53760,48360000.0,81600.0,69888.0
mobile_vit,105,onnx::Conv_1529,[160],float32,160,640,0.00061,10400000,108800,53760,48360000.0,81600.0,69888.0
mobile_vit,106,onnx::Conv_1532,[160],float32,160,640,0.00061,10400000,108800,53760,48360000.0,81600.0,69888.0
mobile_vit,107,onnx::Conv_1535,[160],float32,160,640,0.00061,10400000,108800,53760,48360000.0,81600.0,69888.0
mobile_vit,108,/net/mobilevit/encoder/2/Concat_output_0,[4],int64,4,32,3.1e-05,520000,5440,2688,2418000.0,4080.0,3494.3999999999996
mobile_vit,109,/net/mobilevit/encoder/2/Concat_1_output_0,[4],int64,4,32,3.1e-05,520000,5440,2688,2418000.0,4080.0,3494.3999999999996
mobile_vit,110,/net/mobilevit/encoder/2/Concat_2_output_0,[3],int64,3,24,2.3e-05,390000,4080,2016,1813500.0,3060.0,2620.7999999999997
mobile_vit,111,/net/mobilevit/encoder/2/transformer/0/attention/attention/Concat_output_0,[4],int64,4,32,3.1e-05,520000,5440,2688,2418000.0,4080.0,3494.3999999999996
mobile_vit,112,/net/mobilevit/encoder/2/transformer/0/attention/attention/Constant_10_output_0,[],float32,0,4,4e-06,65000,680,336,302250.0,510.0,436.79999999999995
mobile_vit,113,/net/mobilevit/encoder/2/transformer/0/attention/attention/Concat_3_output_0,[3],int64,3,24,2.3e-05,390000,4080,2016,1813500.0,3060.0,2620.7999999999997
mobile_vit,114,/net/mobilevit/encoder/2/Concat_3_output_0,[4],int64,4,32,3.1e-05,520000,5440,2688,2418000.0,4080.0,3494.3999999999996
mobile_vit,115,/net/mobilevit/encoder/2/Concat_4_output_0,[4],int64,4,32,3.1e-05,520000,5440,2688,2418000.0,4080.0,3494.3999999999996
mobile_vit,116,/net/mobilevit/encoder/2/Concat_5_output_0,[4],int64,4,32,3.1e-05,520000,5440,2688,2418000.0,4080.0,3494.3999999999996
mobile_vit,117,/net/mobilevit/encoder/3/Concat_output_0,[4],int64,4,32,3.1e-05,520000,5440,2688,2418000.0,4080.0,3494.3999999999996
mobile_vit,118,/net/mobilevit/encoder/3/Concat_1_output_0,[4],int64,4,32,3.1e-05,520000,5440,2688,2418000.0,4080.0,3494.3999999999996
mobile_vit,119,/net/mobilevit/encoder/3/Concat_2_output_0,[3],int64,3,24,2.3e-05,390000,4080,2016,1813500.0,3060.0,2620.7999999999997
mobile_vit,120,/net/mobilevit/encoder/3/transformer/0/attention/attention/Concat_output_0,[4],int64,4,32,3.1e-05,520000,5440,2688,2418000.0,4080.0,3494.3999999999996
mobile_vit,121,/net/mobilevit/encoder/3/transformer/0/attention/attention/Constant_10_output_0,[],float32,0,4,4e-06,65000,680,336,302250.0,510.0,436.79999999999995
mobile_vit,122,/net/mobilevit/encoder/3/transformer/0/attention/attention/Concat_3_output_0,[3],int64,3,24,2.3e-05,390000,4080,2016,1813500.0,3060.0,2620.7999999999997
mobile_vit,123,/net/mobilevit/encoder/3/Concat_3_output_0,[4],int64,4,32,3.1e-05,520000,5440,2688,2418000.0,4080.0,3494.3999999999996
mobile_vit,124,/net/mobilevit/encoder/3/Concat_4_output_0,[4],int64,4,32,3.1e-05,520000,5440,2688,2418000.0,4080.0,3494.3999999999996
mobile_vit,125,/net/mobilevit/encoder/3/Concat_5_output_0,[4],int64,4,32,3.1e-05,520000,5440,2688,2418000.0,4080.0,3494.3999999999996
mobile_vit,126,/net/mobilevit/encoder/4/Concat_output_0,[4],int64,4,32,3.1e-05,520000,5440,2688,2418000.0,4080.0,3494.3999999999996
mobile_vit,127,/net/mobilevit/encoder/4/Concat_1_output_0,[4],int64,4,32,3.1e-05,520000,5440,2688,2418000.0,4080.0,3494.3999999999996
mobile_vit,128,/net/mobilevit/encoder/4/Concat_2_output_0,[3],int64,3,24,2.3e-05,390000,4080,2016,1813500.0,3060.0,2620.7999999999997
mobile_vit,129,/net/mobilevit/encoder/4/transformer/0/attention/attention/Concat_output_0,[4],int64,4,32,3.1e-05,520000,5440,2688,2418000.0,4080.0,3494.3999999999996
mobile_vit,130,/net/mobilevit/encoder/4/transformer/0/attention/attention/Constant_10_output_0,[],float32,0,4,4e-06,65000,680,336,302250.0,510.0,436.79999999999995
mobile_vit,131,/net/mobilevit/encoder/4/transformer/0/attention/attention/Concat_3_output_0,[3],int64,3,24,2.3e-05,390000,4080,2016,1813500.0,3060.0,2620.7999999999997
mobile_vit,132,/net/mobilevit/encoder/4/Concat_3_output_0,[4],int64,4,32,3.1e-05,520000,5440,2688,2418000.0,4080.0,3494.3999999999996
mobile_vit,133,/net/mobilevit/encoder/4/Concat_4_output_0,[4],int64,4,32,3.1e-05,520000,5440,2688,2418000.0,4080.0,3494.3999999999996
mobile_vit,134,/net/mobilevit/encoder/4/Concat_5_output_0,[4],int64,4,32,3.1e-05,520000,5440,2688,2418000.0,4080.0,3494.3999999999996
mobile_vit,135,/net/mobilevit/Constant_output_0,[2],int64,2,16,1.5e-05,260000,2720,1344,1209000.0,2040.0,1747.1999999999998
mobile_vit,136,_v_650,[3],int64,3,24,2.3e-05,390000,4080,2016,1813500.0,3060.0,2620.7999999999997
mobile_vit,137,_v_664,[3],int64,3,24,2.3e-05,390000,4080,2016,1813500.0,3060.0,2620.7999999999997
mobile_vit,138,_v_692,[3],int64,3,24,2.3e-05,390000,4080,2016,1813500.0,3060.0,2620.7999999999997
mobile_vit,139,net.mobilevit.encoder.layer.2.conv_1x1.convolution.weight,"[144, 96, 1, 1]",float32,13824,55296,0.052734,898560000,9400320,4644864,4178304000.0,7050240.0,6038323.199999999
mobile_vit,140,net.mobilevit.encoder.layer.2.transformer.layer.0.intermediate.dense.bias,[288],float32,288,1152,0.001099,18720000,195840,96768,87048000.0,146880.0,125798.4
mobile_vit,141,net.mobilevit.encoder.layer.2.transformer.layer.1.intermediate.dense.bias,[288],float32,288,1152,0.001099,18720000,195840,96768,87048000.0,146880.0,125798.4
mobile_vit,142,net.mobilevit.encoder.layer.3.conv_1x1.convolution.weight,"[192, 128, 1, 1]",float32,24576,98304,0.09375,1597440000,16711680,8257536,7428096000.0,12533760.0,10734796.799999999
mobile_vit,143,net.mobilevit.encoder.layer.3.transformer.layer.0.intermediate.dense.bias,[384],float32,384,1536,0.001465,24960000,261120,129024,116064000.0,195840.0,167731.19999999998
mobile_vit,144,net.mobilevit.encoder.layer.3.transformer.layer.1.intermediate.dense.bias,[384],float32,384,1536,0.001465,24960000,261120,129024,116064000.0,195840.0,167731.19999999998
mobile_vit,145,net.mobilevit.encoder.layer.3.transformer.layer.2.intermediate.dense.bias,[384],float32,384,1536,0.001465,24960000,261120,129024,116064000.0,195840.0,167731.19999999998
mobile_vit,146,net.mobilevit.encoder.layer.3.transformer.layer.3.intermediate.dense.bias,[384],float32,384,1536,0.001465,24960000,261120,129024,116064000.0,195840.0,167731.19999999998
mobile_vit,147,net.mobilevit.encoder.layer.4.conv_1x1.convolution.weight,"[240, 160, 1, 1]",float32,38400,153600,0.146484,2496000000,26112000,12902400,11606400000.0,19584000.0,16773119.999999998
mobile_vit,148,net.mobilevit.encoder.layer.4.transformer.layer.0.intermediate.dense.bias,[480],float32,480,1920,0.001831,31200000,326400,161280,145080000.0,244800.0,209663.99999999997
mobile_vit,149,net.mobilevit.encoder.layer.4.transformer.layer.1.intermediate.dense.bias,[480],float32,480,1920,0.001831,31200000,326400,161280,145080000.0,244800.0,209663.99999999997
mobile_vit,150,net.mobilevit.encoder.layer.4.transformer.layer.2.intermediate.dense.bias,[480],float32,480,1920,0.001831,31200000,326400,161280,145080000.0,244800.0,209663.99999999997
mobile_vit,151,net.classifier.bias,[1000],float32,1000,4000,0.003815,65000000,680000,336000,302250000.0,510000.0,436799.99999999994
mobile_vit,152,net.classifier.weight,"[1000, 640]",float32,640000,2560000,2.441406,41600000000,435200000,215040000,193440000000.0,326400000.0,279552000.0
mobile_vit,153,onnx::Conv_1444,"[16, 3, 3, 3]",float32,432,1728,0.001648,28080000,293760,145152,130572000.0,220320.0,188697.59999999998
mobile_vit,154,onnx::Conv_1447,"[64, 16, 1, 1]",float32,1024,4096,0.003906,66560000,696320,344064,309504000.0,522240.0,447283.19999999995
mobile_vit,155,onnx::Conv_1450,"[64, 1, 3, 3]",float32,576,2304,0.002197,37440000,391680,193536,174096000.0,293760.0,251596.8
mobile_vit,156,onnx::Conv_1453,"[32, 64, 1, 1]",float32,2048,8192,0.007812,133120000,1392640,688128,619008000.0,1044480.0,894566.3999999999
mobile_vit,157,onnx::Conv_1456,"[128, 32, 1, 1]",float32,4096,16384,0.015625,266240000,2785280,1376256,1238016000.0,2088960.0,1789132.7999999998
mobile_vit,158,onnx::Conv_1459,"[128, 1, 3, 3]",float32,1152,4608,0.004395,74880000,783360,387072,348192000.0,587520.0,503193.6
mobile_vit,159,onnx::Conv_1462,"[64, 128, 1, 1]",float32,8192,32768,0.03125,532480000,5570560,2752512,2476032000.0,4177920.0,3578265.5999999996
mobile_vit,160,onnx::Conv_1465,"[256, 64, 1, 1]",float32,16384,65536,0.0625,1064960000,11141120,5505024,4952064000.0,8355840.0,7156531.199999999
mobile_vit,161,onnx::Conv_1466,[256],float32,256,1024,0.000977,16640000,174080,86016,77376000.0,130560.0,111820.79999999999
mobile_vit,162,onnx::Conv_1468,"[256, 1, 3, 3]",float32,2304,9216,0.008789,149760000,1566720,774144,696384000.0,1175040.0,1006387.2
mobile_vit,163,onnx::Conv_1469,[256],float32,256,1024,0.000977,16640000,174080,86016,77376000.0,130560.0,111820.79999999999
mobile_vit,164,onnx::Conv_1471,"[64, 256, 1, 1]",float32,16384,65536,0.0625,1064960000,11141120,5505024,4952064000.0,8355840.0,7156531.199999999
mobile_vit,165,onnx::Conv_1474,"[256, 64, 1, 1]",float32,16384,65536,0.0625,1064960000,11141120,5505024,4952064000.0,8355840.0,7156531.199999999
mobile_vit,166,onnx::Conv_1475,[256],float32,256,1024,0.000977,16640000,174080,86016,77376000.0,130560.0,111820.79999999999
mobile_vit,167,onnx::Conv_1477,"[256, 1, 3, 3]",float32,2304,9216,0.008789,149760000,1566720,774144,696384000.0,1175040.0,1006387.2
mobile_vit,168,onnx::Conv_1478,[256],float32,256,1024,0.000977,16640000,174080,86016,77376000.0,130560.0,111820.79999999999
mobile_vit,169,onnx::Conv_1480,"[64, 256, 1, 1]",float32,16384,65536,0.0625,1064960000,11141120,5505024,4952064000.0,8355840.0,7156531.199999999
mobile_vit,170,onnx::Conv_1483,"[256, 64, 1, 1]",float32,16384,65536,0.0625,1064960000,11141120,5505024,4952064000.0,8355840.0,7156531.199999999
mobile_vit,171,onnx::Conv_1484,[256],float32,256,1024,0.000977,16640000,174080,86016,77376000.0,130560.0,111820.79999999999
mobile_vit,172,onnx::Conv_1486,"[256, 1, 3, 3]",float32,2304,9216,0.008789,149760000,1566720,774144,696384000.0,1175040.0,1006387.2
mobile_vit,173,onnx::Conv_1487,[256],float32,256,1024,0.000977,16640000,174080,86016,77376000.0,130560.0,111820.79999999999
mobile_vit,174,onnx::Conv_1489,"[96, 256, 1, 1]",float32,24576,98304,0.09375,1597440000,16711680,8257536,7428096000.0,12533760.0,10734796.799999999
mobile_vit,175,onnx::Conv_1492,"[96, 96, 3, 3]",float32,82944,331776,0.316406,5391360000,56401920,27869184,25069824000.0,42301440.0,36229939.199999996
mobile_vit,176,onnx::Conv_1495,"[96, 144, 1, 1]",float32,13824,55296,0.052734,898560000,9400320,4644864,4178304000.0,7050240.0,6038323.199999999
mobile_vit,177,onnx::Conv_1498,"[96, 192, 3, 3]",float32,165888,663552,0.632812,10782720000,112803840,55738368,50139648000.0,84602880.0,72459878.39999999
mobile_vit,178,onnx::Conv_1501,"[384, 96, 1, 1]",float32,36864,147456,0.140625,2396160000,25067520,12386304,11142144000.0,18800640.0,16102195.2
mobile_vit,179,onnx::Conv_1502,[384],float32,384,1536,0.001465,24960000,261120,129024,116064000.0,195840.0,167731.19999999998
mobile_vit,180,onnx::Conv_1504,"[384, 1, 3, 3]",float32,3456,13824,0.013184,224640000,2350080,1161216,1044576000.0,1762560.0,1509580.7999999998
mobile_vit,181,onnx::Conv_1505,[384],float32,384,1536,0.001465,24960000,261120,129024,116064000.0,195840.0,167731.19999999998
mobile_vit,182,onnx::Conv_1507,"[128, 384, 1, 1]",float32,49152,196608,0.1875,3194880000,33423360,16515072,14856192000.0,25067520.0,21469593.599999998
mobile_vit,183,onnx::Conv_1510,"[128, 128, 3, 3]",float32,147456,589824,0.5625,9584640000,100270080,49545216,44568576000.0,75202560.0,64408780.8
mobile_vit,184,onnx::Conv_1513,"[128, 192, 1, 1]",float32,24576,98304,0.09375,1597440000,16711680,8257536,7428096000.0,12533760.0,10734796.799999999
mobile_vit,185,onnx::Conv_1516,"[128, 256, 3, 3]",float32,294912,1179648,1.125,19169280000,200540160,99090432,89137152000.0,150405120.0,128817561.6
mobile_vit,186,onnx::Conv_1519,"[512, 128, 1, 1]",float32,65536,262144,0.25,4259840000,44564480,22020096,19808256000.0,33423360.0,28626124.799999997
mobile_vit,187,onnx::Conv_1520,[512],float32,512,2048,0.001953,33280000,348160,172032,154752000.0,261120.0,223641.59999999998
mobile_vit,188,onnx::Conv_1522,"[512, 1, 3, 3]",float32,4608,18432,0.017578,299520000,3133440,1548288,1392768000.0,2350080.0,2012774.4
mobile_vit,189,onnx::Conv_1523,[512],float32,512,2048,0.001953,33280000,348160,172032,154752000.0,261120.0,223641.59999999998
mobile_vit,190,onnx::Conv_1525,"[160, 512, 1, 1]",float32,81920,327680,0.3125,5324800000,55705600,27525120,24760320000.0,41779200.0,35782656.0
mobile_vit,191,onnx::Conv_1528,"[160, 160, 3, 3]",float32,230400,921600,0.878906,14976000000,156672000,77414400,69638400000.0,117504000.0,100638719.99999999
mobile_vit,192,onnx::Conv_1531,"[160, 240, 1, 1]",float32,38400,153600,0.146484,2496000000,26112000,12902400,11606400000.0,19584000.0,16773119.999999998
mobile_vit,193,onnx::Conv_1534,"[160, 320, 3, 3]",float32,460800,1843200,1.757812,29952000000,313344000,154828800,139276800000.0,235008000.0,201277439.99999997
mobile_vit,194,onnx::Conv_1537,"[640, 160, 1, 1]",float32,102400,409600,0.390625,6656000000,69632000,34406400,30950400000.0,52224000.0,44728319.99999999
mobile_vit,195,onnx::Conv_1538,[640],float32,640,2560,0.002441,41600000,435200,215040,193440000.0,326400.0,279552.0
mobile_vit,196,onnx::MatMul_1559,"[144, 144]",float32,20736,82944,0.079102,1347840000,14100480,6967296,6267456000.0,10575360.0,9057484.799999999
mobile_vit,197,onnx::MatMul_1560,"[144, 288]",float32,41472,165888,0.158203,2695680000,28200960,13934592,12534912000.0,21150720.0,18114969.599999998
mobile_vit,198,onnx::MatMul_1561,"[288, 144]",float32,41472,165888,0.158203,2695680000,28200960,13934592,12534912000.0,21150720.0,18114969.599999998
mobile_vit,199,onnx::MatMul_1575,"[144, 144]",float32,20736,82944,0.079102,1347840000,14100480,6967296,6267456000.0,10575360.0,9057484.799999999
mobile_vit,200,onnx::MatMul_1576,"[144, 288]",float32,41472,165888,0.158203,2695680000,28200960,13934592,12534912000.0,21150720.0,18114969.599999998
mobile_vit,201,onnx::MatMul_1577,"[288, 144]",float32,41472,165888,0.158203,2695680000,28200960,13934592,12534912000.0,21150720.0,18114969.599999998
mobile_vit,202,onnx::MatMul_1605,"[192, 192]",float32,36864,147456,0.140625,2396160000,25067520,12386304,11142144000.0,18800640.0,16102195.2
mobile_vit,203,onnx::MatMul_1606,"[192, 384]",float32,73728,294912,0.28125,4792320000,50135040,24772608,22284288000.0,37601280.0,32204390.4
mobile_vit,204,onnx::MatMul_1607,"[384, 192]",float32,73728,294912,0.28125,4792320000,50135040,24772608,22284288000.0,37601280.0,32204390.4
mobile_vit,205,onnx::MatMul_1621,"[192, 192]",float32,36864,147456,0.140625,2396160000,25067520,12386304,11142144000.0,18800640.0,16102195.2
mobile_vit,206,onnx::MatMul_1622,"[192, 384]",float32,73728,294912,0.28125,4792320000,50135040,24772608,22284288000.0,37601280.0,32204390.4
mobile_vit,207,onnx::MatMul_1623,"[384, 192]",float32,73728,294912,0.28125,4792320000,50135040,24772608,22284288000.0,37601280.0,32204390.4
mobile_vit,208,onnx::MatMul_1637,"[192, 192]",float32,36864,147456,0.140625,2396160000,25067520,12386304,11142144000.0,18800640.0,16102195.2
mobile_vit,209,onnx::MatMul_1638,"[192, 384]",float32,73728,294912,0.28125,4792320000,50135040,24772608,22284288000.0,37601280.0,32204390.4
mobile_vit,210,onnx::MatMul_1639,"[384, 192]",float32,73728,294912,0.28125,4792320000,50135040,24772608,22284288000.0,37601280.0,32204390.4
mobile_vit,211,onnx::MatMul_1653,"[192, 192]",float32,36864,147456,0.140625,2396160000,25067520,12386304,11142144000.0,18800640.0,16102195.2
mobile_vit,212,onnx::MatMul_1654,"[192, 384]",float32,73728,294912,0.28125,4792320000,50135040,24772608,22284288000.0,37601280.0,32204390.4
mobile_vit,213,onnx::MatMul_1655,"[384, 192]",float32,73728,294912,0.28125,4792320000,50135040,24772608,22284288000.0,37601280.0,32204390.4
mobile_vit,214,onnx::MatMul_1683,"[240, 240]",float32,57600,230400,0.219727,3744000000,39168000,19353600,17409600000.0,29376000.0,25159679.999999996
mobile_vit,215,onnx::MatMul_1684,"[240, 480]",float32,115200,460800,0.439453,7488000000,78336000,38707200,34819200000.0,58752000.0,50319359.99999999
mobile_vit,216,onnx::MatMul_1685,"[480, 240]",float32,115200,460800,0.439453,7488000000,78336000,38707200,34819200000.0,58752000.0,50319359.99999999
mobile_vit,217,onnx::MatMul_1699,"[240, 240]",float32,57600,230400,0.219727,3744000000,39168000,19353600,17409600000.0,29376000.0,25159679.999999996
mobile_vit,218,onnx::MatMul_1700,"[240, 480]",float32,115200,460800,0.439453,7488000000,78336000,38707200,34819200000.0,58752000.0,50319359.99999999
mobile_vit,219,onnx::MatMul_1701,"[480, 240]",float32,115200,460800,0.439453,7488000000,78336000,38707200,34819200000.0,58752000.0,50319359.99999999
mobile_vit,220,onnx::MatMul_1715,"[240, 240]",float32,57600,230400,0.219727,3744000000,39168000,19353600,17409600000.0,29376000.0,25159679.999999996
mobile_vit,221,onnx::MatMul_1716,"[240, 480]",float32,115200,460800,0.439453,7488000000,78336000,38707200,34819200000.0,58752000.0,50319359.99999999
mobile_vit,222,onnx::MatMul_1717,"[480, 240]",float32,115200,460800,0.439453,7488000000,78336000,38707200,34819200000.0,58752000.0,50319359.99999999
mobile_vit,223,_v_645,"[144, 432]",float32,62208,248832,0.237305,4043520000,42301440,20901888,18802368000.0,31726080.0,27172454.4
mobile_vit,224,_v_652,"[144, 432]",float32,62208,248832,0.237305,4043520000,42301440,20901888,18802368000.0,31726080.0,27172454.4
mobile_vit,225,_v_659,"[192, 576]",float32,110592,442368,0.421875,7188480000,75202560,37158912,33426432000.0,56401920.0,48306585.599999994
mobile_vit,226,_v_666,"[192, 576]",float32,110592,442368,0.421875,7188480000,75202560,37158912,33426432000.0,56401920.0,48306585.599999994
mobile_vit,227,_v_673,"[192, 576]",float32,110592,442368,0.421875,7188480000,75202560,37158912,33426432000.0,56401920.0,48306585.599999994
mobile_vit,228,_v_680,"[192, 576]",float32,110592,442368,0.421875,7188480000,75202560,37158912,33426432000.0,56401920.0,48306585.599999994
mobile_vit,229,_v_687,"[240, 720]",float32,172800,691200,0.65918,11232000000,117504000,58060800,52228800000.0,88128000.0,75479039.99999999
mobile_vit,230,_v_694,"[240, 720]",float32,172800,691200,0.65918,11232000000,117504000,58060800,52228800000.0,88128000.0,75479039.99999999
mobile_vit,231,_v_701,"[240, 720]",float32,172800,691200,0.65918,11232000000,117504000,58060800,52228800000.0,88128000.0,75479039.99999999
mobile_vit,232,image_tensor,"[1, 3, 256, 256]",float32,196608,786432,0.75,12779520000,133693440,66060288,59424768000.0,100270080.0,85878374.39999999
mobile_vit,233,class_logits,"[1, 1000]",float32,1000,4000,0.003815,65000000,680000,336000,302250000.0,510000.0,436799.99999999994

mobile_vit - TOTAL,,TOTAL,,,5770213,23081268,22.01,375070605000,3923815560,1938826512,1744078313250.0,2942861670.0,2520474465.6

resnet50,0,/Constant_1_output_0,"[1, 3, 1, 1]",float32,3,12,1.1e-05,195000,2040,1008,906750.0,1530.0,1310.3999999999999
resnet50,1,/Constant_1_output_0_scale,[],float32,0,4,4e-06,65000,680,336,302250.0,510.0,436.79999999999995
resnet50,2,image_tensor_zero_point,[],uint8,0,1,1e-06,16250,170,84,75562.5,127.5,109.19999999999999
resnet50,3,/Constant_output_0,"[1, 3, 1, 1]",float32,3,12,1.1e-05,195000,2040,1008,906750.0,1530.0,1310.3999999999999
resnet50,4,/Constant_output_0_scale,[],float32,0,4,4e-06,65000,680,336,302250.0,510.0,436.79999999999995
resnet50,5,net.fc.weight,"[1000, 2048]",float32,2048000,8192000,7.8125,133120000000,1392640000,688128000,619008000000.0,1044480000.0,894566399.9999999
resnet50,6,net.fc.weight_scale,[],float32,0,4,4e-06,65000,680,336,302250.0,510.0,436.79999999999995
resnet50,7,net.fc.weight_zero_point,[],int8,0,1,1e-06,16250,170,84,75562.5,127.5,109.19999999999999
resnet50,8,onnx::Conv_448,"[64, 3, 7, 7]",float32,9408,37632,0.035889,611520000,6397440,3161088,2843568000.0,4798080.0,4109414.3999999994
resnet50,9,onnx::Conv_448_scale,[64],float32,64,256,0.000244,4160000,43520,21504,19344000.0,32640.0,27955.199999999997
resnet50,10,onnx::Conv_448_zero_point,[64],int8,64,64,6.1e-05,1040000,10880,5376,4836000.0,8160.0,6988.799999999999
resnet50,11,onnx::Conv_451,"[64, 64, 1, 1]",float32,4096,16384,0.015625,266240000,2785280,1376256,1238016000.0,2088960.0,1789132.7999999998
resnet50,12,onnx::Conv_451_scale,[64],float32,64,256,0.000244,4160000,43520,21504,19344000.0,32640.0,27955.199999999997
resnet50,13,onnx::Conv_454,"[64, 64, 3, 3]",float32,36864,147456,0.140625,2396160000,25067520,12386304,11142144000.0,18800640.0,16102195.2
resnet50,14,onnx::Conv_454_scale,[64],float32,64,256,0.000244,4160000,43520,21504,19344000.0,32640.0,27955.199999999997
resnet50,15,onnx::Conv_457,"[256, 64, 1, 1]",float32,16384,65536,0.0625,1064960000,11141120,5505024,4952064000.0,8355840.0,7156531.199999999
resnet50,16,onnx::Conv_457_scale,[256],float32,256,1024,0.000977,16640000,174080,86016,77376000.0,130560.0,111820.79999999999
resnet50,17,onnx::Conv_460_zero_point,[256],int8,256,256,0.000244,4160000,43520,21504,19344000.0,32640.0,27955.199999999997
resnet50,18,onnx::Conv_460,"[256, 64, 1, 1]",float32,16384,65536,0.0625,1064960000,11141120,5505024,4952064000.0,8355840.0,7156531.199999999
resnet50,19,onnx::Conv_460_scale,[256],float32,256,1024,0.000977,16640000,174080,86016,77376000.0,130560.0,111820.79999999999
resnet50,20,onnx::Conv_463,"[64, 256, 1, 1]",float32,16384,65536,0.0625,1064960000,11141120,5505024,4952064000.0,8355840.0,7156531.199999999
resnet50,21,onnx::Conv_463_scale,[64],float32,64,256,0.000244,4160000,43520,21504,19344000.0,32640.0,27955.199999999997
resnet50,22,onnx::Conv_466,"[64, 64, 3, 3]",float32,36864,147456,0.140625,2396160000,25067520,12386304,11142144000.0,18800640.0,16102195.2
resnet50,23,onnx::Conv_466_scale,[64],float32,64,256,0.000244,4160000,43520,21504,19344000.0,32640.0,27955.199999999997
resnet50,24,onnx::Conv_469,"[256, 64, 1, 1]",float32,16384,65536,0.0625,1064960000,11141120,5505024,4952064000.0,8355840.0,7156531.199999999
resnet50,25,onnx::Conv_469_scale,[256],float32,256,1024,0.000977,16640000,174080,86016,77376000.0,130560.0,111820.79999999999
resnet50,26,onnx::Conv_472,"[64, 256, 1, 1]",float32,16384,65536,0.0625,1064960000,11141120,5505024,4952064000.0,8355840.0,7156531.199999999
resnet50,27,onnx::Conv_472_scale,[64],float32,64,256,0.000244,4160000,43520,21504,19344000.0,32640.0,27955.199999999997
resnet50,28,onnx::Conv_475,"[64, 64, 3, 3]",float32,36864,147456,0.140625,2396160000,25067520,12386304,11142144000.0,18800640.0,16102195.2
resnet50,29,onnx::Conv_475_scale,[64],float32,64,256,0.000244,4160000,43520,21504,19344000.0,32640.0,27955.199999999997
resnet50,30,onnx::Conv_478,"[256, 64, 1, 1]",float32,16384,65536,0.0625,1064960000,11141120,5505024,4952064000.0,8355840.0,7156531.199999999
resnet50,31,onnx::Conv_478_scale,[256],float32,256,1024,0.000977,16640000,174080,86016,77376000.0,130560.0,111820.79999999999
resnet50,32,onnx::Conv_481,"[128, 256, 1, 1]",float32,32768,131072,0.125,2129920000,22282240,11010048,9904128000.0,16711680.0,14313062.399999999
resnet50,33,onnx::Conv_481_scale,[128],float32,128,512,0.000488,8320000,87040,43008,38688000.0,65280.0,55910.399999999994
resnet50,34,onnx::Conv_481_zero_point,[128],int8,128,128,0.000122,2080000,21760,10752,9672000.0,16320.0,13977.599999999999
resnet50,35,onnx::Conv_484,"[128, 128, 3, 3]",float32,147456,589824,0.5625,9584640000,100270080,49545216,44568576000.0,75202560.0,64408780.8
resnet50,36,onnx::Conv_484_scale,[128],float32,128,512,0.000488,8320000,87040,43008,38688000.0,65280.0,55910.399999999994
resnet50,37,onnx::Conv_487,"[512, 128, 1, 1]",float32,65536,262144,0.25,4259840000,44564480,22020096,19808256000.0,33423360.0,28626124.799999997
resnet50,38,onnx::Conv_487_scale,[512],float32,512,2048,0.001953,33280000,348160,172032,154752000.0,261120.0,223641.59999999998
resnet50,39,onnx::Conv_490_zero_point,[512],int8,512,512,0.000488,8320000,87040,43008,38688000.0,65280.0,55910.399999999994
resnet50,40,onnx::Conv_490,"[512, 256, 1, 1]",float32,131072,524288,0.5,8519680000,89128960,44040192,39616512000.0,66846720.0,57252249.599999994
resnet50,41,onnx::Conv_490_scale,[512],float32,512,2048,0.001953,33280000,348160,172032,154752000.0,261120.0,223641.59999999998
resnet50,42,onnx::Conv_493,"[128, 512, 1, 1]",float32,65536,262144,0.25,4259840000,44564480,22020096,19808256000.0,33423360.0,28626124.799999997
resnet50,43,onnx::Conv_493_scale,[128],float32,128,512,0.000488,8320000,87040,43008,38688000.0,65280.0,55910.399999999994
resnet50,44,onnx::Conv_496,"[128, 128, 3, 3]",float32,147456,589824,0.5625,9584640000,100270080,49545216,44568576000.0,75202560.0,64408780.8
resnet50,45,onnx::Conv_496_scale,[128],float32,128,512,0.000488,8320000,87040,43008,38688000.0,65280.0,55910.399999999994
resnet50,46,onnx::Conv_499,"[512, 128, 1, 1]",float32,65536,262144,0.25,4259840000,44564480,22020096,19808256000.0,33423360.0,28626124.799999997
resnet50,47,onnx::Conv_499_scale,[512],float32,512,2048,0.001953,33280000,348160,172032,154752000.0,261120.0,223641.59999999998
resnet50,48,onnx::Conv_502,"[128, 512, 1, 1]",float32,65536,262144,0.25,4259840000,44564480,22020096,19808256000.0,33423360.0,28626124.799999997
resnet50,49,onnx::Conv_502_scale,[128],float32,128,512,0.000488,8320000,87040,43008,38688000.0,65280.0,55910.399999999994
resnet50,50,onnx::Conv_505,"[128, 128, 3, 3]",float32,147456,589824,0.5625,9584640000,100270080,49545216,44568576000.0,75202560.0,64408780.8
resnet50,51,onnx::Conv_505_scale,[128],float32,128,512,0.000488,8320000,87040,43008,38688000.0,65280.0,55910.399999999994
resnet50,52,onnx::Conv_508,"[512, 128, 1, 1]",float32,65536,262144,0.25,4259840000,44564480,22020096,19808256000.0,33423360.0,28626124.799999997
resnet50,53,onnx::Conv_508_scale,[512],float32,512,2048,0.001953,33280000,348160,172032,154752000.0,261120.0,223641.59999999998
resnet50,54,onnx::Conv_511,"[128, 512, 1, 1]",float32,65536,262144,0.25,4259840000,44564480,22020096,19808256000.0,33423360.0,28626124.799999997
resnet50,55,onnx::Conv_511_scale,[128],float32,128,512,0.000488,8320000,87040,43008,38688000.0,65280.0,55910.399999999994
resnet50,56,onnx::Conv_514,"[128, 128, 3, 3]",float32,147456,589824,0.5625,9584640000,100270080,49545216,44568576000.0,75202560.0,64408780.8
resnet50,57,onnx::Conv_514_scale,[128],float32,128,512,0.000488,8320000,87040,43008,38688000.0,65280.0,55910.399999999994
resnet50,58,onnx::Conv_517,"[512, 128, 1, 1]",float32,65536,262144,0.25,4259840000,44564480,22020096,19808256000.0,33423360.0,28626124.799999997
resnet50,59,onnx::Conv_517_scale,[512],float32,512,2048,0.001953,33280000,348160,172032,154752000.0,261120.0,223641.59999999998
resnet50,60,onnx::Conv_520,"[256, 512, 1, 1]",float32,131072,524288,0.5,8519680000,89128960,44040192,39616512000.0,66846720.0,57252249.599999994
resnet50,61,onnx::Conv_520_scale,[256],float32,256,1024,0.000977,16640000,174080,86016,77376000.0,130560.0,111820.79999999999
resnet50,62,onnx::Conv_523,"[256, 256, 3, 3]",float32,589824,2359296,2.25,38338560000,401080320,198180864,178274304000.0,300810240.0,257635123.2
resnet50,63,onnx::Conv_523_scale,[256],float32,256,1024,0.000977,16640000,174080,86016,77376000.0,130560.0,111820.79999999999
resnet50,64,onnx::Conv_526,"[1024, 256, 1, 1]",float32,262144,1048576,1.0,17039360000,178257920,88080384,79233024000.0,133693440.0,114504499.19999999
resnet50,65,onnx::Conv_526_scale,[1024],float32,1024,4096,0.003906,66560000,696320,344064,309504000.0,522240.0,447283.19999999995
resnet50,66,onnx::Conv_529_zero_point,[1024],int8,1024,1024,0.000977,16640000,174080,86016,77376000.0,130560.0,111820.79999999999
resnet50,67,onnx::Conv_529,"[1024, 512, 1, 1]",float32,524288,2097152,2.0,34078720000,356515840,176160768,158466048000.0,267386880.0,229008998.39999998
resnet50,68,onnx::Conv_529_scale,[1024],float32,1024,4096,0.003906,66560000,696320,344064,309504000.0,522240.0,447283.19999999995
resnet50,69,onnx::Conv_532,"[256, 1024, 1, 1]",float32,262144,1048576,1.0,17039360000,178257920,88080384,79233024000.0,133693440.0,114504499.19999999
resnet50,70,onnx::Conv_532_scale,[256],float32,256,1024,0.000977,16640000,174080,86016,77376000.0,130560.0,111820.79999999999
resnet50,71,onnx::Conv_535,"[256, 256, 3, 3]",float32,589824,2359296,2.25,38338560000,401080320,198180864,178274304000.0,300810240.0,257635123.2
resnet50,72,onnx::Conv_535_scale,[256],float32,256,1024,0.000977,16640000,174080,86016,77376000.0,130560.0,111820.79999999999
resnet50,73,onnx::Conv_538,"[1024, 256, 1, 1]",float32,262144,1048576,1.0,17039360000,178257920,88080384,79233024000.0,133693440.0,114504499.19999999
resnet50,74,onnx::Conv_538_scale,[1024],float32,1024,4096,0.003906,66560000,696320,344064,309504000.0,522240.0,447283.19999999995
resnet50,75,onnx::Conv_541,"[256, 1024, 1, 1]",float32,262144,1048576,1.0,17039360000,178257920,88080384,79233024000.0,133693440.0,114504499.19999999
resnet50,76,onnx::Conv_541_scale,[256],float32,256,1024,0.000977,16640000,174080,86016,77376000.0,130560.0,111820.79999999999
resnet50,77,onnx::Conv_544,"[256, 256, 3, 3]",float32,589824,2359296,2.25,38338560000,401080320,198180864,178274304000.0,300810240.0,257635123.2
resnet50,78,onnx::Conv_544_scale,[256],float32,256,1024,0.000977,16640000,174080,86016,77376000.0,130560.0,111820.79999999999
resnet50,79,onnx::Conv_547,"[1024, 256, 1, 1]",float32,262144,1048576,1.0,17039360000,178257920,88080384,79233024000.0,133693440.0,114504499.19999999
resnet50,80,onnx::Conv_547_scale,[1024],float32,1024,4096,0.003906,66560000,696320,344064,309504000.0,522240.0,447283.19999999995
resnet50,81,onnx::Conv_550,"[256, 1024, 1, 1]",float32,262144,1048576,1.0,17039360000,178257920,88080384,79233024000.0,133693440.0,114504499.19999999
resnet50,82,onnx::Conv_550_scale,[256],float32,256,1024,0.000977,16640000,174080,86016,77376000.0,130560.0,111820.79999999999
resnet50,83,onnx::Conv_553,"[256, 256, 3, 3]",float32,589824,2359296,2.25,38338560000,401080320,198180864,178274304000.0,300810240.0,257635123.2
resnet50,84,onnx::Conv_553_scale,[256],float32,256,1024,0.000977,16640000,174080,86016,77376000.0,130560.0,111820.79999999999
resnet50,85,onnx::Conv_556,"[1024, 256, 1, 1]",float32,262144,1048576,1.0,17039360000,178257920,88080384,79233024000.0,133693440.0,114504499.19999999
resnet50,86,onnx::Conv_556_scale,[1024],float32,1024,4096,0.003906,66560000,696320,344064,309504000.0,522240.0,447283.19999999995
resnet50,87,onnx::Conv_559,"[256, 1024, 1, 1]",float32,262144,1048576,1.0,17039360000,178257920,88080384,79233024000.0,133693440.0,114504499.19999999
resnet50,88,onnx::Conv_559_scale,[256],float32,256,1024,0.000977,16640000,174080,86016,77376000.0,130560.0,111820.79999999999
resnet50,89,onnx::Conv_562,"[256, 256, 3, 3]",float32,589824,2359296,2.25,38338560000,401080320,198180864,178274304000.0,300810240.0,257635123.2
resnet50,90,onnx::Conv_562_scale,[256],float32,256,1024,0.000977,16640000,174080,86016,77376000.0,130560.0,111820.79999999999
resnet50,91,onnx::Conv_565,"[1024, 256, 1, 1]",float32,262144,1048576,1.0,17039360000,178257920,88080384,79233024000.0,133693440.0,114504499.19999999
resnet50,92,onnx::Conv_565_scale,[1024],float32,1024,4096,0.003906,66560000,696320,344064,309504000.0,522240.0,447283.19999999995
resnet50,93,onnx::Conv_568,"[256, 1024, 1, 1]",float32,262144,1048576,1.0,17039360000,178257920,88080384,79233024000.0,133693440.0,114504499.19999999
resnet50,94,onnx::Conv_568_scale,[256],float32,256,1024,0.000977,16640000,174080,86016,77376000.0,130560.0,111820.79999999999
resnet50,95,onnx::Conv_571,"[256, 256, 3, 3]",float32,589824,2359296,2.25,38338560000,401080320,198180864,178274304000.0,300810240.0,257635123.2
resnet50,96,onnx::Conv_571_scale,[256],float32,256,1024,0.000977,16640000,174080,86016,77376000.0,130560.0,111820.79999999999
resnet50,97,onnx::Conv_574,"[1024, 256, 1, 1]",float32,262144,1048576,1.0,17039360000,178257920,88080384,79233024000.0,133693440.0,114504499.19999999
resnet50,98,onnx::Conv_574_scale,[1024],float32,1024,4096,0.003906,66560000,696320,344064,309504000.0,522240.0,447283.19999999995
resnet50,99,onnx::Conv_577,"[512, 1024, 1, 1]",float32,524288,2097152,2.0,34078720000,356515840,176160768,158466048000.0,267386880.0,229008998.39999998
resnet50,100,onnx::Conv_577_scale,[512],float32,512,2048,0.001953,33280000,348160,172032,154752000.0,261120.0,223641.59999999998
resnet50,101,onnx::Conv_580,"[512, 512, 3, 3]",float32,2359296,9437184,9.0,153354240000,1604321280,792723456,713097216000.0,1203240960.0,1030540492.8
resnet50,102,onnx::Conv_580_scale,[512],float32,512,2048,0.001953,33280000,348160,172032,154752000.0,261120.0,223641.59999999998
resnet50,103,onnx::Conv_583,"[2048, 512, 1, 1]",float32,1048576,4194304,4.0,68157440000,713031680,352321536,316932096000.0,534773760.0,458017996.79999995
resnet50,104,onnx::Conv_583_scale,[2048],float32,2048,8192,0.007812,133120000,1392640,688128,619008000.0,1044480.0,894566.3999999999
resnet50,105,onnx::Conv_583_zero_point,[2048],int8,2048,2048,0.001953,33280000,348160,172032,154752000.0,261120.0,223641.59999999998
resnet50,106,onnx::Conv_586,"[2048, 1024, 1, 1]",float32,2097152,8388608,8.0,136314880000,1426063360,704643072,633864192000.0,1069547520.0,916035993.5999999
resnet50,107,onnx::Conv_586_scale,[2048],float32,2048,8192,0.007812,133120000,1392640,688128,619008000.0,1044480.0,894566.3999999999
resnet50,108,onnx::Conv_586_zero_point,[2048],int8,2048,2048,0.001953,33280000,348160,172032,154752000.0,261120.0,223641.59999999998
resnet50,109,onnx::Conv_589,"[512, 2048, 1, 1]",float32,1048576,4194304,4.0,68157440000,713031680,352321536,316932096000.0,534773760.0,458017996.79999995
resnet50,110,onnx::Conv_589_scale,[512],float32,512,2048,0.001953,33280000,348160,172032,154752000.0,261120.0,223641.59999999998
resnet50,111,onnx::Conv_592,"[512, 512, 3, 3]",float32,2359296,9437184,9.0,153354240000,1604321280,792723456,713097216000.0,1203240960.0,1030540492.8
resnet50,112,onnx::Conv_592_scale,[512],float32,512,2048,0.001953,33280000,348160,172032,154752000.0,261120.0,223641.59999999998
resnet50,113,onnx::Conv_595,"[2048, 512, 1, 1]",float32,1048576,4194304,4.0,68157440000,713031680,352321536,316932096000.0,534773760.0,458017996.79999995
resnet50,114,onnx::Conv_595_scale,[2048],float32,2048,8192,0.007812,133120000,1392640,688128,619008000.0,1044480.0,894566.3999999999
resnet50,115,onnx::Conv_595_zero_point,[2048],int8,2048,2048,0.001953,33280000,348160,172032,154752000.0,261120.0,223641.59999999998
resnet50,116,onnx::Conv_598,"[512, 2048, 1, 1]",float32,1048576,4194304,4.0,68157440000,713031680,352321536,316932096000.0,534773760.0,458017996.79999995
resnet50,117,onnx::Conv_598_scale,[512],float32,512,2048,0.001953,33280000,348160,172032,154752000.0,261120.0,223641.59999999998
resnet50,118,onnx::Conv_601,"[512, 512, 3, 3]",float32,2359296,9437184,9.0,153354240000,1604321280,792723456,713097216000.0,1203240960.0,1030540492.8
resnet50,119,onnx::Conv_601_scale,[512],float32,512,2048,0.001953,33280000,348160,172032,154752000.0,261120.0,223641.59999999998
resnet50,120,onnx::Conv_604,"[2048, 512, 1, 1]",float32,1048576,4194304,4.0,68157440000,713031680,352321536,316932096000.0,534773760.0,458017996.79999995
resnet50,121,onnx::Conv_604_scale,[2048],float32,2048,8192,0.007812,133120000,1392640,688128,619008000.0,1044480.0,894566.3999999999
resnet50,122,onnx::Conv_604_zero_point,[2048],int8,2048,2048,0.001953,33280000,348160,172032,154752000.0,261120.0,223641.59999999998
resnet50,123,image_tensor_scale,[],float32,0,4,4e-06,65000,680,336,302250.0,510.0,436.79999999999995
resnet50,124,/Sub_output_0_scale,[],float32,0,4,4e-06,65000,680,336,302250.0,510.0,436.79999999999995
resnet50,125,/Sub_output_0_zero_point,[],uint8,0,1,1e-06,16250,170,84,75562.5,127.5,109.19999999999999
resnet50,126,/Div_output_0_scale,[],float32,0,4,4e-06,65000,680,336,302250.0,510.0,436.79999999999995
resnet50,127,/Div_output_0_zero_point,[],uint8,0,1,1e-06,16250,170,84,75562.5,127.5,109.19999999999999
resnet50,128,onnx::Conv_449,[64],float32,64,256,0.000244,4160000,43520,21504,19344000.0,32640.0,27955.199999999997
resnet50,129,/net/relu/Relu_output_0_scale,[],float32,0,4,4e-06,65000,680,336,302250.0,510.0,436.79999999999995
resnet50,130,onnx::Conv_452,[64],float32,64,256,0.000244,4160000,43520,21504,19344000.0,32640.0,27955.199999999997
resnet50,131,onnx::Conv_461,[256],float32,256,1024,0.000977,16640000,174080,86016,77376000.0,130560.0,111820.79999999999
resnet50,132,/net/layer1/0/downsample/0/Conv_output_0_scale,[],float32,0,4,4e-06,65000,680,336,302250.0,510.0,436.79999999999995
resnet50,133,/net/layer1/0/downsample/0/Conv_output_0_zero_point,[],uint8,0,1,1e-06,16250,170,84,75562.5,127.5,109.19999999999999
resnet50,134,/net/layer1/0/relu/Relu_output_0_scale,[],float32,0,4,4e-06,65000,680,336,302250.0,510.0,436.79999999999995
resnet50,135,onnx::Conv_455,[64],float32,64,256,0.000244,4160000,43520,21504,19344000.0,32640.0,27955.199999999997
resnet50,136,/net/layer1/0/Relu_output_0_scale,[],float32,0,4,4e-06,65000,680,336,302250.0,510.0,436.79999999999995
resnet50,137,onnx::Conv_458,[256],float32,256,1024,0.000977,16640000,174080,86016,77376000.0,130560.0,111820.79999999999
resnet50,138,/net/layer1/0/conv3/Conv_output_0_scale,[],float32,0,4,4e-06,65000,680,336,302250.0,510.0,436.79999999999995
resnet50,139,/net/layer1/0/Relu_1_output_0_scale,[],float32,0,4,4e-06,65000,680,336,302250.0,510.0,436.79999999999995
resnet50,140,onnx::Conv_464,[64],float32,64,256,0.000244,4160000,43520,21504,19344000.0,32640.0,27955.199999999997
resnet50,141,/net/layer1/1/relu/Relu_output_0_scale,[],float32,0,4,4e-06,65000,680,336,302250.0,510.0,436.79999999999995
resnet50,142,onnx::Conv_467,[64],float32,64,256,0.000244,4160000,43520,21504,19344000.0,32640.0,27955.199999999997
resnet50,143,/net/layer1/1/Relu_output_0_scale,[],float32,0,4,4e-06,65000,680,336,302250.0,510.0,436.79999999999995
resnet50,144,onnx::Conv_470,[256],float32,256,1024,0.000977,16640000,174080,86016,77376000.0,130560.0,111820.79999999999
resnet50,145,/net/layer1/1/conv3/Conv_output_0_scale,[],float32,0,4,4e-06,65000,680,336,302250.0,510.0,436.79999999999995
resnet50,146,/net/layer1/1/conv3/Conv_output_0_zero_point,[],uint8,0,1,1e-06,16250,170,84,75562.5,127.5,109.19999999999999
resnet50,147,/net/layer1/1/Relu_1_output_0_scale,[],float32,0,4,4e-06,65000,680,336,302250.0,510.0,436.79999999999995
resnet50,148,onnx::Conv_473,[64],float32,64,256,0.000244,4160000,43520,21504,19344000.0,32640.0,27955.199999999997
resnet50,149,/net/layer1/2/relu/Relu_output_0_scale,[],float32,0,4,4e-06,65000,680,336,302250.0,510.0,436.79999999999995
resnet50,150,onnx::Conv_476,[64],float32,64,256,0.000244,4160000,43520,21504,19344000.0,32640.0,27955.199999999997
resnet50,151,/net/layer1/2/Relu_output_0_scale,[],float32,0,4,4e-06,65000,680,336,302250.0,510.0,436.79999999999995
resnet50,152,onnx::Conv_479,[256],float32,256,1024,0.000977,16640000,174080,86016,77376000.0,130560.0,111820.79999999999
resnet50,153,/net/layer1/2/conv3/Conv_output_0_scale,[],float32,0,4,4e-06,65000,680,336,302250.0,510.0,436.79999999999995
resnet50,154,/net/layer1/2/conv3/Conv_output_0_zero_point,[],uint8,0,1,1e-06,16250,170,84,75562.5,127.5,109.19999999999999
resnet50,155,/net/layer1/2/Relu_1_output_0_scale,[],float32,0,4,4e-06,65000,680,336,302250.0,510.0,436.79999999999995
resnet50,156,onnx::Conv_482,[128],float32,128,512,0.000488,8320000,87040,43008,38688000.0,65280.0,55910.399999999994
resnet50,157,onnx::Conv_491,[512],float32,512,2048,0.001953,33280000,348160,172032,154752000.0,261120.0,223641.59999999998
resnet50,158,/net/layer2/0/downsample/0/Conv_output_0_scale,[],float32,0,4,4e-06,65000,680,336,302250.0,510.0,436.79999999999995
resnet50,159,/net/layer2/0/relu/Relu_output_0_scale,[],float32,0,4,4e-06,65000,680,336,302250.0,510.0,436.79999999999995
resnet50,160,onnx::Conv_485,[128],float32,128,512,0.000488,8320000,87040,43008,38688000.0,65280.0,55910.399999999994
resnet50,161,/net/layer2/0/Relu_output_0_scale,[],float32,0,4,4e-06,65000,680,336,302250.0,510.0,436.79999999999995
resnet50,162,onnx::Conv_488,[512],float32,512,2048,0.001953,33280000,348160,172032,154752000.0,261120.0,223641.59999999998
resnet50,163,/net/layer2/0/conv3/Conv_output_0_scale,[],float32,0,4,4e-06,65000,680,336,302250.0,510.0,436.79999999999995
resnet50,164,/net/layer2/0/Relu_1_output_0_scale,[],float32,0,4,4e-06,65000,680,336,302250.0,510.0,436.79999999999995
resnet50,165,onnx::Conv_494,[128],float32,128,512,0.000488,8320000,87040,43008,38688000.0,65280.0,55910.399999999994
resnet50,166,/net/layer2/1/relu/Relu_output_0_scale,[],float32,0,4,4e-06,65000,680,336,302250.0,510.0,436.79999999999995
resnet50,167,onnx::Conv_497,[128],float32,128,512,0.000488,8320000,87040,43008,38688000.0,65280.0,55910.399999999994
resnet50,168,/net/layer2/1/Relu_output_0_scale,[],float32,0,4,4e-06,65000,680,336,302250.0,510.0,436.79999999999995
resnet50,169,onnx::Conv_500,[512],float32,512,2048,0.001953,33280000,348160,172032,154752000.0,261120.0,223641.59999999998
resnet50,170,/net/layer2/1/conv3/Conv_output_0_scale,[],float32,0,4,4e-06,65000,680,336,302250.0,510.0,436.79999999999995
resnet50,171,/net/layer2/1/Relu_1_output_0_scale,[],float32,0,4,4e-06,65000,680,336,302250.0,510.0,436.79999999999995
resnet50,172,onnx::Conv_503,[128],float32,128,512,0.000488,8320000,87040,43008,38688000.0,65280.0,55910.399999999994
resnet50,173,/net/layer2/2/relu/Relu_output_0_scale,[],float32,0,4,4e-06,65000,680,336,302250.0,510.0,436.79999999999995
resnet50,174,onnx::Conv_506,[128],float32,128,512,0.000488,8320000,87040,43008,38688000.0,65280.0,55910.399999999994
resnet50,175,/net/layer2/2/Relu_output_0_scale,[],float32,0,4,4e-06,65000,680,336,302250.0,510.0,436.79999999999995
resnet50,176,onnx::Conv_509,[512],float32,512,2048,0.001953,33280000,348160,172032,154752000.0,261120.0,223641.59999999998
resnet50,177,/net/layer2/2/conv3/Conv_output_0_scale,[],float32,0,4,4e-06,65000,680,336,302250.0,510.0,436.79999999999995
resnet50,178,/net/layer2/2/Relu_1_output_0_scale,[],float32,0,4,4e-06,65000,680,336,302250.0,510.0,436.79999999999995
resnet50,179,onnx::Conv_512,[128],float32,128,512,0.000488,8320000,87040,43008,38688000.0,65280.0,55910.399999999994
resnet50,180,/net/layer2/3/relu/Relu_output_0_scale,[],float32,0,4,4e-06,65000,680,336,302250.0,510.0,436.79999999999995
resnet50,181,onnx::Conv_515,[128],float32,128,512,0.000488,8320000,87040,43008,38688000.0,65280.0,55910.399999999994
resnet50,182,/net/layer2/3/Relu_output_0_scale,[],float32,0,4,4e-06,65000,680,336,302250.0,510.0,436.79999999999995
resnet50,183,onnx::Conv_518,[512],float32,512,2048,0.001953,33280000,348160,172032,154752000.0,261120.0,223641.59999999998
resnet50,184,/net/layer2/3/conv3/Conv_output_0_scale,[],float32,0,4,4e-06,65000,680,336,302250.0,510.0,436.79999999999995
resnet50,185,/net/layer2/3/Relu_1_output_0_scale,[],float32,0,4,4e-06,65000,680,336,302250.0,510.0,436.79999999999995
resnet50,186,onnx::Conv_521,[256],float32,256,1024,0.000977,16640000,174080,86016,77376000.0,130560.0,111820.79999999999
resnet50,187,onnx::Conv_530,[1024],float32,1024,4096,0.003906,66560000,696320,344064,309504000.0,522240.0,447283.19999999995
resnet50,188,/net/layer3/0/downsample/0/Conv_output_0_scale,[],float32,0,4,4e-06,65000,680,336,302250.0,510.0,436.79999999999995
resnet50,189,/net/layer3/0/relu/Relu_output_0_scale,[],float32,0,4,4e-06,65000,680,336,302250.0,510.0,436.79999999999995
resnet50,190,onnx::Conv_524,[256],float32,256,1024,0.000977,16640000,174080,86016,77376000.0,130560.0,111820.79999999999
resnet50,191,/net/layer3/0/Relu_output_0_scale,[],float32,0,4,4e-06,65000,680,336,302250.0,510.0,436.79999999999995
resnet50,192,onnx::Conv_527,[1024],float32,1024,4096,0.003906,66560000,696320,344064,309504000.0,522240.0,447283.19999999995
resnet50,193,/net/layer3/0/conv3/Conv_output_0_scale,[],float32,0,4,4e-06,65000,680,336,302250.0,510.0,436.79999999999995
resnet50,194,/net/layer3/0/Relu_1_output_0_scale,[],float32,0,4,4e-06,65000,680,336,302250.0,510.0,436.79999999999995
resnet50,195,onnx::Conv_533,[256],float32,256,1024,0.000977,16640000,174080,86016,77376000.0,130560.0,111820.79999999999
resnet50,196,/net/layer3/1/relu/Relu_output_0_scale,[],float32,0,4,4e-06,65000,680,336,302250.0,510.0,436.79999999999995
resnet50,197,onnx::Conv_536,[256],float32,256,1024,0.000977,16640000,174080,86016,77376000.0,130560.0,111820.79999999999
resnet50,198,/net/layer3/1/Relu_output_0_scale,[],float32,0,4,4e-06,65000,680,336,302250.0,510.0,436.79999999999995
resnet50,199,onnx::Conv_539,[1024],float32,1024,4096,0.003906,66560000,696320,344064,309504000.0,522240.0,447283.19999999995
resnet50,200,/net/layer3/1/conv3/Conv_output_0_scale,[],float32,0,4,4e-06,65000,680,336,302250.0,510.0,436.79999999999995
resnet50,201,/net/layer3/1/Relu_1_output_0_scale,[],float32,0,4,4e-06,65000,680,336,302250.0,510.0,436.79999999999995
resnet50,202,onnx::Conv_542,[256],float32,256,1024,0.000977,16640000,174080,86016,77376000.0,130560.0,111820.79999999999
resnet50,203,/net/layer3/2/relu/Relu_output_0_scale,[],float32,0,4,4e-06,65000,680,336,302250.0,510.0,436.79999999999995
resnet50,204,onnx::Conv_545,[256],float32,256,1024,0.000977,16640000,174080,86016,77376000.0,130560.0,111820.79999999999
resnet50,205,/net/layer3/2/Relu_output_0_scale,[],float32,0,4,4e-06,65000,680,336,302250.0,510.0,436.79999999999995
resnet50,206,onnx::Conv_548,[1024],float32,1024,4096,0.003906,66560000,696320,344064,309504000.0,522240.0,447283.19999999995
resnet50,207,/net/layer3/2/conv3/Conv_output_0_scale,[],float32,0,4,4e-06,65000,680,336,302250.0,510.0,436.79999999999995
resnet50,208,/net/layer3/2/Relu_1_output_0_scale,[],float32,0,4,4e-06,65000,680,336,302250.0,510.0,436.79999999999995
resnet50,209,onnx::Conv_551,[256],float32,256,1024,0.000977,16640000,174080,86016,77376000.0,130560.0,111820.79999999999
resnet50,210,/net/layer3/3/relu/Relu_output_0_scale,[],float32,0,4,4e-06,65000,680,336,302250.0,510.0,436.79999999999995
resnet50,211,onnx::Conv_554,[256],float32,256,1024,0.000977,16640000,174080,86016,77376000.0,130560.0,111820.79999999999
resnet50,212,/net/layer3/3/Relu_output_0_scale,[],float32,0,4,4e-06,65000,680,336,302250.0,510.0,436.79999999999995
resnet50,213,onnx::Conv_557,[1024],float32,1024,4096,0.003906,66560000,696320,344064,309504000.0,522240.0,447283.19999999995
resnet50,214,/net/layer3/3/conv3/Conv_output_0_scale,[],float32,0,4,4e-06,65000,680,336,302250.0,510.0,436.79999999999995
resnet50,215,/net/layer3/3/Relu_1_output_0_scale,[],float32,0,4,4e-06,65000,680,336,302250.0,510.0,436.79999999999995
resnet50,216,onnx::Conv_560,[256],float32,256,1024,0.000977,16640000,174080,86016,77376000.0,130560.0,111820.79999999999
resnet50,217,/net/layer3/4/relu/Relu_output_0_scale,[],float32,0,4,4e-06,65000,680,336,302250.0,510.0,436.79999999999995
resnet50,218,onnx::Conv_563,[256],float32,256,1024,0.000977,16640000,174080,86016,77376000.0,130560.0,111820.79999999999
resnet50,219,/net/layer3/4/Relu_output_0_scale,[],float32,0,4,4e-06,65000,680,336,302250.0,510.0,436.79999999999995
resnet50,220,onnx::Conv_566,[1024],float32,1024,4096,0.003906,66560000,696320,344064,309504000.0,522240.0,447283.19999999995
resnet50,221,/net/layer3/4/conv3/Conv_output_0_scale,[],float32,0,4,4e-06,65000,680,336,302250.0,510.0,436.79999999999995
resnet50,222,/net/layer3/4/Relu_1_output_0_scale,[],float32,0,4,4e-06,65000,680,336,302250.0,510.0,436.79999999999995
resnet50,223,onnx::Conv_569,[256],float32,256,1024,0.000977,16640000,174080,86016,77376000.0,130560.0,111820.79999999999
resnet50,224,/net/layer3/5/relu/Relu_output_0_scale,[],float32,0,4,4e-06,65000,680,336,302250.0,510.0,436.79999999999995
resnet50,225,onnx::Conv_572,[256],float32,256,1024,0.000977,16640000,174080,86016,77376000.0,130560.0,111820.79999999999
resnet50,226,/net/layer3/5/Relu_output_0_scale,[],float32,0,4,4e-06,65000,680,336,302250.0,510.0,436.79999999999995
resnet50,227,onnx::Conv_575,[1024],float32,1024,4096,0.003906,66560000,696320,344064,309504000.0,522240.0,447283.19999999995
resnet50,228,/net/layer3/5/conv3/Conv_output_0_scale,[],float32,0,4,4e-06,65000,680,336,302250.0,510.0,436.79999999999995
resnet50,229,/net/layer3/5/Relu_1_output_0_scale,[],float32,0,4,4e-06,65000,680,336,302250.0,510.0,436.79999999999995
resnet50,230,onnx::Conv_578,[512],float32,512,2048,0.001953,33280000,348160,172032,154752000.0,261120.0,223641.59999999998
resnet50,231,onnx::Conv_587,[2048],float32,2048,8192,0.007812,133120000,1392640,688128,619008000.0,1044480.0,894566.3999999999
resnet50,232,/net/layer4/0/downsample/0/Conv_output_0_scale,[],float32,0,4,4e-06,65000,680,336,302250.0,510.0,436.79999999999995
resnet50,233,/net/layer4/0/relu/Relu_output_0_scale,[],float32,0,4,4e-06,65000,680,336,302250.0,510.0,436.79999999999995
resnet50,234,onnx::Conv_581,[512],float32,512,2048,0.001953,33280000,348160,172032,154752000.0,261120.0,223641.59999999998
resnet50,235,/net/layer4/0/Relu_output_0_scale,[],float32,0,4,4e-06,65000,680,336,302250.0,510.0,436.79999999999995
resnet50,236,onnx::Conv_584,[2048],float32,2048,8192,0.007812,133120000,1392640,688128,619008000.0,1044480.0,894566.3999999999
resnet50,237,/net/layer4/0/conv3/Conv_output_0_scale,[],float32,0,4,4e-06,65000,680,336,302250.0,510.0,436.79999999999995
resnet50,238,/net/layer4/0/conv3/Conv_output_0_zero_point,[],uint8,0,1,1e-06,16250,170,84,75562.5,127.5,109.19999999999999
resnet50,239,/net/layer4/0/Relu_1_output_0_scale,[],float32,0,4,4e-06,65000,680,336,302250.0,510.0,436.79999999999995
resnet50,240,onnx::Conv_590,[512],float32,512,2048,0.001953,33280000,348160,172032,154752000.0,261120.0,223641.59999999998
resnet50,241,/net/layer4/1/relu/Relu_output_0_scale,[],float32,0,4,4e-06,65000,680,336,302250.0,510.0,436.79999999999995
resnet50,242,onnx::Conv_593,[512],float32,512,2048,0.001953,33280000,348160,172032,154752000.0,261120.0,223641.59999999998
resnet50,243,/net/layer4/1/Relu_output_0_scale,[],float32,0,4,4e-06,65000,680,336,302250.0,510.0,436.79999999999995
resnet50,244,onnx::Conv_596,[2048],float32,2048,8192,0.007812,133120000,1392640,688128,619008000.0,1044480.0,894566.3999999999
resnet50,245,/net/layer4/1/conv3/Conv_output_0_scale,[],float32,0,4,4e-06,65000,680,336,302250.0,510.0,436.79999999999995
resnet50,246,/net/layer4/1/Relu_1_output_0_scale,[],float32,0,4,4e-06,65000,680,336,302250.0,510.0,436.79999999999995
resnet50,247,onnx::Conv_599,[512],float32,512,2048,0.001953,33280000,348160,172032,154752000.0,261120.0,223641.59999999998
resnet50,248,/net/layer4/2/relu/Relu_output_0_scale,[],float32,0,4,4e-06,65000,680,336,302250.0,510.0,436.79999999999995
resnet50,249,onnx::Conv_602,[512],float32,512,2048,0.001953,33280000,348160,172032,154752000.0,261120.0,223641.59999999998
resnet50,250,/net/layer4/2/Relu_output_0_scale,[],float32,0,4,4e-06,65000,680,336,302250.0,510.0,436.79999999999995
resnet50,251,onnx::Conv_605,[2048],float32,2048,8192,0.007812,133120000,1392640,688128,619008000.0,1044480.0,894566.3999999999
resnet50,252,/net/layer4/2/conv3/Conv_output_0_scale,[],float32,0,4,4e-06,65000,680,336,302250.0,510.0,436.79999999999995
resnet50,253,/net/layer4/2/conv3/Conv_output_0_zero_point,[],uint8,0,1,1e-06,16250,170,84,75562.5,127.5,109.19999999999999
resnet50,254,/net/layer4/2/Relu_1_output_0_scale,[],float32,0,4,4e-06,65000,680,336,302250.0,510.0,436.79999999999995
resnet50,255,/net/avgpool/GlobalAveragePool_output_0_scale,[],float32,0,4,4e-06,65000,680,336,302250.0,510.0,436.79999999999995
resnet50,256,net.fc.bias,[1000],float32,1000,4000,0.003815,65000000,680000,336000,302250000.0,510000.0,436799.99999999994
resnet50,257,class_logits_scale,[],float32,0,4,4e-06,65000,680,336,302250.0,510.0,436.79999999999995
resnet50,258,class_logits_zero_point,[],uint8,0,1,1e-06,16250,170,84,75562.5,127.5,109.19999999999999
resnet50,259,image_tensor,"[1, 3, 224, 224]",uint8,150528,150528,0.143555,2446080000,25589760,12644352,11374272000.0,19192320.0,16437657.599999998
resnet50,260,class_logits,"[1, 1000]",uint8,1000,1000,0.000954,16250000,170000,84000,75562500.0,127500.0,109199.99999999999

resnet50 - TOTAL,,TOTAL,,,25718742,102390174,97.65,1663840327500,17406329580,8600774616,7736857522875.0,13054747185.0,11181007000.8

whisper_decoder,0,attention_mask_scale,[],float32,0,0,0.0,0,0,0,0.0,0.0,0.0
whisper_decoder,1,attention_mask_zp,[],uint16,0,0,0.0,0,0,0,0.0,0.0,0.0
whisper_decoder,2,k_cache_self_0_in_scale,[],float32,0,0,0.0,0,0,0,0.0,0.0,0.0
whisper_decoder,3,k_cache_self_0_in_zp,[],uint8,0,0,0.0,0,0,0,0.0,0.0,0.0
whisper_decoder,4,v_cache_self_0_in_scale,[],float32,0,0,0.0,0,0,0,0.0,0.0,0.0
whisper_decoder,5,v_cache_self_0_in_zp,[],uint8,0,0,0.0,0,0,0,0.0,0.0,0.0
whisper_decoder,6,k_cache_self_1_in_scale,[],float32,0,0,0.0,0,0,0,0.0,0.0,0.0
whisper_decoder,7,k_cache_self_1_in_zp,[],uint8,0,0,0.0,0,0,0,0.0,0.0,0.0
whisper_decoder,8,v_cache_self_1_in_scale,[],float32,0,0,0.0,0,0,0,0.0,0.0,0.0
whisper_decoder,9,v_cache_self_1_in_zp,[],uint8,0,0,0.0,0,0,0,0.0,0.0,0.0
whisper_decoder,10,k_cache_self_2_in_scale,[],float32,0,0,0.0,0,0,0,0.0,0.0,0.0
whisper_decoder,11,k_cache_self_2_in_zp,[],uint8,0,0,0.0,0,0,0,0.0,0.0,0.0
whisper_decoder,12,v_cache_self_2_in_scale,[],float32,0,0,0.0,0,0,0,0.0,0.0,0.0
whisper_decoder,13,v_cache_self_2_in_zp,[],uint8,0,0,0.0,0,0,0,0.0,0.0,0.0
whisper_decoder,14,k_cache_self_3_in_scale,[],float32,0,0,0.0,0,0,0,0.0,0.0,0.0
whisper_decoder,15,k_cache_self_3_in_zp,[],uint8,0,0,0.0,0,0,0,0.0,0.0,0.0
whisper_decoder,16,v_cache_self_3_in_scale,[],float32,0,0,0.0,0,0,0,0.0,0.0,0.0
whisper_decoder,17,v_cache_self_3_in_zp,[],uint8,0,0,0.0,0,0,0,0.0,0.0,0.0
whisper_decoder,18,k_cache_self_4_in_scale,[],float32,0,0,0.0,0,0,0,0.0,0.0,0.0
whisper_decoder,19,k_cache_self_4_in_zp,[],uint8,0,0,0.0,0,0,0,0.0,0.0,0.0
whisper_decoder,20,v_cache_self_4_in_scale,[],float32,0,0,0.0,0,0,0,0.0,0.0,0.0
whisper_decoder,21,v_cache_self_4_in_zp,[],uint8,0,0,0.0,0,0,0,0.0,0.0,0.0
whisper_decoder,22,k_cache_self_5_in_scale,[],float32,0,0,0.0,0,0,0,0.0,0.0,0.0
whisper_decoder,23,k_cache_self_5_in_zp,[],uint8,0,0,0.0,0,0,0,0.0,0.0,0.0
whisper_decoder,24,v_cache_self_5_in_scale,[],float32,0,0,0.0,0,0,0,0.0,0.0,0.0
whisper_decoder,25,v_cache_self_5_in_zp,[],uint8,0,0,0.0,0,0,0,0.0,0.0,0.0
whisper_decoder,26,k_cache_self_6_in_scale,[],float32,0,0,0.0,0,0,0,0.0,0.0,0.0
whisper_decoder,27,k_cache_self_6_in_zp,[],uint8,0,0,0.0,0,0,0,0.0,0.0,0.0
whisper_decoder,28,v_cache_self_6_in_scale,[],float32,0,0,0.0,0,0,0,0.0,0.0,0.0
whisper_decoder,29,v_cache_self_6_in_zp,[],uint8,0,0,0.0,0,0,0,0.0,0.0,0.0
whisper_decoder,30,k_cache_self_7_in_scale,[],float32,0,0,0.0,0,0,0,0.0,0.0,0.0
whisper_decoder,31,k_cache_self_7_in_zp,[],uint8,0,0,0.0,0,0,0,0.0,0.0,0.0
whisper_decoder,32,v_cache_self_7_in_scale,[],float32,0,0,0.0,0,0,0,0.0,0.0,0.0
whisper_decoder,33,v_cache_self_7_in_zp,[],uint8,0,0,0.0,0,0,0,0.0,0.0,0.0
whisper_decoder,34,k_cache_self_8_in_scale,[],float32,0,0,0.0,0,0,0,0.0,0.0,0.0
whisper_decoder,35,k_cache_self_8_in_zp,[],uint8,0,0,0.0,0,0,0,0.0,0.0,0.0
whisper_decoder,36,v_cache_self_8_in_scale,[],float32,0,0,0.0,0,0,0,0.0,0.0,0.0
whisper_decoder,37,v_cache_self_8_in_zp,[],uint8,0,0,0.0,0,0,0,0.0,0.0,0.0
whisper_decoder,38,k_cache_self_9_in_scale,[],float32,0,0,0.0,0,0,0,0.0,0.0,0.0
whisper_decoder,39,k_cache_self_9_in_zp,[],uint8,0,0,0.0,0,0,0,0.0,0.0,0.0
whisper_decoder,40,v_cache_self_9_in_scale,[],float32,0,0,0.0,0,0,0,0.0,0.0,0.0
whisper_decoder,41,v_cache_self_9_in_zp,[],uint8,0,0,0.0,0,0,0,0.0,0.0,0.0
whisper_decoder,42,k_cache_self_10_in_scale,[],float32,0,0,0.0,0,0,0,0.0,0.0,0.0
whisper_decoder,43,k_cache_self_10_in_zp,[],uint8,0,0,0.0,0,0,0,0.0,0.0,0.0
whisper_decoder,44,v_cache_self_10_in_scale,[],float32,0,0,0.0,0,0,0,0.0,0.0,0.0
whisper_decoder,45,v_cache_self_10_in_zp,[],uint8,0,0,0.0,0,0,0,0.0,0.0,0.0
whisper_decoder,46,k_cache_self_11_in_scale,[],float32,0,0,0.0,0,0,0,0.0,0.0,0.0
whisper_decoder,47,k_cache_self_11_in_zp,[],uint8,0,0,0.0,0,0,0,0.0,0.0,0.0
whisper_decoder,48,v_cache_self_11_in_scale,[],float32,0,0,0.0,0,0,0,0.0,0.0,0.0
whisper_decoder,49,v_cache_self_11_in_zp,[],uint8,0,0,0.0,0,0,0,0.0,0.0,0.0
whisper_decoder,50,k_cache_cross_0_scale,[],float32,0,0,0.0,0,0,0,0.0,0.0,0.0
whisper_decoder,51,k_cache_cross_0_zp,[],uint8,0,0,0.0,0,0,0,0.0,0.0,0.0
whisper_decoder,52,v_cache_cross_0_scale,[],float32,0,0,0.0,0,0,0,0.0,0.0,0.0
whisper_decoder,53,v_cache_cross_0_zp,[],uint8,0,0,0.0,0,0,0,0.0,0.0,0.0
whisper_decoder,54,k_cache_cross_1_scale,[],float32,0,0,0.0,0,0,0,0.0,0.0,0.0
whisper_decoder,55,k_cache_cross_1_zp,[],uint8,0,0,0.0,0,0,0,0.0,0.0,0.0
whisper_decoder,56,v_cache_cross_1_scale,[],float32,0,0,0.0,0,0,0,0.0,0.0,0.0
whisper_decoder,57,v_cache_cross_1_zp,[],uint8,0,0,0.0,0,0,0,0.0,0.0,0.0
whisper_decoder,58,k_cache_cross_2_scale,[],float32,0,0,0.0,0,0,0,0.0,0.0,0.0
whisper_decoder,59,k_cache_cross_2_zp,[],uint8,0,0,0.0,0,0,0,0.0,0.0,0.0
whisper_decoder,60,v_cache_cross_2_scale,[],float32,0,0,0.0,0,0,0,0.0,0.0,0.0
whisper_decoder,61,v_cache_cross_2_zp,[],uint8,0,0,0.0,0,0,0,0.0,0.0,0.0
whisper_decoder,62,k_cache_cross_3_scale,[],float32,0,0,0.0,0,0,0,0.0,0.0,0.0
whisper_decoder,63,k_cache_cross_3_zp,[],uint8,0,0,0.0,0,0,0,0.0,0.0,0.0
whisper_decoder,64,v_cache_cross_3_scale,[],float32,0,0,0.0,0,0,0,0.0,0.0,0.0
whisper_decoder,65,v_cache_cross_3_zp,[],uint8,0,0,0.0,0,0,0,0.0,0.0,0.0
whisper_decoder,66,k_cache_cross_4_scale,[],float32,0,0,0.0,0,0,0,0.0,0.0,0.0
whisper_decoder,67,k_cache_cross_4_zp,[],uint8,0,0,0.0,0,0,0,0.0,0.0,0.0
whisper_decoder,68,v_cache_cross_4_scale,[],float32,0,0,0.0,0,0,0,0.0,0.0,0.0
whisper_decoder,69,v_cache_cross_4_zp,[],uint8,0,0,0.0,0,0,0,0.0,0.0,0.0
whisper_decoder,70,k_cache_cross_5_scale,[],float32,0,0,0.0,0,0,0,0.0,0.0,0.0
whisper_decoder,71,k_cache_cross_5_zp,[],uint8,0,0,0.0,0,0,0,0.0,0.0,0.0
whisper_decoder,72,v_cache_cross_5_scale,[],float32,0,0,0.0,0,0,0,0.0,0.0,0.0
whisper_decoder,73,v_cache_cross_5_zp,[],uint8,0,0,0.0,0,0,0,0.0,0.0,0.0
whisper_decoder,74,k_cache_cross_6_scale,[],float32,0,0,0.0,0,0,0,0.0,0.0,0.0
whisper_decoder,75,k_cache_cross_6_zp,[],uint8,0,0,0.0,0,0,0,0.0,0.0,0.0
whisper_decoder,76,v_cache_cross_6_scale,[],float32,0,0,0.0,0,0,0,0.0,0.0,0.0
whisper_decoder,77,v_cache_cross_6_zp,[],uint8,0,0,0.0,0,0,0,0.0,0.0,0.0
whisper_decoder,78,k_cache_cross_7_scale,[],float32,0,0,0.0,0,0,0,0.0,0.0,0.0
whisper_decoder,79,k_cache_cross_7_zp,[],uint8,0,0,0.0,0,0,0,0.0,0.0,0.0
whisper_decoder,80,v_cache_cross_7_scale,[],float32,0,0,0.0,0,0,0,0.0,0.0,0.0
whisper_decoder,81,v_cache_cross_7_zp,[],uint8,0,0,0.0,0,0,0,0.0,0.0,0.0
whisper_decoder,82,k_cache_cross_8_scale,[],float32,0,0,0.0,0,0,0,0.0,0.0,0.0
whisper_decoder,83,k_cache_cross_8_zp,[],uint8,0,0,0.0,0,0,0,0.0,0.0,0.0
whisper_decoder,84,v_cache_cross_8_scale,[],float32,0,0,0.0,0,0,0,0.0,0.0,0.0
whisper_decoder,85,v_cache_cross_8_zp,[],uint8,0,0,0.0,0,0,0,0.0,0.0,0.0
whisper_decoder,86,k_cache_cross_9_scale,[],float32,0,0,0.0,0,0,0,0.0,0.0,0.0
whisper_decoder,87,k_cache_cross_9_zp,[],uint8,0,0,0.0,0,0,0,0.0,0.0,0.0
whisper_decoder,88,v_cache_cross_9_scale,[],float32,0,0,0.0,0,0,0,0.0,0.0,0.0
whisper_decoder,89,v_cache_cross_9_zp,[],uint8,0,0,0.0,0,0,0,0.0,0.0,0.0
whisper_decoder,90,k_cache_cross_10_scale,[],float32,0,0,0.0,0,0,0,0.0,0.0,0.0
whisper_decoder,91,k_cache_cross_10_zp,[],uint8,0,0,0.0,0,0,0,0.0,0.0,0.0
whisper_decoder,92,v_cache_cross_10_scale,[],float32,0,0,0.0,0,0,0,0.0,0.0,0.0
whisper_decoder,93,v_cache_cross_10_zp,[],uint8,0,0,0.0,0,0,0,0.0,0.0,0.0
whisper_decoder,94,k_cache_cross_11_scale,[],float32,0,0,0.0,0,0,0,0.0,0.0,0.0
whisper_decoder,95,k_cache_cross_11_zp,[],uint8,0,0,0.0,0,0,0,0.0,0.0,0.0
whisper_decoder,96,v_cache_cross_11_scale,[],float32,0,0,0.0,0,0,0,0.0,0.0,0.0
whisper_decoder,97,v_cache_cross_11_zp,[],uint8,0,0,0.0,0,0,0,0.0,0.0,0.0
whisper_decoder,98,logits_scale,[],float32,0,0,0.0,0,0,0,0.0,0.0,0.0
whisper_decoder,99,logits_zp,[],uint16,0,0,0.0,0,0,0,0.0,0.0,0.0
whisper_decoder,100,k_cache_self_0_out_scale,[],float32,0,0,0.0,0,0,0,0.0,0.0,0.0
whisper_decoder,101,k_cache_self_0_out_zp,[],uint8,0,0,0.0,0,0,0,0.0,0.0,0.0
whisper_decoder,102,v_cache_self_0_out_scale,[],float32,0,0,0.0,0,0,0,0.0,0.0,0.0
whisper_decoder,103,v_cache_self_0_out_zp,[],uint8,0,0,0.0,0,0,0,0.0,0.0,0.0
whisper_decoder,104,k_cache_self_1_out_scale,[],float32,0,0,0.0,0,0,0,0.0,0.0,0.0
whisper_decoder,105,k_cache_self_1_out_zp,[],uint8,0,0,0.0,0,0,0,0.0,0.0,0.0
whisper_decoder,106,v_cache_self_1_out_scale,[],float32,0,0,0.0,0,0,0,0.0,0.0,0.0
whisper_decoder,107,v_cache_self_1_out_zp,[],uint8,0,0,0.0,0,0,0,0.0,0.0,0.0
whisper_decoder,108,k_cache_self_2_out_scale,[],float32,0,0,0.0,0,0,0,0.0,0.0,0.0
whisper_decoder,109,k_cache_self_2_out_zp,[],uint8,0,0,0.0,0,0,0,0.0,0.0,0.0
whisper_decoder,110,v_cache_self_2_out_scale,[],float32,0,0,0.0,0,0,0,0.0,0.0,0.0
whisper_decoder,111,v_cache_self_2_out_zp,[],uint8,0,0,0.0,0,0,0,0.0,0.0,0.0
whisper_decoder,112,k_cache_self_3_out_scale,[],float32,0,0,0.0,0,0,0,0.0,0.0,0.0
whisper_decoder,113,k_cache_self_3_out_zp,[],uint8,0,0,0.0,0,0,0,0.0,0.0,0.0
whisper_decoder,114,v_cache_self_3_out_scale,[],float32,0,0,0.0,0,0,0,0.0,0.0,0.0
whisper_decoder,115,v_cache_self_3_out_zp,[],uint8,0,0,0.0,0,0,0,0.0,0.0,0.0
whisper_decoder,116,k_cache_self_4_out_scale,[],float32,0,0,0.0,0,0,0,0.0,0.0,0.0
whisper_decoder,117,k_cache_self_4_out_zp,[],uint8,0,0,0.0,0,0,0,0.0,0.0,0.0
whisper_decoder,118,v_cache_self_4_out_scale,[],float32,0,0,0.0,0,0,0,0.0,0.0,0.0
whisper_decoder,119,v_cache_self_4_out_zp,[],uint8,0,0,0.0,0,0,0,0.0,0.0,0.0
whisper_decoder,120,k_cache_self_5_out_scale,[],float32,0,0,0.0,0,0,0,0.0,0.0,0.0
whisper_decoder,121,k_cache_self_5_out_zp,[],uint8,0,0,0.0,0,0,0,0.0,0.0,0.0
whisper_decoder,122,v_cache_self_5_out_scale,[],float32,0,0,0.0,0,0,0,0.0,0.0,0.0
whisper_decoder,123,v_cache_self_5_out_zp,[],uint8,0,0,0.0,0,0,0,0.0,0.0,0.0
whisper_decoder,124,k_cache_self_6_out_scale,[],float32,0,0,0.0,0,0,0,0.0,0.0,0.0
whisper_decoder,125,k_cache_self_6_out_zp,[],uint8,0,0,0.0,0,0,0,0.0,0.0,0.0
whisper_decoder,126,v_cache_self_6_out_scale,[],float32,0,0,0.0,0,0,0,0.0,0.0,0.0
whisper_decoder,127,v_cache_self_6_out_zp,[],uint8,0,0,0.0,0,0,0,0.0,0.0,0.0
whisper_decoder,128,k_cache_self_7_out_scale,[],float32,0,0,0.0,0,0,0,0.0,0.0,0.0
whisper_decoder,129,k_cache_self_7_out_zp,[],uint8,0,0,0.0,0,0,0,0.0,0.0,0.0
whisper_decoder,130,v_cache_self_7_out_scale,[],float32,0,0,0.0,0,0,0,0.0,0.0,0.0
whisper_decoder,131,v_cache_self_7_out_zp,[],uint8,0,0,0.0,0,0,0,0.0,0.0,0.0
whisper_decoder,132,k_cache_self_8_out_scale,[],float32,0,0,0.0,0,0,0,0.0,0.0,0.0
whisper_decoder,133,k_cache_self_8_out_zp,[],uint8,0,0,0.0,0,0,0,0.0,0.0,0.0
whisper_decoder,134,v_cache_self_8_out_scale,[],float32,0,0,0.0,0,0,0,0.0,0.0,0.0
whisper_decoder,135,v_cache_self_8_out_zp,[],uint8,0,0,0.0,0,0,0,0.0,0.0,0.0
whisper_decoder,136,k_cache_self_9_out_scale,[],float32,0,0,0.0,0,0,0,0.0,0.0,0.0
whisper_decoder,137,k_cache_self_9_out_zp,[],uint8,0,0,0.0,0,0,0,0.0,0.0,0.0
whisper_decoder,138,v_cache_self_9_out_scale,[],float32,0,0,0.0,0,0,0,0.0,0.0,0.0
whisper_decoder,139,v_cache_self_9_out_zp,[],uint8,0,0,0.0,0,0,0,0.0,0.0,0.0
whisper_decoder,140,k_cache_self_10_out_scale,[],float32,0,0,0.0,0,0,0,0.0,0.0,0.0
whisper_decoder,141,k_cache_self_10_out_zp,[],uint8,0,0,0.0,0,0,0,0.0,0.0,0.0
whisper_decoder,142,v_cache_self_10_out_scale,[],float32,0,0,0.0,0,0,0,0.0,0.0,0.0
whisper_decoder,143,v_cache_self_10_out_zp,[],uint8,0,0,0.0,0,0,0,0.0,0.0,0.0
whisper_decoder,144,k_cache_self_11_out_scale,[],float32,0,0,0.0,0,0,0,0.0,0.0,0.0
whisper_decoder,145,k_cache_self_11_out_zp,[],uint8,0,0,0.0,0,0,0,0.0,0.0,0.0
whisper_decoder,146,v_cache_self_11_out_scale,[],float32,0,0,0.0,0,0,0,0.0,0.0,0.0
whisper_decoder,147,v_cache_self_11_out_zp,[],uint8,0,0,0.0,0,0,0,0.0,0.0,0.0
whisper_decoder,148,input_ids,"[1, 1]",int32,1,4,4e-06,65000,680,336,302250.0,510.0,436.79999999999995
whisper_decoder,149,attention_mask,"[1, 1, 1, 200]",uint16,200,400,0.000381,6500000,68000,33600,30225000.0,51000.0,43679.99999999999
whisper_decoder,150,k_cache_self_0_in,"[12, 1, 64, 199]",uint8,152832,152832,0.145752,2483520000,25981440,12837888,11548368000.0,19486080.0,16689254.399999999
whisper_decoder,151,v_cache_self_0_in,"[12, 1, 199, 64]",uint8,152832,152832,0.145752,2483520000,25981440,12837888,11548368000.0,19486080.0,16689254.399999999
whisper_decoder,152,k_cache_self_1_in,"[12, 1, 64, 199]",uint8,152832,152832,0.145752,2483520000,25981440,12837888,11548368000.0,19486080.0,16689254.399999999
whisper_decoder,153,v_cache_self_1_in,"[12, 1, 199, 64]",uint8,152832,152832,0.145752,2483520000,25981440,12837888,11548368000.0,19486080.0,16689254.399999999
whisper_decoder,154,k_cache_self_2_in,"[12, 1, 64, 199]",uint8,152832,152832,0.145752,2483520000,25981440,12837888,11548368000.0,19486080.0,16689254.399999999
whisper_decoder,155,v_cache_self_2_in,"[12, 1, 199, 64]",uint8,152832,152832,0.145752,2483520000,25981440,12837888,11548368000.0,19486080.0,16689254.399999999
whisper_decoder,156,k_cache_self_3_in,"[12, 1, 64, 199]",uint8,152832,152832,0.145752,2483520000,25981440,12837888,11548368000.0,19486080.0,16689254.399999999
whisper_decoder,157,v_cache_self_3_in,"[12, 1, 199, 64]",uint8,152832,152832,0.145752,2483520000,25981440,12837888,11548368000.0,19486080.0,16689254.399999999
whisper_decoder,158,k_cache_self_4_in,"[12, 1, 64, 199]",uint8,152832,152832,0.145752,2483520000,25981440,12837888,11548368000.0,19486080.0,16689254.399999999
whisper_decoder,159,v_cache_self_4_in,"[12, 1, 199, 64]",uint8,152832,152832,0.145752,2483520000,25981440,12837888,11548368000.0,19486080.0,16689254.399999999
whisper_decoder,160,k_cache_self_5_in,"[12, 1, 64, 199]",uint8,152832,152832,0.145752,2483520000,25981440,12837888,11548368000.0,19486080.0,16689254.399999999
whisper_decoder,161,v_cache_self_5_in,"[12, 1, 199, 64]",uint8,152832,152832,0.145752,2483520000,25981440,12837888,11548368000.0,19486080.0,16689254.399999999
whisper_decoder,162,k_cache_self_6_in,"[12, 1, 64, 199]",uint8,152832,152832,0.145752,2483520000,25981440,12837888,11548368000.0,19486080.0,16689254.399999999
whisper_decoder,163,v_cache_self_6_in,"[12, 1, 199, 64]",uint8,152832,152832,0.145752,2483520000,25981440,12837888,11548368000.0,19486080.0,16689254.399999999
whisper_decoder,164,k_cache_self_7_in,"[12, 1, 64, 199]",uint8,152832,152832,0.145752,2483520000,25981440,12837888,11548368000.0,19486080.0,16689254.399999999
whisper_decoder,165,v_cache_self_7_in,"[12, 1, 199, 64]",uint8,152832,152832,0.145752,2483520000,25981440,12837888,11548368000.0,19486080.0,16689254.399999999
whisper_decoder,166,k_cache_self_8_in,"[12, 1, 64, 199]",uint8,152832,152832,0.145752,2483520000,25981440,12837888,11548368000.0,19486080.0,16689254.399999999
whisper_decoder,167,v_cache_self_8_in,"[12, 1, 199, 64]",uint8,152832,152832,0.145752,2483520000,25981440,12837888,11548368000.0,19486080.0,16689254.399999999
whisper_decoder,168,k_cache_self_9_in,"[12, 1, 64, 199]",uint8,152832,152832,0.145752,2483520000,25981440,12837888,11548368000.0,19486080.0,16689254.399999999
whisper_decoder,169,v_cache_self_9_in,"[12, 1, 199, 64]",uint8,152832,152832,0.145752,2483520000,25981440,12837888,11548368000.0,19486080.0,16689254.399999999
whisper_decoder,170,k_cache_self_10_in,"[12, 1, 64, 199]",uint8,152832,152832,0.145752,2483520000,25981440,12837888,11548368000.0,19486080.0,16689254.399999999
whisper_decoder,171,v_cache_self_10_in,"[12, 1, 199, 64]",uint8,152832,152832,0.145752,2483520000,25981440,12837888,11548368000.0,19486080.0,16689254.399999999
whisper_decoder,172,k_cache_self_11_in,"[12, 1, 64, 199]",uint8,152832,152832,0.145752,2483520000,25981440,12837888,11548368000.0,19486080.0,16689254.399999999
whisper_decoder,173,v_cache_self_11_in,"[12, 1, 199, 64]",uint8,152832,152832,0.145752,2483520000,25981440,12837888,11548368000.0,19486080.0,16689254.399999999
whisper_decoder,174,k_cache_cross_0,"[12, 1, 64, 1500]",uint8,1152000,1152000,1.098633,18720000000,195840000,96768000,87048000000.0,146880000.0,125798399.99999999
whisper_decoder,175,v_cache_cross_0,"[12, 1, 1500, 64]",uint8,1152000,1152000,1.098633,18720000000,195840000,96768000,87048000000.0,146880000.0,125798399.99999999
whisper_decoder,176,k_cache_cross_1,"[12, 1, 64, 1500]",uint8,1152000,1152000,1.098633,18720000000,195840000,96768000,87048000000.0,146880000.0,125798399.99999999
whisper_decoder,177,v_cache_cross_1,"[12, 1, 1500, 64]",uint8,1152000,1152000,1.098633,18720000000,195840000,96768000,87048000000.0,146880000.0,125798399.99999999
whisper_decoder,178,k_cache_cross_2,"[12, 1, 64, 1500]",uint8,1152000,1152000,1.098633,18720000000,195840000,96768000,87048000000.0,146880000.0,125798399.99999999
whisper_decoder,179,v_cache_cross_2,"[12, 1, 1500, 64]",uint8,1152000,1152000,1.098633,18720000000,195840000,96768000,87048000000.0,146880000.0,125798399.99999999
whisper_decoder,180,k_cache_cross_3,"[12, 1, 64, 1500]",uint8,1152000,1152000,1.098633,18720000000,195840000,96768000,87048000000.0,146880000.0,125798399.99999999
whisper_decoder,181,v_cache_cross_3,"[12, 1, 1500, 64]",uint8,1152000,1152000,1.098633,18720000000,195840000,96768000,87048000000.0,146880000.0,125798399.99999999
whisper_decoder,182,k_cache_cross_4,"[12, 1, 64, 1500]",uint8,1152000,1152000,1.098633,18720000000,195840000,96768000,87048000000.0,146880000.0,125798399.99999999
whisper_decoder,183,v_cache_cross_4,"[12, 1, 1500, 64]",uint8,1152000,1152000,1.098633,18720000000,195840000,96768000,87048000000.0,146880000.0,125798399.99999999
whisper_decoder,184,k_cache_cross_5,"[12, 1, 64, 1500]",uint8,1152000,1152000,1.098633,18720000000,195840000,96768000,87048000000.0,146880000.0,125798399.99999999
whisper_decoder,185,v_cache_cross_5,"[12, 1, 1500, 64]",uint8,1152000,1152000,1.098633,18720000000,195840000,96768000,87048000000.0,146880000.0,125798399.99999999
whisper_decoder,186,k_cache_cross_6,"[12, 1, 64, 1500]",uint8,1152000,1152000,1.098633,18720000000,195840000,96768000,87048000000.0,146880000.0,125798399.99999999
whisper_decoder,187,v_cache_cross_6,"[12, 1, 1500, 64]",uint8,1152000,1152000,1.098633,18720000000,195840000,96768000,87048000000.0,146880000.0,125798399.99999999
whisper_decoder,188,k_cache_cross_7,"[12, 1, 64, 1500]",uint8,1152000,1152000,1.098633,18720000000,195840000,96768000,87048000000.0,146880000.0,125798399.99999999
whisper_decoder,189,v_cache_cross_7,"[12, 1, 1500, 64]",uint8,1152000,1152000,1.098633,18720000000,195840000,96768000,87048000000.0,146880000.0,125798399.99999999
whisper_decoder,190,k_cache_cross_8,"[12, 1, 64, 1500]",uint8,1152000,1152000,1.098633,18720000000,195840000,96768000,87048000000.0,146880000.0,125798399.99999999
whisper_decoder,191,v_cache_cross_8,"[12, 1, 1500, 64]",uint8,1152000,1152000,1.098633,18720000000,195840000,96768000,87048000000.0,146880000.0,125798399.99999999
whisper_decoder,192,k_cache_cross_9,"[12, 1, 64, 1500]",uint8,1152000,1152000,1.098633,18720000000,195840000,96768000,87048000000.0,146880000.0,125798399.99999999
whisper_decoder,193,v_cache_cross_9,"[12, 1, 1500, 64]",uint8,1152000,1152000,1.098633,18720000000,195840000,96768000,87048000000.0,146880000.0,125798399.99999999
whisper_decoder,194,k_cache_cross_10,"[12, 1, 64, 1500]",uint8,1152000,1152000,1.098633,18720000000,195840000,96768000,87048000000.0,146880000.0,125798399.99999999
whisper_decoder,195,v_cache_cross_10,"[12, 1, 1500, 64]",uint8,1152000,1152000,1.098633,18720000000,195840000,96768000,87048000000.0,146880000.0,125798399.99999999
whisper_decoder,196,k_cache_cross_11,"[12, 1, 64, 1500]",uint8,1152000,1152000,1.098633,18720000000,195840000,96768000,87048000000.0,146880000.0,125798399.99999999
whisper_decoder,197,v_cache_cross_11,"[12, 1, 1500, 64]",uint8,1152000,1152000,1.098633,18720000000,195840000,96768000,87048000000.0,146880000.0,125798399.99999999
whisper_decoder,198,position_ids,[1],int32,1,4,4e-06,65000,680,336,302250.0,510.0,436.79999999999995
whisper_decoder,199,logits,"[1, 51865, 1, 1]",uint16,51865,103730,0.098925,1685612500,17634100,8713320,7838098125.0,13225575.0,11327315.999999998
whisper_decoder,200,k_cache_self_0_out,"[12, 1, 64, 199]",uint8,152832,152832,0.145752,2483520000,25981440,12837888,11548368000.0,19486080.0,16689254.399999999
whisper_decoder,201,v_cache_self_0_out,"[12, 1, 199, 64]",uint8,152832,152832,0.145752,2483520000,25981440,12837888,11548368000.0,19486080.0,16689254.399999999
whisper_decoder,202,k_cache_self_1_out,"[12, 1, 64, 199]",uint8,152832,152832,0.145752,2483520000,25981440,12837888,11548368000.0,19486080.0,16689254.399999999
whisper_decoder,203,v_cache_self_1_out,"[12, 1, 199, 64]",uint8,152832,152832,0.145752,2483520000,25981440,12837888,11548368000.0,19486080.0,16689254.399999999
whisper_decoder,204,k_cache_self_2_out,"[12, 1, 64, 199]",uint8,152832,152832,0.145752,2483520000,25981440,12837888,11548368000.0,19486080.0,16689254.399999999
whisper_decoder,205,v_cache_self_2_out,"[12, 1, 199, 64]",uint8,152832,152832,0.145752,2483520000,25981440,12837888,11548368000.0,19486080.0,16689254.399999999
whisper_decoder,206,k_cache_self_3_out,"[12, 1, 64, 199]",uint8,152832,152832,0.145752,2483520000,25981440,12837888,11548368000.0,19486080.0,16689254.399999999
whisper_decoder,207,v_cache_self_3_out,"[12, 1, 199, 64]",uint8,152832,152832,0.145752,2483520000,25981440,12837888,11548368000.0,19486080.0,16689254.399999999
whisper_decoder,208,k_cache_self_4_out,"[12, 1, 64, 199]",uint8,152832,152832,0.145752,2483520000,25981440,12837888,11548368000.0,19486080.0,16689254.399999999
whisper_decoder,209,v_cache_self_4_out,"[12, 1, 199, 64]",uint8,152832,152832,0.145752,2483520000,25981440,12837888,11548368000.0,19486080.0,16689254.399999999
whisper_decoder,210,k_cache_self_5_out,"[12, 1, 64, 199]",uint8,152832,152832,0.145752,2483520000,25981440,12837888,11548368000.0,19486080.0,16689254.399999999
whisper_decoder,211,v_cache_self_5_out,"[12, 1, 199, 64]",uint8,152832,152832,0.145752,2483520000,25981440,12837888,11548368000.0,19486080.0,16689254.399999999
whisper_decoder,212,k_cache_self_6_out,"[12, 1, 64, 199]",uint8,152832,152832,0.145752,2483520000,25981440,12837888,11548368000.0,19486080.0,16689254.399999999
whisper_decoder,213,v_cache_self_6_out,"[12, 1, 199, 64]",uint8,152832,152832,0.145752,2483520000,25981440,12837888,11548368000.0,19486080.0,16689254.399999999
whisper_decoder,214,k_cache_self_7_out,"[12, 1, 64, 199]",uint8,152832,152832,0.145752,2483520000,25981440,12837888,11548368000.0,19486080.0,16689254.399999999
whisper_decoder,215,v_cache_self_7_out,"[12, 1, 199, 64]",uint8,152832,152832,0.145752,2483520000,25981440,12837888,11548368000.0,19486080.0,16689254.399999999
whisper_decoder,216,k_cache_self_8_out,"[12, 1, 64, 199]",uint8,152832,152832,0.145752,2483520000,25981440,12837888,11548368000.0,19486080.0,16689254.399999999
whisper_decoder,217,v_cache_self_8_out,"[12, 1, 199, 64]",uint8,152832,152832,0.145752,2483520000,25981440,12837888,11548368000.0,19486080.0,16689254.399999999
whisper_decoder,218,k_cache_self_9_out,"[12, 1, 64, 199]",uint8,152832,152832,0.145752,2483520000,25981440,12837888,11548368000.0,19486080.0,16689254.399999999
whisper_decoder,219,v_cache_self_9_out,"[12, 1, 199, 64]",uint8,152832,152832,0.145752,2483520000,25981440,12837888,11548368000.0,19486080.0,16689254.399999999
whisper_decoder,220,k_cache_self_10_out,"[12, 1, 64, 199]",uint8,152832,152832,0.145752,2483520000,25981440,12837888,11548368000.0,19486080.0,16689254.399999999
whisper_decoder,221,v_cache_self_10_out,"[12, 1, 199, 64]",uint8,152832,152832,0.145752,2483520000,25981440,12837888,11548368000.0,19486080.0,16689254.399999999
whisper_decoder,222,k_cache_self_11_out,"[12, 1, 64, 199]",uint8,152832,152832,0.145752,2483520000,25981440,12837888,11548368000.0,19486080.0,16689254.399999999
whisper_decoder,223,v_cache_self_11_out,"[12, 1, 199, 64]",uint8,152832,152832,0.145752,2483520000,25981440,12837888,11548368000.0,19486080.0,16689254.399999999

whisper_decoder - TOTAL,,TOTAL,,,35036003,35088074,33.46,570181202500,5964972580,2947398216,2651342591625.0,4473729435.0,3831617680.7999997

whisper_encoder,0,input_features_scale,[],float32,0,0,0.0,0,0,0,0.0,0.0,0.0
whisper_encoder,1,input_features_zp,[],uint16,0,0,0.0,0,0,0,0.0,0.0,0.0
whisper_encoder,2,k_cache_cross_0_scale,[],float32,0,0,0.0,0,0,0,0.0,0.0,0.0
whisper_encoder,3,k_cache_cross_0_zp,[],uint8,0,0,0.0,0,0,0,0.0,0.0,0.0
whisper_encoder,4,v_cache_cross_0_scale,[],float32,0,0,0.0,0,0,0,0.0,0.0,0.0
whisper_encoder,5,v_cache_cross_0_zp,[],uint8,0,0,0.0,0,0,0,0.0,0.0,0.0
whisper_encoder,6,k_cache_cross_1_scale,[],float32,0,0,0.0,0,0,0,0.0,0.0,0.0
whisper_encoder,7,k_cache_cross_1_zp,[],uint8,0,0,0.0,0,0,0,0.0,0.0,0.0
whisper_encoder,8,v_cache_cross_1_scale,[],float32,0,0,0.0,0,0,0,0.0,0.0,0.0
whisper_encoder,9,v_cache_cross_1_zp,[],uint8,0,0,0.0,0,0,0,0.0,0.0,0.0
whisper_encoder,10,k_cache_cross_2_scale,[],float32,0,0,0.0,0,0,0,0.0,0.0,0.0
whisper_encoder,11,k_cache_cross_2_zp,[],uint8,0,0,0.0,0,0,0,0.0,0.0,0.0
whisper_encoder,12,v_cache_cross_2_scale,[],float32,0,0,0.0,0,0,0,0.0,0.0,0.0
whisper_encoder,13,v_cache_cross_2_zp,[],uint8,0,0,0.0,0,0,0,0.0,0.0,0.0
whisper_encoder,14,k_cache_cross_3_scale,[],float32,0,0,0.0,0,0,0,0.0,0.0,0.0
whisper_encoder,15,k_cache_cross_3_zp,[],uint8,0,0,0.0,0,0,0,0.0,0.0,0.0
whisper_encoder,16,v_cache_cross_3_scale,[],float32,0,0,0.0,0,0,0,0.0,0.0,0.0
whisper_encoder,17,v_cache_cross_3_zp,[],uint8,0,0,0.0,0,0,0,0.0,0.0,0.0
whisper_encoder,18,k_cache_cross_4_scale,[],float32,0,0,0.0,0,0,0,0.0,0.0,0.0
whisper_encoder,19,k_cache_cross_4_zp,[],uint8,0,0,0.0,0,0,0,0.0,0.0,0.0
whisper_encoder,20,v_cache_cross_4_scale,[],float32,0,0,0.0,0,0,0,0.0,0.0,0.0
whisper_encoder,21,v_cache_cross_4_zp,[],uint8,0,0,0.0,0,0,0,0.0,0.0,0.0
whisper_encoder,22,k_cache_cross_5_scale,[],float32,0,0,0.0,0,0,0,0.0,0.0,0.0
whisper_encoder,23,k_cache_cross_5_zp,[],uint8,0,0,0.0,0,0,0,0.0,0.0,0.0
whisper_encoder,24,v_cache_cross_5_scale,[],float32,0,0,0.0,0,0,0,0.0,0.0,0.0
whisper_encoder,25,v_cache_cross_5_zp,[],uint8,0,0,0.0,0,0,0,0.0,0.0,0.0
whisper_encoder,26,k_cache_cross_6_scale,[],float32,0,0,0.0,0,0,0,0.0,0.0,0.0
whisper_encoder,27,k_cache_cross_6_zp,[],uint8,0,0,0.0,0,0,0,0.0,0.0,0.0
whisper_encoder,28,v_cache_cross_6_scale,[],float32,0,0,0.0,0,0,0,0.0,0.0,0.0
whisper_encoder,29,v_cache_cross_6_zp,[],uint8,0,0,0.0,0,0,0,0.0,0.0,0.0
whisper_encoder,30,k_cache_cross_7_scale,[],float32,0,0,0.0,0,0,0,0.0,0.0,0.0
whisper_encoder,31,k_cache_cross_7_zp,[],uint8,0,0,0.0,0,0,0,0.0,0.0,0.0
whisper_encoder,32,v_cache_cross_7_scale,[],float32,0,0,0.0,0,0,0,0.0,0.0,0.0
whisper_encoder,33,v_cache_cross_7_zp,[],uint8,0,0,0.0,0,0,0,0.0,0.0,0.0
whisper_encoder,34,k_cache_cross_8_scale,[],float32,0,0,0.0,0,0,0,0.0,0.0,0.0
whisper_encoder,35,k_cache_cross_8_zp,[],uint8,0,0,0.0,0,0,0,0.0,0.0,0.0
whisper_encoder,36,v_cache_cross_8_scale,[],float32,0,0,0.0,0,0,0,0.0,0.0,0.0
whisper_encoder,37,v_cache_cross_8_zp,[],uint8,0,0,0.0,0,0,0,0.0,0.0,0.0
whisper_encoder,38,k_cache_cross_9_scale,[],float32,0,0,0.0,0,0,0,0.0,0.0,0.0
whisper_encoder,39,k_cache_cross_9_zp,[],uint8,0,0,0.0,0,0,0,0.0,0.0,0.0
whisper_encoder,40,v_cache_cross_9_scale,[],float32,0,0,0.0,0,0,0,0.0,0.0,0.0
whisper_encoder,41,v_cache_cross_9_zp,[],uint8,0,0,0.0,0,0,0,0.0,0.0,0.0
whisper_encoder,42,k_cache_cross_10_scale,[],float32,0,0,0.0,0,0,0,0.0,0.0,0.0
whisper_encoder,43,k_cache_cross_10_zp,[],uint8,0,0,0.0,0,0,0,0.0,0.0,0.0
whisper_encoder,44,v_cache_cross_10_scale,[],float32,0,0,0.0,0,0,0,0.0,0.0,0.0
whisper_encoder,45,v_cache_cross_10_zp,[],uint8,0,0,0.0,0,0,0,0.0,0.0,0.0
whisper_encoder,46,k_cache_cross_11_scale,[],float32,0,0,0.0,0,0,0,0.0,0.0,0.0
whisper_encoder,47,k_cache_cross_11_zp,[],uint8,0,0,0.0,0,0,0,0.0,0.0,0.0
whisper_encoder,48,v_cache_cross_11_scale,[],float32,0,0,0.0,0,0,0,0.0,0.0,0.0
whisper_encoder,49,v_cache_cross_11_zp,[],uint8,0,0,0.0,0,0,0,0.0,0.0,0.0
whisper_encoder,50,input_features,"[1, 80, 3000]",uint16,240000,480000,0.457764,7800000000,81600000,40320000,36270000000.0,61200000.0,52415999.99999999
whisper_encoder,51,k_cache_cross_0,"[12, 1, 64, 1500]",uint8,1152000,1152000,1.098633,18720000000,195840000,96768000,87048000000.0,146880000.0,125798399.99999999
whisper_encoder,52,v_cache_cross_0,"[12, 1, 1500, 64]",uint8,1152000,1152000,1.098633,18720000000,195840000,96768000,87048000000.0,146880000.0,125798399.99999999
whisper_encoder,53,k_cache_cross_1,"[12, 1, 64, 1500]",uint8,1152000,1152000,1.098633,18720000000,195840000,96768000,87048000000.0,146880000.0,125798399.99999999
whisper_encoder,54,v_cache_cross_1,"[12, 1, 1500, 64]",uint8,1152000,1152000,1.098633,18720000000,195840000,96768000,87048000000.0,146880000.0,125798399.99999999
whisper_encoder,55,k_cache_cross_2,"[12, 1, 64, 1500]",uint8,1152000,1152000,1.098633,18720000000,195840000,96768000,87048000000.0,146880000.0,125798399.99999999
whisper_encoder,56,v_cache_cross_2,"[12, 1, 1500, 64]",uint8,1152000,1152000,1.098633,18720000000,195840000,96768000,87048000000.0,146880000.0,125798399.99999999
whisper_encoder,57,k_cache_cross_3,"[12, 1, 64, 1500]",uint8,1152000,1152000,1.098633,18720000000,195840000,96768000,87048000000.0,146880000.0,125798399.99999999
whisper_encoder,58,v_cache_cross_3,"[12, 1, 1500, 64]",uint8,1152000,1152000,1.098633,18720000000,195840000,96768000,87048000000.0,146880000.0,125798399.99999999
whisper_encoder,59,k_cache_cross_4,"[12, 1, 64, 1500]",uint8,1152000,1152000,1.098633,18720000000,195840000,96768000,87048000000.0,146880000.0,125798399.99999999
whisper_encoder,60,v_cache_cross_4,"[12, 1, 1500, 64]",uint8,1152000,1152000,1.098633,18720000000,195840000,96768000,87048000000.0,146880000.0,125798399.99999999
whisper_encoder,61,k_cache_cross_5,"[12, 1, 64, 1500]",uint8,1152000,1152000,1.098633,18720000000,195840000,96768000,87048000000.0,146880000.0,125798399.99999999
whisper_encoder,62,v_cache_cross_5,"[12, 1, 1500, 64]",uint8,1152000,1152000,1.098633,18720000000,195840000,96768000,87048000000.0,146880000.0,125798399.99999999
whisper_encoder,63,k_cache_cross_6,"[12, 1, 64, 1500]",uint8,1152000,1152000,1.098633,18720000000,195840000,96768000,87048000000.0,146880000.0,125798399.99999999
whisper_encoder,64,v_cache_cross_6,"[12, 1, 1500, 64]",uint8,1152000,1152000,1.098633,18720000000,195840000,96768000,87048000000.0,146880000.0,125798399.99999999
whisper_encoder,65,k_cache_cross_7,"[12, 1, 64, 1500]",uint8,1152000,1152000,1.098633,18720000000,195840000,96768000,87048000000.0,146880000.0,125798399.99999999
whisper_encoder,66,v_cache_cross_7,"[12, 1, 1500, 64]",uint8,1152000,1152000,1.098633,18720000000,195840000,96768000,87048000000.0,146880000.0,125798399.99999999
whisper_encoder,67,k_cache_cross_8,"[12, 1, 64, 1500]",uint8,1152000,1152000,1.098633,18720000000,195840000,96768000,87048000000.0,146880000.0,125798399.99999999
whisper_encoder,68,v_cache_cross_8,"[12, 1, 1500, 64]",uint8,1152000,1152000,1.098633,18720000000,195840000,96768000,87048000000.0,146880000.0,125798399.99999999
whisper_encoder,69,k_cache_cross_9,"[12, 1, 64, 1500]",uint8,1152000,1152000,1.098633,18720000000,195840000,96768000,87048000000.0,146880000.0,125798399.99999999
whisper_encoder,70,v_cache_cross_9,"[12, 1, 1500, 64]",uint8,1152000,1152000,1.098633,18720000000,195840000,96768000,87048000000.0,146880000.0,125798399.99999999
whisper_encoder,71,k_cache_cross_10,"[12, 1, 64, 1500]",uint8,1152000,1152000,1.098633,18720000000,195840000,96768000,87048000000.0,146880000.0,125798399.99999999
whisper_encoder,72,v_cache_cross_10,"[12, 1, 1500, 64]",uint8,1152000,1152000,1.098633,18720000000,195840000,96768000,87048000000.0,146880000.0,125798399.99999999
whisper_encoder,73,k_cache_cross_11,"[12, 1, 64, 1500]",uint8,1152000,1152000,1.098633,18720000000,195840000,96768000,87048000000.0,146880000.0,125798399.99999999
whisper_encoder,74,v_cache_cross_11,"[12, 1, 1500, 64]",uint8,1152000,1152000,1.098633,18720000000,195840000,96768000,87048000000.0,146880000.0,125798399.99999999

whisper_encoder - TOTAL,,TOTAL,,,27888000,28128000,26.82,457080000000,4781760000,2362752000,2125422000000.0,3586320000.0,3071577599.9999995

YamNet,0,model.classifier.weight,"[521, 1024]",float32,533504,2134016,2.035156,34677760000,362782720,179257344,161251584000.0,272087040.0,233034547.2
YamNet,1,model.classifier.weight_scale,[],float32,0,4,4e-06,65000,680,336,302250.0,510.0,436.79999999999995
YamNet,2,model.classifier.weight_zero_point,[],int8,0,1,1e-06,16250,170,84,75562.5,127.5,109.19999999999999
YamNet,3,onnx::Conv_241,"[32, 1, 3, 3]",float32,288,1152,0.001099,18720000,195840,96768,87048000.0,146880.0,125798.4
YamNet,4,onnx::Conv_241_scale,[32],float32,32,128,0.000122,2080000,21760,10752,9672000.0,16320.0,13977.599999999999
YamNet,5,onnx::Conv_241_zero_point,[32],int8,32,32,3.1e-05,520000,5440,2688,2418000.0,4080.0,3494.3999999999996
YamNet,6,onnx::Conv_244,"[32, 1, 3, 3]",float32,288,1152,0.001099,18720000,195840,96768,87048000.0,146880.0,125798.4
YamNet,7,onnx::Conv_244_scale,[32],float32,32,128,0.000122,2080000,21760,10752,9672000.0,16320.0,13977.599999999999
YamNet,8,onnx::Conv_247,"[64, 32, 1, 1]",float32,2048,8192,0.007812,133120000,1392640,688128,619008000.0,1044480.0,894566.3999999999
YamNet,9,onnx::Conv_247_scale,[64],float32,64,256,0.000244,4160000,43520,21504,19344000.0,32640.0,27955.199999999997
YamNet,10,onnx::Conv_247_zero_point,[64],int8,64,64,6.1e-05,1040000,10880,5376,4836000.0,8160.0,6988.799999999999
YamNet,11,onnx::Conv_250,"[64, 1, 3, 3]",float32,576,2304,0.002197,37440000,391680,193536,174096000.0,293760.0,251596.8
YamNet,12,onnx::Conv_250_scale,[64],float32,64,256,0.000244,4160000,43520,21504,19344000.0,32640.0,27955.199999999997
YamNet,13,onnx::Conv_253,"[128, 64, 1, 1]",float32,8192,32768,0.03125,532480000,5570560,2752512,2476032000.0,4177920.0,3578265.5999999996
YamNet,14,onnx::Conv_253_scale,[128],float32,128,512,0.000488,8320000,87040,43008,38688000.0,65280.0,55910.399999999994
YamNet,15,onnx::Conv_253_zero_point,[128],int8,128,128,0.000122,2080000,21760,10752,9672000.0,16320.0,13977.599999999999
YamNet,16,onnx::Conv_256,"[128, 1, 3, 3]",float32,1152,4608,0.004395,74880000,783360,387072,348192000.0,587520.0,503193.6
YamNet,17,onnx::Conv_256_scale,[128],float32,128,512,0.000488,8320000,87040,43008,38688000.0,65280.0,55910.399999999994
YamNet,18,onnx::Conv_259,"[128, 128, 1, 1]",float32,16384,65536,0.0625,1064960000,11141120,5505024,4952064000.0,8355840.0,7156531.199999999
YamNet,19,onnx::Conv_259_scale,[128],float32,128,512,0.000488,8320000,87040,43008,38688000.0,65280.0,55910.399999999994
YamNet,20,onnx::Conv_262,"[128, 1, 3, 3]",float32,1152,4608,0.004395,74880000,783360,387072,348192000.0,587520.0,503193.6
YamNet,21,onnx::Conv_262_scale,[128],float32,128,512,0.000488,8320000,87040,43008,38688000.0,65280.0,55910.399999999994
YamNet,22,onnx::Conv_265,"[256, 128, 1, 1]",float32,32768,131072,0.125,2129920000,22282240,11010048,9904128000.0,16711680.0,14313062.399999999
YamNet,23,onnx::Conv_265_scale,[256],float32,256,1024,0.000977,16640000,174080,86016,77376000.0,130560.0,111820.79999999999
YamNet,24,onnx::Conv_265_zero_point,[256],int8,256,256,0.000244,4160000,43520,21504,19344000.0,32640.0,27955.199999999997
YamNet,25,onnx::Conv_268,"[256, 1, 3, 3]",float32,2304,9216,0.008789,149760000,1566720,774144,696384000.0,1175040.0,1006387.2
YamNet,26,onnx::Conv_268_scale,[256],float32,256,1024,0.000977,16640000,174080,86016,77376000.0,130560.0,111820.79999999999
YamNet,27,onnx::Conv_271,"[256, 256, 1, 1]",float32,65536,262144,0.25,4259840000,44564480,22020096,19808256000.0,33423360.0,28626124.799999997
YamNet,28,onnx::Conv_271_scale,[256],float32,256,1024,0.000977,16640000,174080,86016,77376000.0,130560.0,111820.79999999999
YamNet,29,onnx::Conv_274,"[256, 1, 3, 3]",float32,2304,9216,0.008789,149760000,1566720,774144,696384000.0,1175040.0,1006387.2
YamNet,30,onnx::Conv_274_scale,[256],float32,256,1024,0.000977,16640000,174080,86016,77376000.0,130560.0,111820.79999999999
YamNet,31,onnx::Conv_277,"[512, 256, 1, 1]",float32,131072,524288,0.5,8519680000,89128960,44040192,39616512000.0,66846720.0,57252249.599999994
YamNet,32,onnx::Conv_277_scale,[512],float32,512,2048,0.001953,33280000,348160,172032,154752000.0,261120.0,223641.59999999998
YamNet,33,onnx::Conv_277_zero_point,[512],int8,512,512,0.000488,8320000,87040,43008,38688000.0,65280.0,55910.399999999994
YamNet,34,onnx::Conv_280,"[512, 1, 3, 3]",float32,4608,18432,0.017578,299520000,3133440,1548288,1392768000.0,2350080.0,2012774.4
YamNet,35,onnx::Conv_280_scale,[512],float32,512,2048,0.001953,33280000,348160,172032,154752000.0,261120.0,223641.59999999998
YamNet,36,onnx::Conv_283,"[512, 512, 1, 1]",float32,262144,1048576,1.0,17039360000,178257920,88080384,79233024000.0,133693440.0,114504499.19999999
YamNet,37,onnx::Conv_283_scale,[512],float32,512,2048,0.001953,33280000,348160,172032,154752000.0,261120.0,223641.59999999998
YamNet,38,onnx::Conv_286,"[512, 1, 3, 3]",float32,4608,18432,0.017578,299520000,3133440,1548288,1392768000.0,2350080.0,2012774.4
YamNet,39,onnx::Conv_286_scale,[512],float32,512,2048,0.001953,33280000,348160,172032,154752000.0,261120.0,223641.59999999998
YamNet,40,onnx::Conv_289,"[512, 512, 1, 1]",float32,262144,1048576,1.0,17039360000,178257920,88080384,79233024000.0,133693440.0,114504499.19999999
YamNet,41,onnx::Conv_289_scale,[512],float32,512,2048,0.001953,33280000,348160,172032,154752000.0,261120.0,223641.59999999998
YamNet,42,onnx::Conv_292,"[512, 1, 3, 3]",float32,4608,18432,0.017578,299520000,3133440,1548288,1392768000.0,2350080.0,2012774.4
YamNet,43,onnx::Conv_292_scale,[512],float32,512,2048,0.001953,33280000,348160,172032,154752000.0,261120.0,223641.59999999998
YamNet,44,onnx::Conv_295,"[512, 512, 1, 1]",float32,262144,1048576,1.0,17039360000,178257920,88080384,79233024000.0,133693440.0,114504499.19999999
YamNet,45,onnx::Conv_295_scale,[512],float32,512,2048,0.001953,33280000,348160,172032,154752000.0,261120.0,223641.59999999998
YamNet,46,onnx::Conv_298,"[512, 1, 3, 3]",float32,4608,18432,0.017578,299520000,3133440,1548288,1392768000.0,2350080.0,2012774.4
YamNet,47,onnx::Conv_298_scale,[512],float32,512,2048,0.001953,33280000,348160,172032,154752000.0,261120.0,223641.59999999998
YamNet,48,onnx::Conv_301,"[512, 512, 1, 1]",float32,262144,1048576,1.0,17039360000,178257920,88080384,79233024000.0,133693440.0,114504499.19999999
YamNet,49,onnx::Conv_301_scale,[512],float32,512,2048,0.001953,33280000,348160,172032,154752000.0,261120.0,223641.59999999998
YamNet,50,onnx::Conv_304,"[512, 1, 3, 3]",float32,4608,18432,0.017578,299520000,3133440,1548288,1392768000.0,2350080.0,2012774.4
YamNet,51,onnx::Conv_304_scale,[512],float32,512,2048,0.001953,33280000,348160,172032,154752000.0,261120.0,223641.59999999998
YamNet,52,onnx::Conv_307,"[512, 512, 1, 1]",float32,262144,1048576,1.0,17039360000,178257920,88080384,79233024000.0,133693440.0,114504499.19999999
YamNet,53,onnx::Conv_307_scale,[512],float32,512,2048,0.001953,33280000,348160,172032,154752000.0,261120.0,223641.59999999998
YamNet,54,onnx::Conv_310,"[512, 1, 3, 3]",float32,4608,18432,0.017578,299520000,3133440,1548288,1392768000.0,2350080.0,2012774.4
YamNet,55,onnx::Conv_310_scale,[512],float32,512,2048,0.001953,33280000,348160,172032,154752000.0,261120.0,223641.59999999998
YamNet,56,onnx::Conv_313,"[1024, 512, 1, 1]",float32,524288,2097152,2.0,34078720000,356515840,176160768,158466048000.0,267386880.0,229008998.39999998
YamNet,57,onnx::Conv_313_scale,[1024],float32,1024,4096,0.003906,66560000,696320,344064,309504000.0,522240.0,447283.19999999995
YamNet,58,onnx::Conv_313_zero_point,[1024],int8,1024,1024,0.000977,16640000,174080,86016,77376000.0,130560.0,111820.79999999999
YamNet,59,onnx::Conv_316,"[1024, 1, 3, 3]",float32,9216,36864,0.035156,599040000,6266880,3096576,2785536000.0,4700160.0,4025548.8
YamNet,60,onnx::Conv_316_scale,[1024],float32,1024,4096,0.003906,66560000,696320,344064,309504000.0,522240.0,447283.19999999995
YamNet,61,onnx::Conv_319,"[1024, 1024, 1, 1]",float32,1048576,4194304,4.0,68157440000,713031680,352321536,316932096000.0,534773760.0,458017996.79999995
YamNet,62,onnx::Conv_319_scale,[1024],float32,1024,4096,0.003906,66560000,696320,344064,309504000.0,522240.0,447283.19999999995
YamNet,63,audio_scale,[],float32,0,4,4e-06,65000,680,336,302250.0,510.0,436.79999999999995
YamNet,64,audio_zero_point,[],uint8,0,1,1e-06,16250,170,84,75562.5,127.5,109.19999999999999
YamNet,65,onnx::Conv_242,[32],float32,32,128,0.000122,2080000,21760,10752,9672000.0,16320.0,13977.599999999999
YamNet,66,/model/layer1/fused/relu/Relu_output_0_scale,[],float32,0,4,4e-06,65000,680,336,302250.0,510.0,436.79999999999995
YamNet,67,/model/layer1/fused/relu/Relu_output_0_zero_point,[],uint8,0,1,1e-06,16250,170,84,75562.5,127.5,109.19999999999999
YamNet,68,onnx::Conv_245,[32],float32,32,128,0.000122,2080000,21760,10752,9672000.0,16320.0,13977.599999999999
YamNet,69,/model/layer2/depthwise_conv/relu/Relu_output_0_scale,[],float32,0,4,4e-06,65000,680,336,302250.0,510.0,436.79999999999995
YamNet,70,onnx::Conv_248,[64],float32,64,256,0.000244,4160000,43520,21504,19344000.0,32640.0,27955.199999999997
YamNet,71,/model/layer2/pointwise_conv/relu/Relu_output_0_scale,[],float32,0,4,4e-06,65000,680,336,302250.0,510.0,436.79999999999995
YamNet,72,onnx::Conv_251,[64],float32,64,256,0.000244,4160000,43520,21504,19344000.0,32640.0,27955.199999999997
YamNet,73,/model/layer3/depthwise_conv/relu/Relu_output_0_scale,[],float32,0,4,4e-06,65000,680,336,302250.0,510.0,436.79999999999995
YamNet,74,onnx::Conv_254,[128],float32,128,512,0.000488,8320000,87040,43008,38688000.0,65280.0,55910.399999999994
YamNet,75,/model/layer3/pointwise_conv/relu/Relu_output_0_scale,[],float32,0,4,4e-06,65000,680,336,302250.0,510.0,436.79999999999995
YamNet,76,onnx::Conv_257,[128],float32,128,512,0.000488,8320000,87040,43008,38688000.0,65280.0,55910.399999999994
YamNet,77,/model/layer4/depthwise_conv/relu/Relu_output_0_scale,[],float32,0,4,4e-06,65000,680,336,302250.0,510.0,436.79999999999995
YamNet,78,onnx::Conv_260,[128],float32,128,512,0.000488,8320000,87040,43008,38688000.0,65280.0,55910.399999999994
YamNet,79,/model/layer4/pointwise_conv/relu/Relu_output_0_scale,[],float32,0,4,4e-06,65000,680,336,302250.0,510.0,436.79999999999995
YamNet,80,onnx::Conv_263,[128],float32,128,512,0.000488,8320000,87040,43008,38688000.0,65280.0,55910.399999999994
YamNet,81,/model/layer5/depthwise_conv/relu/Relu_output_0_scale,[],float32,0,4,4e-06,65000,680,336,302250.0,510.0,436.79999999999995
YamNet,82,onnx::Conv_266,[256],float32,256,1024,0.000977,16640000,174080,86016,77376000.0,130560.0,111820.79999999999
YamNet,83,/model/layer5/pointwise_conv/relu/Relu_output_0_scale,[],float32,0,4,4e-06,65000,680,336,302250.0,510.0,436.79999999999995
YamNet,84,onnx::Conv_269,[256],float32,256,1024,0.000977,16640000,174080,86016,77376000.0,130560.0,111820.79999999999
YamNet,85,/model/layer6/depthwise_conv/relu/Relu_output_0_scale,[],float32,0,4,4e-06,65000,680,336,302250.0,510.0,436.79999999999995
YamNet,86,onnx::Conv_272,[256],float32,256,1024,0.000977,16640000,174080,86016,77376000.0,130560.0,111820.79999999999
YamNet,87,/model/layer6/pointwise_conv/relu/Relu_output_0_scale,[],float32,0,4,4e-06,65000,680,336,302250.0,510.0,436.79999999999995
YamNet,88,onnx::Conv_275,[256],float32,256,1024,0.000977,16640000,174080,86016,77376000.0,130560.0,111820.79999999999
YamNet,89,/model/layer7/depthwise_conv/relu/Relu_output_0_scale,[],float32,0,4,4e-06,65000,680,336,302250.0,510.0,436.79999999999995
YamNet,90,onnx::Conv_278,[512],float32,512,2048,0.001953,33280000,348160,172032,154752000.0,261120.0,223641.59999999998
YamNet,91,/model/layer7/pointwise_conv/relu/Relu_output_0_scale,[],float32,0,4,4e-06,65000,680,336,302250.0,510.0,436.79999999999995
YamNet,92,onnx::Conv_281,[512],float32,512,2048,0.001953,33280000,348160,172032,154752000.0,261120.0,223641.59999999998
YamNet,93,/model/layer8/depthwise_conv/relu/Relu_output_0_scale,[],float32,0,4,4e-06,65000,680,336,302250.0,510.0,436.79999999999995
YamNet,94,onnx::Conv_284,[512],float32,512,2048,0.001953,33280000,348160,172032,154752000.0,261120.0,223641.59999999998
YamNet,95,/model/layer8/pointwise_conv/relu/Relu_output_0_scale,[],float32,0,4,4e-06,65000,680,336,302250.0,510.0,436.79999999999995
YamNet,96,onnx::Conv_287,[512],float32,512,2048,0.001953,33280000,348160,172032,154752000.0,261120.0,223641.59999999998
YamNet,97,/model/layer9/depthwise_conv/relu/Relu_output_0_scale,[],float32,0,4,4e-06,65000,680,336,302250.0,510.0,436.79999999999995
YamNet,98,onnx::Conv_290,[512],float32,512,2048,0.001953,33280000,348160,172032,154752000.0,261120.0,223641.59999999998
YamNet,99,/model/layer9/pointwise_conv/relu/Relu_output_0_scale,[],float32,0,4,4e-06,65000,680,336,302250.0,510.0,436.79999999999995
YamNet,100,onnx::Conv_293,[512],float32,512,2048,0.001953,33280000,348160,172032,154752000.0,261120.0,223641.59999999998
YamNet,101,/model/layer10/depthwise_conv/relu/Relu_output_0_scale,[],float32,0,4,4e-06,65000,680,336,302250.0,510.0,436.79999999999995
YamNet,102,onnx::Conv_296,[512],float32,512,2048,0.001953,33280000,348160,172032,154752000.0,261120.0,223641.59999999998
YamNet,103,/model/layer10/pointwise_conv/relu/Relu_output_0_scale,[],float32,0,4,4e-06,65000,680,336,302250.0,510.0,436.79999999999995
YamNet,104,onnx::Conv_299,[512],float32,512,2048,0.001953,33280000,348160,172032,154752000.0,261120.0,223641.59999999998
YamNet,105,/model/layer11/depthwise_conv/relu/Relu_output_0_scale,[],float32,0,4,4e-06,65000,680,336,302250.0,510.0,436.79999999999995
YamNet,106,onnx::Conv_302,[512],float32,512,2048,0.001953,33280000,348160,172032,154752000.0,261120.0,223641.59999999998
YamNet,107,/model/layer11/pointwise_conv/relu/Relu_output_0_scale,[],float32,0,4,4e-06,65000,680,336,302250.0,510.0,436.79999999999995
YamNet,108,onnx::Conv_305,[512],float32,512,2048,0.001953,33280000,348160,172032,154752000.0,261120.0,223641.59999999998
YamNet,109,/model/layer12/depthwise_conv/relu/Relu_output_0_scale,[],float32,0,4,4e-06,65000,680,336,302250.0,510.0,436.79999999999995
YamNet,110,onnx::Conv_308,[512],float32,512,2048,0.001953,33280000,348160,172032,154752000.0,261120.0,223641.59999999998
YamNet,111,/model/layer12/pointwise_conv/relu/Relu_output_0_scale,[],float32,0,4,4e-06,65000,680,336,302250.0,510.0,436.79999999999995
YamNet,112,onnx::Conv_311,[512],float32,512,2048,0.001953,33280000,348160,172032,154752000.0,261120.0,223641.59999999998
YamNet,113,/model/layer13/depthwise_conv/relu/Relu_output_0_scale,[],float32,0,4,4e-06,65000,680,336,302250.0,510.0,436.79999999999995
YamNet,114,onnx::Conv_314,[1024],float32,1024,4096,0.003906,66560000,696320,344064,309504000.0,522240.0,447283.19999999995
YamNet,115,/model/layer13/pointwise_conv/relu/Relu_output_0_scale,[],float32,0,4,4e-06,65000,680,336,302250.0,510.0,436.79999999999995
YamNet,116,onnx::Conv_317,[1024],float32,1024,4096,0.003906,66560000,696320,344064,309504000.0,522240.0,447283.19999999995
YamNet,117,/model/layer14/depthwise_conv/relu/Relu_output_0_scale,[],float32,0,4,4e-06,65000,680,336,302250.0,510.0,436.79999999999995
YamNet,118,onnx::Conv_320,[1024],float32,1024,4096,0.003906,66560000,696320,344064,309504000.0,522240.0,447283.19999999995
YamNet,119,/model/layer14/pointwise_conv/relu/Relu_output_0_scale,[],float32,0,4,4e-06,65000,680,336,302250.0,510.0,436.79999999999995
YamNet,120,/model/GlobalAveragePool_output_0_scale,[],float32,0,4,4e-06,65000,680,336,302250.0,510.0,436.79999999999995
YamNet,121,/model/Constant_output_0,[2],int64,2,16,1.5e-05,260000,2720,1344,1209000.0,2040.0,1747.1999999999998
YamNet,122,model.classifier.bias,[521],float32,521,2084,0.001987,33865000,354280,175056,157472250.0,265710.0,227572.8
YamNet,123,class_scores_scale,[],float32,0,4,4e-06,65000,680,336,302250.0,510.0,436.79999999999995
YamNet,124,class_scores_zero_point,[],uint8,0,1,1e-06,16250,170,84,75562.5,127.5,109.19999999999999
YamNet,125,audio,"[1, 1, 96, 64]",uint8,6144,6144,0.005859,99840000,1044480,516096,464256000.0,783360.0,670924.7999999999
YamNet,126,class_scores,"[1, 521]",uint8,521,521,0.000497,8466250,88570,43764,39368062.5,66427.5,56893.2

YamNet - TOTAL,,TOTAL,,,3749108,14970525,14.28,243271031250,2544989250,1257524100,1131210295312.5,1908741937.5,1634781329.9999998

