Model Name,Layer Index,Layer Name,Shape,Data Type,Parameters,Bytes,MB,ascon-20 Cycles,ascon-20 Energy (pJ)
Mobile-VIT,0,/net/mobilevit/encoder/2/transformer/0/attention/attention/Constant_10_output_0,[],float32,0,4,4e-06,80,2009.6000000000001
Mobile-VIT,1,/net/mobilevit/encoder/2/transformer/0/attention/attention/Constant_10_output_0_scale,[],float32,0,4,4e-06,80,2009.6000000000001
Mobile-VIT,2,image_tensor_zero_point,[],uint16,0,2,2e-06,40,1004.8000000000001
Mobile-VIT,3,/net/mobilevit/encoder/3/transformer/0/attention/attention/Constant_10_output_0,[],float32,0,4,4e-06,80,2009.6000000000001
Mobile-VIT,4,/net/mobilevit/encoder/3/transformer/0/attention/attention/Constant_10_output_0_scale,[],float32,0,4,4e-06,80,2009.6000000000001
Mobile-VIT,5,/net/mobilevit/encoder/4/transformer/0/attention/attention/Constant_10_output_0,[],float32,0,4,4e-06,80,2009.6000000000001
Mobile-VIT,6,/net/mobilevit/encoder/4/transformer/0/attention/attention/Constant_10_output_0_scale,[],float32,0,4,4e-06,80,2009.6000000000001
Mobile-VIT,7,_v_645,"[144, 432]",float32,62208,248832,0.237305,4976640,125013196.80000001
Mobile-VIT,8,_v_645_scale,[432],float32,432,1728,0.001648,34560,868147.2000000001
Mobile-VIT,9,_v_645_zero_point,[432],int8,432,432,0.000412,8640,217036.80000000002
Mobile-VIT,10,_v_652,"[144, 432]",float32,62208,248832,0.237305,4976640,125013196.80000001
Mobile-VIT,11,_v_652_scale,[432],float32,432,1728,0.001648,34560,868147.2000000001
Mobile-VIT,12,_v_659,"[192, 576]",float32,110592,442368,0.421875,8847360,222245683.20000002
Mobile-VIT,13,_v_659_scale,[576],float32,576,2304,0.002197,46080,1157529.6
Mobile-VIT,14,_v_659_zero_point,[576],int8,576,576,0.000549,11520,289382.4
Mobile-VIT,15,_v_666,"[192, 576]",float32,110592,442368,0.421875,8847360,222245683.20000002
Mobile-VIT,16,_v_666_scale,[576],float32,576,2304,0.002197,46080,1157529.6
Mobile-VIT,17,_v_673,"[192, 576]",float32,110592,442368,0.421875,8847360,222245683.20000002
Mobile-VIT,18,_v_673_scale,[576],float32,576,2304,0.002197,46080,1157529.6
Mobile-VIT,19,_v_680,"[192, 576]",float32,110592,442368,0.421875,8847360,222245683.20000002
Mobile-VIT,20,_v_680_scale,[576],float32,576,2304,0.002197,46080,1157529.6
Mobile-VIT,21,_v_687,"[240, 720]",float32,172800,691200,0.65918,13824000,347258880.0
Mobile-VIT,22,_v_687_scale,[720],float32,720,2880,0.002747,57600,1446912.0
Mobile-VIT,23,_v_687_zero_point,[720],int8,720,720,0.000687,14400,361728.0
Mobile-VIT,24,_v_694,"[240, 720]",float32,172800,691200,0.65918,13824000,347258880.0
Mobile-VIT,25,_v_694_scale,[720],float32,720,2880,0.002747,57600,1446912.0
Mobile-VIT,26,_v_701,"[240, 720]",float32,172800,691200,0.65918,13824000,347258880.0
Mobile-VIT,27,_v_701_scale,[720],float32,720,2880,0.002747,57600,1446912.0
Mobile-VIT,28,net.classifier.weight,"[1000, 640]",float32,640000,2560000,2.441406,51200000,1286144000.0
Mobile-VIT,29,net.classifier.weight_scale,[],float32,0,4,4e-06,80,2009.6000000000001
Mobile-VIT,30,net.classifier.weight_zero_point,[],int8,0,1,1e-06,20,502.40000000000003
Mobile-VIT,31,net.mobilevit.encoder.layer.2.conv_1x1.convolution.weight,"[144, 96, 1, 1]",float32,13824,55296,0.052734,1105920,27780710.400000002
Mobile-VIT,32,net.mobilevit.encoder.layer.2.conv_1x1.convolution.weight_scale,[144],float32,144,576,0.000549,11520,289382.4
Mobile-VIT,33,net.mobilevit.encoder.layer.2.conv_1x1.convolution.weight_zero_point,[144],int8,144,144,0.000137,2880,72345.6
Mobile-VIT,34,net.mobilevit.encoder.layer.2.layernorm.weight,[144],float32,144,576,0.000549,11520,289382.4
Mobile-VIT,35,net.mobilevit.encoder.layer.2.layernorm.weight_scale,[],float32,0,4,4e-06,80,2009.6000000000001
Mobile-VIT,36,net.mobilevit.encoder.layer.2.transformer.layer.0.layernorm_before.weight_zero_point,[],uint8,0,1,1e-06,20,502.40000000000003
Mobile-VIT,37,net.mobilevit.encoder.layer.2.transformer.layer.0.attention.attention.key.bias,[144],float32,144,576,0.000549,11520,289382.4
Mobile-VIT,38,net.mobilevit.encoder.layer.2.transformer.layer.0.attention.attention.key.bias_scale,[],float32,0,4,4e-06,80,2009.6000000000001
Mobile-VIT,39,net.mobilevit.encoder.layer.2.transformer.layer.0.attention.attention.key.bias_zero_point,[],uint16,0,2,2e-06,40,1004.8000000000001
Mobile-VIT,40,net.mobilevit.encoder.layer.2.transformer.layer.0.attention.attention.query.bias,[144],float32,144,576,0.000549,11520,289382.4
Mobile-VIT,41,net.mobilevit.encoder.layer.2.transformer.layer.0.attention.attention.query.bias_scale,[],float32,0,4,4e-06,80,2009.6000000000001
Mobile-VIT,42,net.mobilevit.encoder.layer.2.transformer.layer.0.attention.attention.query.bias_zero_point,[],uint16,0,2,2e-06,40,1004.8000000000001
Mobile-VIT,43,net.mobilevit.encoder.layer.2.transformer.layer.0.attention.attention.value.bias,[144],float32,144,576,0.000549,11520,289382.4
Mobile-VIT,44,net.mobilevit.encoder.layer.2.transformer.layer.0.attention.attention.value.bias_scale,[],float32,0,4,4e-06,80,2009.6000000000001
Mobile-VIT,45,net.mobilevit.encoder.layer.2.transformer.layer.0.attention.attention.value.bias_zero_point,[],uint16,0,2,2e-06,40,1004.8000000000001
Mobile-VIT,46,net.mobilevit.encoder.layer.2.transformer.layer.0.layernorm_after.weight,[144],float32,144,576,0.000549,11520,289382.4
Mobile-VIT,47,net.mobilevit.encoder.layer.2.transformer.layer.0.layernorm_after.weight_scale,[],float32,0,4,4e-06,80,2009.6000000000001
Mobile-VIT,48,net.mobilevit.encoder.layer.2.transformer.layer.0.layernorm_before.weight,[144],float32,144,576,0.000549,11520,289382.4
Mobile-VIT,49,net.mobilevit.encoder.layer.2.transformer.layer.0.layernorm_before.weight_scale,[],float32,0,4,4e-06,80,2009.6000000000001
Mobile-VIT,50,net.mobilevit.encoder.layer.2.transformer.layer.1.attention.attention.key.bias,[144],float32,144,576,0.000549,11520,289382.4
Mobile-VIT,51,net.mobilevit.encoder.layer.2.transformer.layer.1.attention.attention.key.bias_scale,[],float32,0,4,4e-06,80,2009.6000000000001
Mobile-VIT,52,net.mobilevit.encoder.layer.2.transformer.layer.1.attention.attention.key.bias_zero_point,[],uint16,0,2,2e-06,40,1004.8000000000001
Mobile-VIT,53,net.mobilevit.encoder.layer.2.transformer.layer.1.attention.attention.query.bias,[144],float32,144,576,0.000549,11520,289382.4
Mobile-VIT,54,net.mobilevit.encoder.layer.2.transformer.layer.1.attention.attention.query.bias_scale,[],float32,0,4,4e-06,80,2009.6000000000001
Mobile-VIT,55,net.mobilevit.encoder.layer.2.transformer.layer.1.attention.attention.query.bias_zero_point,[],uint16,0,2,2e-06,40,1004.8000000000001
Mobile-VIT,56,net.mobilevit.encoder.layer.2.transformer.layer.1.attention.attention.value.bias,[144],float32,144,576,0.000549,11520,289382.4
Mobile-VIT,57,net.mobilevit.encoder.layer.2.transformer.layer.1.attention.attention.value.bias_scale,[],float32,0,4,4e-06,80,2009.6000000000001
Mobile-VIT,58,net.mobilevit.encoder.layer.2.transformer.layer.1.attention.attention.value.bias_zero_point,[],uint16,0,2,2e-06,40,1004.8000000000001
Mobile-VIT,59,net.mobilevit.encoder.layer.2.transformer.layer.1.layernorm_after.weight,[144],float32,144,576,0.000549,11520,289382.4
Mobile-VIT,60,net.mobilevit.encoder.layer.2.transformer.layer.1.layernorm_after.weight_scale,[],float32,0,4,4e-06,80,2009.6000000000001
Mobile-VIT,61,net.mobilevit.encoder.layer.2.transformer.layer.1.layernorm_before.weight,[144],float32,144,576,0.000549,11520,289382.4
Mobile-VIT,62,net.mobilevit.encoder.layer.2.transformer.layer.1.layernorm_before.weight_scale,[],float32,0,4,4e-06,80,2009.6000000000001
Mobile-VIT,63,net.mobilevit.encoder.layer.3.conv_1x1.convolution.weight,"[192, 128, 1, 1]",float32,24576,98304,0.09375,1966080,49387929.6
Mobile-VIT,64,net.mobilevit.encoder.layer.3.conv_1x1.convolution.weight_scale,[192],float32,192,768,0.000732,15360,385843.2
Mobile-VIT,65,net.mobilevit.encoder.layer.3.conv_1x1.convolution.weight_zero_point,[192],int8,192,192,0.000183,3840,96460.8
Mobile-VIT,66,net.mobilevit.encoder.layer.3.layernorm.weight,[192],float32,192,768,0.000732,15360,385843.2
Mobile-VIT,67,net.mobilevit.encoder.layer.3.layernorm.weight_scale,[],float32,0,4,4e-06,80,2009.6000000000001
Mobile-VIT,68,net.mobilevit.encoder.layer.3.transformer.layer.0.attention.attention.key.bias,[192],float32,192,768,0.000732,15360,385843.2
Mobile-VIT,69,net.mobilevit.encoder.layer.3.transformer.layer.0.attention.attention.key.bias_scale,[],float32,0,4,4e-06,80,2009.6000000000001
Mobile-VIT,70,net.mobilevit.encoder.layer.3.transformer.layer.0.attention.attention.key.bias_zero_point,[],uint16,0,2,2e-06,40,1004.8000000000001
Mobile-VIT,71,net.mobilevit.encoder.layer.3.transformer.layer.0.attention.attention.query.bias,[192],float32,192,768,0.000732,15360,385843.2
Mobile-VIT,72,net.mobilevit.encoder.layer.3.transformer.layer.0.attention.attention.query.bias_scale,[],float32,0,4,4e-06,80,2009.6000000000001
Mobile-VIT,73,net.mobilevit.encoder.layer.3.transformer.layer.0.attention.attention.query.bias_zero_point,[],uint16,0,2,2e-06,40,1004.8000000000001
Mobile-VIT,74,net.mobilevit.encoder.layer.3.transformer.layer.0.attention.attention.value.bias,[192],float32,192,768,0.000732,15360,385843.2
Mobile-VIT,75,net.mobilevit.encoder.layer.3.transformer.layer.0.attention.attention.value.bias_scale,[],float32,0,4,4e-06,80,2009.6000000000001
Mobile-VIT,76,net.mobilevit.encoder.layer.3.transformer.layer.0.attention.attention.value.bias_zero_point,[],uint16,0,2,2e-06,40,1004.8000000000001
Mobile-VIT,77,net.mobilevit.encoder.layer.3.transformer.layer.0.layernorm_after.weight,[192],float32,192,768,0.000732,15360,385843.2
Mobile-VIT,78,net.mobilevit.encoder.layer.3.transformer.layer.0.layernorm_after.weight_scale,[],float32,0,4,4e-06,80,2009.6000000000001
Mobile-VIT,79,net.mobilevit.encoder.layer.3.transformer.layer.0.layernorm_after.weight_zero_point,[],uint8,0,1,1e-06,20,502.40000000000003
Mobile-VIT,80,net.mobilevit.encoder.layer.3.transformer.layer.0.layernorm_before.weight,[192],float32,192,768,0.000732,15360,385843.2
Mobile-VIT,81,net.mobilevit.encoder.layer.3.transformer.layer.0.layernorm_before.weight_scale,[],float32,0,4,4e-06,80,2009.6000000000001
Mobile-VIT,82,net.mobilevit.encoder.layer.3.transformer.layer.0.layernorm_before.weight_zero_point,[],uint8,0,1,1e-06,20,502.40000000000003
Mobile-VIT,83,net.mobilevit.encoder.layer.3.transformer.layer.1.attention.attention.key.bias,[192],float32,192,768,0.000732,15360,385843.2
Mobile-VIT,84,net.mobilevit.encoder.layer.3.transformer.layer.1.attention.attention.key.bias_scale,[],float32,0,4,4e-06,80,2009.6000000000001
Mobile-VIT,85,net.mobilevit.encoder.layer.3.transformer.layer.1.attention.attention.key.bias_zero_point,[],uint16,0,2,2e-06,40,1004.8000000000001
Mobile-VIT,86,net.mobilevit.encoder.layer.3.transformer.layer.1.attention.attention.query.bias,[192],float32,192,768,0.000732,15360,385843.2
Mobile-VIT,87,net.mobilevit.encoder.layer.3.transformer.layer.1.attention.attention.query.bias_scale,[],float32,0,4,4e-06,80,2009.6000000000001
Mobile-VIT,88,net.mobilevit.encoder.layer.3.transformer.layer.1.attention.attention.query.bias_zero_point,[],uint16,0,2,2e-06,40,1004.8000000000001
Mobile-VIT,89,net.mobilevit.encoder.layer.3.transformer.layer.1.attention.attention.value.bias,[192],float32,192,768,0.000732,15360,385843.2
Mobile-VIT,90,net.mobilevit.encoder.layer.3.transformer.layer.1.attention.attention.value.bias_scale,[],float32,0,4,4e-06,80,2009.6000000000001
Mobile-VIT,91,net.mobilevit.encoder.layer.3.transformer.layer.1.attention.attention.value.bias_zero_point,[],uint16,0,2,2e-06,40,1004.8000000000001
Mobile-VIT,92,net.mobilevit.encoder.layer.3.transformer.layer.1.layernorm_after.weight,[192],float32,192,768,0.000732,15360,385843.2
Mobile-VIT,93,net.mobilevit.encoder.layer.3.transformer.layer.1.layernorm_after.weight_scale,[],float32,0,4,4e-06,80,2009.6000000000001
Mobile-VIT,94,net.mobilevit.encoder.layer.3.transformer.layer.1.layernorm_before.weight,[192],float32,192,768,0.000732,15360,385843.2
Mobile-VIT,95,net.mobilevit.encoder.layer.3.transformer.layer.1.layernorm_before.weight_scale,[],float32,0,4,4e-06,80,2009.6000000000001
Mobile-VIT,96,net.mobilevit.encoder.layer.3.transformer.layer.2.attention.attention.key.bias,[192],float32,192,768,0.000732,15360,385843.2
Mobile-VIT,97,net.mobilevit.encoder.layer.3.transformer.layer.2.attention.attention.key.bias_scale,[],float32,0,4,4e-06,80,2009.6000000000001
Mobile-VIT,98,net.mobilevit.encoder.layer.3.transformer.layer.2.attention.attention.key.bias_zero_point,[],uint16,0,2,2e-06,40,1004.8000000000001
Mobile-VIT,99,net.mobilevit.encoder.layer.3.transformer.layer.2.attention.attention.query.bias,[192],float32,192,768,0.000732,15360,385843.2
Mobile-VIT,100,net.mobilevit.encoder.layer.3.transformer.layer.2.attention.attention.query.bias_scale,[],float32,0,4,4e-06,80,2009.6000000000001
Mobile-VIT,101,net.mobilevit.encoder.layer.3.transformer.layer.2.attention.attention.query.bias_zero_point,[],uint16,0,2,2e-06,40,1004.8000000000001
Mobile-VIT,102,net.mobilevit.encoder.layer.3.transformer.layer.2.attention.attention.value.bias,[192],float32,192,768,0.000732,15360,385843.2
Mobile-VIT,103,net.mobilevit.encoder.layer.3.transformer.layer.2.attention.attention.value.bias_scale,[],float32,0,4,4e-06,80,2009.6000000000001
Mobile-VIT,104,net.mobilevit.encoder.layer.3.transformer.layer.2.attention.attention.value.bias_zero_point,[],uint16,0,2,2e-06,40,1004.8000000000001
Mobile-VIT,105,net.mobilevit.encoder.layer.3.transformer.layer.2.layernorm_after.weight,[192],float32,192,768,0.000732,15360,385843.2
Mobile-VIT,106,net.mobilevit.encoder.layer.3.transformer.layer.2.layernorm_after.weight_scale,[],float32,0,4,4e-06,80,2009.6000000000001
Mobile-VIT,107,net.mobilevit.encoder.layer.3.transformer.layer.2.layernorm_before.weight,[192],float32,192,768,0.000732,15360,385843.2
Mobile-VIT,108,net.mobilevit.encoder.layer.3.transformer.layer.2.layernorm_before.weight_scale,[],float32,0,4,4e-06,80,2009.6000000000001
Mobile-VIT,109,net.mobilevit.encoder.layer.3.transformer.layer.3.attention.attention.key.bias,[192],float32,192,768,0.000732,15360,385843.2
Mobile-VIT,110,net.mobilevit.encoder.layer.3.transformer.layer.3.attention.attention.key.bias_scale,[],float32,0,4,4e-06,80,2009.6000000000001
Mobile-VIT,111,net.mobilevit.encoder.layer.3.transformer.layer.3.attention.attention.key.bias_zero_point,[],uint16,0,2,2e-06,40,1004.8000000000001
Mobile-VIT,112,net.mobilevit.encoder.layer.3.transformer.layer.3.attention.attention.query.bias,[192],float32,192,768,0.000732,15360,385843.2
Mobile-VIT,113,net.mobilevit.encoder.layer.3.transformer.layer.3.attention.attention.query.bias_scale,[],float32,0,4,4e-06,80,2009.6000000000001
Mobile-VIT,114,net.mobilevit.encoder.layer.3.transformer.layer.3.attention.attention.query.bias_zero_point,[],uint16,0,2,2e-06,40,1004.8000000000001
Mobile-VIT,115,net.mobilevit.encoder.layer.3.transformer.layer.3.attention.attention.value.bias,[192],float32,192,768,0.000732,15360,385843.2
Mobile-VIT,116,net.mobilevit.encoder.layer.3.transformer.layer.3.attention.attention.value.bias_scale,[],float32,0,4,4e-06,80,2009.6000000000001
Mobile-VIT,117,net.mobilevit.encoder.layer.3.transformer.layer.3.attention.attention.value.bias_zero_point,[],uint16,0,2,2e-06,40,1004.8000000000001
Mobile-VIT,118,net.mobilevit.encoder.layer.3.transformer.layer.3.layernorm_after.weight,[192],float32,192,768,0.000732,15360,385843.2
Mobile-VIT,119,net.mobilevit.encoder.layer.3.transformer.layer.3.layernorm_after.weight_scale,[],float32,0,4,4e-06,80,2009.6000000000001
Mobile-VIT,120,net.mobilevit.encoder.layer.3.transformer.layer.3.layernorm_before.weight,[192],float32,192,768,0.000732,15360,385843.2
Mobile-VIT,121,net.mobilevit.encoder.layer.3.transformer.layer.3.layernorm_before.weight_scale,[],float32,0,4,4e-06,80,2009.6000000000001
Mobile-VIT,122,net.mobilevit.encoder.layer.4.conv_1x1.convolution.weight,"[240, 160, 1, 1]",float32,38400,153600,0.146484,3072000,77168640.0
Mobile-VIT,123,net.mobilevit.encoder.layer.4.conv_1x1.convolution.weight_scale,[240],float32,240,960,0.000916,19200,482304.00000000006
Mobile-VIT,124,net.mobilevit.encoder.layer.4.conv_1x1.convolution.weight_zero_point,[240],int8,240,240,0.000229,4800,120576.00000000001
Mobile-VIT,125,net.mobilevit.encoder.layer.4.layernorm.weight,[240],float32,240,960,0.000916,19200,482304.00000000006
Mobile-VIT,126,net.mobilevit.encoder.layer.4.layernorm.weight_scale,[],float32,0,4,4e-06,80,2009.6000000000001
Mobile-VIT,127,net.mobilevit.encoder.layer.4.transformer.layer.0.attention.attention.key.bias,[240],float32,240,960,0.000916,19200,482304.00000000006
Mobile-VIT,128,net.mobilevit.encoder.layer.4.transformer.layer.0.attention.attention.key.bias_scale,[],float32,0,4,4e-06,80,2009.6000000000001
Mobile-VIT,129,net.mobilevit.encoder.layer.4.transformer.layer.0.attention.attention.key.bias_zero_point,[],uint16,0,2,2e-06,40,1004.8000000000001
Mobile-VIT,130,net.mobilevit.encoder.layer.4.transformer.layer.0.attention.attention.query.bias,[240],float32,240,960,0.000916,19200,482304.00000000006
Mobile-VIT,131,net.mobilevit.encoder.layer.4.transformer.layer.0.attention.attention.query.bias_scale,[],float32,0,4,4e-06,80,2009.6000000000001
Mobile-VIT,132,net.mobilevit.encoder.layer.4.transformer.layer.0.attention.attention.query.bias_zero_point,[],uint16,0,2,2e-06,40,1004.8000000000001
Mobile-VIT,133,net.mobilevit.encoder.layer.4.transformer.layer.0.attention.attention.value.bias,[240],float32,240,960,0.000916,19200,482304.00000000006
Mobile-VIT,134,net.mobilevit.encoder.layer.4.transformer.layer.0.attention.attention.value.bias_scale,[],float32,0,4,4e-06,80,2009.6000000000001
Mobile-VIT,135,net.mobilevit.encoder.layer.4.transformer.layer.0.attention.attention.value.bias_zero_point,[],uint16,0,2,2e-06,40,1004.8000000000001
Mobile-VIT,136,net.mobilevit.encoder.layer.4.transformer.layer.0.layernorm_after.weight,[240],float32,240,960,0.000916,19200,482304.00000000006
Mobile-VIT,137,net.mobilevit.encoder.layer.4.transformer.layer.0.layernorm_after.weight_scale,[],float32,0,4,4e-06,80,2009.6000000000001
Mobile-VIT,138,net.mobilevit.encoder.layer.4.transformer.layer.0.layernorm_after.weight_zero_point,[],uint8,0,1,1e-06,20,502.40000000000003
Mobile-VIT,139,net.mobilevit.encoder.layer.4.transformer.layer.0.layernorm_before.weight,[240],float32,240,960,0.000916,19200,482304.00000000006
Mobile-VIT,140,net.mobilevit.encoder.layer.4.transformer.layer.0.layernorm_before.weight_scale,[],float32,0,4,4e-06,80,2009.6000000000001
Mobile-VIT,141,net.mobilevit.encoder.layer.4.transformer.layer.1.attention.attention.key.bias,[240],float32,240,960,0.000916,19200,482304.00000000006
Mobile-VIT,142,net.mobilevit.encoder.layer.4.transformer.layer.1.attention.attention.key.bias_scale,[],float32,0,4,4e-06,80,2009.6000000000001
Mobile-VIT,143,net.mobilevit.encoder.layer.4.transformer.layer.1.attention.attention.key.bias_zero_point,[],uint16,0,2,2e-06,40,1004.8000000000001
Mobile-VIT,144,net.mobilevit.encoder.layer.4.transformer.layer.1.attention.attention.query.bias,[240],float32,240,960,0.000916,19200,482304.00000000006
Mobile-VIT,145,net.mobilevit.encoder.layer.4.transformer.layer.1.attention.attention.query.bias_scale,[],float32,0,4,4e-06,80,2009.6000000000001
Mobile-VIT,146,net.mobilevit.encoder.layer.4.transformer.layer.1.attention.attention.query.bias_zero_point,[],uint16,0,2,2e-06,40,1004.8000000000001
Mobile-VIT,147,net.mobilevit.encoder.layer.4.transformer.layer.1.attention.attention.value.bias,[240],float32,240,960,0.000916,19200,482304.00000000006
Mobile-VIT,148,net.mobilevit.encoder.layer.4.transformer.layer.1.attention.attention.value.bias_scale,[],float32,0,4,4e-06,80,2009.6000000000001
Mobile-VIT,149,net.mobilevit.encoder.layer.4.transformer.layer.1.attention.attention.value.bias_zero_point,[],uint16,0,2,2e-06,40,1004.8000000000001
Mobile-VIT,150,net.mobilevit.encoder.layer.4.transformer.layer.1.layernorm_after.weight,[240],float32,240,960,0.000916,19200,482304.00000000006
Mobile-VIT,151,net.mobilevit.encoder.layer.4.transformer.layer.1.layernorm_after.weight_scale,[],float32,0,4,4e-06,80,2009.6000000000001
Mobile-VIT,152,net.mobilevit.encoder.layer.4.transformer.layer.1.layernorm_before.weight,[240],float32,240,960,0.000916,19200,482304.00000000006
Mobile-VIT,153,net.mobilevit.encoder.layer.4.transformer.layer.1.layernorm_before.weight_scale,[],float32,0,4,4e-06,80,2009.6000000000001
Mobile-VIT,154,net.mobilevit.encoder.layer.4.transformer.layer.2.attention.attention.key.bias,[240],float32,240,960,0.000916,19200,482304.00000000006
Mobile-VIT,155,net.mobilevit.encoder.layer.4.transformer.layer.2.attention.attention.key.bias_scale,[],float32,0,4,4e-06,80,2009.6000000000001
Mobile-VIT,156,net.mobilevit.encoder.layer.4.transformer.layer.2.attention.attention.key.bias_zero_point,[],uint16,0,2,2e-06,40,1004.8000000000001
Mobile-VIT,157,net.mobilevit.encoder.layer.4.transformer.layer.2.attention.attention.query.bias,[240],float32,240,960,0.000916,19200,482304.00000000006
Mobile-VIT,158,net.mobilevit.encoder.layer.4.transformer.layer.2.attention.attention.query.bias_scale,[],float32,0,4,4e-06,80,2009.6000000000001
Mobile-VIT,159,net.mobilevit.encoder.layer.4.transformer.layer.2.attention.attention.query.bias_zero_point,[],uint16,0,2,2e-06,40,1004.8000000000001
Mobile-VIT,160,net.mobilevit.encoder.layer.4.transformer.layer.2.attention.attention.value.bias,[240],float32,240,960,0.000916,19200,482304.00000000006
Mobile-VIT,161,net.mobilevit.encoder.layer.4.transformer.layer.2.attention.attention.value.bias_scale,[],float32,0,4,4e-06,80,2009.6000000000001
Mobile-VIT,162,net.mobilevit.encoder.layer.4.transformer.layer.2.attention.attention.value.bias_zero_point,[],uint16,0,2,2e-06,40,1004.8000000000001
Mobile-VIT,163,net.mobilevit.encoder.layer.4.transformer.layer.2.layernorm_after.weight,[240],float32,240,960,0.000916,19200,482304.00000000006
Mobile-VIT,164,net.mobilevit.encoder.layer.4.transformer.layer.2.layernorm_after.weight_scale,[],float32,0,4,4e-06,80,2009.6000000000001
Mobile-VIT,165,net.mobilevit.encoder.layer.4.transformer.layer.2.layernorm_before.weight,[240],float32,240,960,0.000916,19200,482304.00000000006
Mobile-VIT,166,net.mobilevit.encoder.layer.4.transformer.layer.2.layernorm_before.weight_scale,[],float32,0,4,4e-06,80,2009.6000000000001
Mobile-VIT,167,net.mobilevit.encoder.layer.4.transformer.layer.2.layernorm_before.weight_zero_point,[],uint8,0,1,1e-06,20,502.40000000000003
Mobile-VIT,168,onnx::Conv_1444,"[16, 3, 3, 3]",float32,432,1728,0.001648,34560,868147.2000000001
Mobile-VIT,169,onnx::Conv_1444_scale,[16],float32,16,64,6.1e-05,1280,32153.600000000002
Mobile-VIT,170,onnx::Conv_1444_zero_point,[16],int8,16,16,1.5e-05,320,8038.400000000001
Mobile-VIT,171,onnx::Conv_1447,"[64, 16, 1, 1]",float32,1024,4096,0.003906,81920,2057830.4000000001
Mobile-VIT,172,onnx::Conv_1447_scale,[64],float32,64,256,0.000244,5120,128614.40000000001
Mobile-VIT,173,onnx::Conv_1447_zero_point,[64],int8,64,64,6.1e-05,1280,32153.600000000002
Mobile-VIT,174,onnx::Conv_1450,"[64, 1, 3, 3]",float32,576,2304,0.002197,46080,1157529.6
Mobile-VIT,175,onnx::Conv_1450_scale,[64],float32,64,256,0.000244,5120,128614.40000000001
Mobile-VIT,176,onnx::Conv_1453,"[32, 64, 1, 1]",float32,2048,8192,0.007812,163840,4115660.8000000003
Mobile-VIT,177,onnx::Conv_1453_scale,[32],float32,32,128,0.000122,2560,64307.200000000004
Mobile-VIT,178,onnx::Conv_1453_zero_point,[32],int8,32,32,3.1e-05,640,16076.800000000001
Mobile-VIT,179,onnx::Conv_1456,"[128, 32, 1, 1]",float32,4096,16384,0.015625,327680,8231321.600000001
Mobile-VIT,180,onnx::Conv_1456_scale,[128],float32,128,512,0.000488,10240,257228.80000000002
Mobile-VIT,181,onnx::Conv_1456_zero_point,[128],int8,128,128,0.000122,2560,64307.200000000004
Mobile-VIT,182,onnx::Conv_1459,"[128, 1, 3, 3]",float32,1152,4608,0.004395,92160,2315059.2
Mobile-VIT,183,onnx::Conv_1459_scale,[128],float32,128,512,0.000488,10240,257228.80000000002
Mobile-VIT,184,onnx::Conv_1462,"[64, 128, 1, 1]",float32,8192,32768,0.03125,655360,16462643.200000001
Mobile-VIT,185,onnx::Conv_1462_scale,[64],float32,64,256,0.000244,5120,128614.40000000001
Mobile-VIT,186,onnx::Conv_1465,"[256, 64, 1, 1]",float32,16384,65536,0.0625,1310720,32925286.400000002
Mobile-VIT,187,onnx::Conv_1465_scale,[256],float32,256,1024,0.000977,20480,514457.60000000003
Mobile-VIT,188,onnx::Conv_1465_zero_point,[256],int8,256,256,0.000244,5120,128614.40000000001
Mobile-VIT,189,onnx::Conv_1468,"[256, 1, 3, 3]",float32,2304,9216,0.008789,184320,4630118.4
Mobile-VIT,190,onnx::Conv_1468_scale,[256],float32,256,1024,0.000977,20480,514457.60000000003
Mobile-VIT,191,onnx::Conv_1471,"[64, 256, 1, 1]",float32,16384,65536,0.0625,1310720,32925286.400000002
Mobile-VIT,192,onnx::Conv_1471_scale,[64],float32,64,256,0.000244,5120,128614.40000000001
Mobile-VIT,193,onnx::Conv_1474,"[256, 64, 1, 1]",float32,16384,65536,0.0625,1310720,32925286.400000002
Mobile-VIT,194,onnx::Conv_1474_scale,[256],float32,256,1024,0.000977,20480,514457.60000000003
Mobile-VIT,195,onnx::Conv_1477,"[256, 1, 3, 3]",float32,2304,9216,0.008789,184320,4630118.4
Mobile-VIT,196,onnx::Conv_1477_scale,[256],float32,256,1024,0.000977,20480,514457.60000000003
Mobile-VIT,197,onnx::Conv_1480,"[64, 256, 1, 1]",float32,16384,65536,0.0625,1310720,32925286.400000002
Mobile-VIT,198,onnx::Conv_1480_scale,[64],float32,64,256,0.000244,5120,128614.40000000001
Mobile-VIT,199,onnx::Conv_1483,"[256, 64, 1, 1]",float32,16384,65536,0.0625,1310720,32925286.400000002
Mobile-VIT,200,onnx::Conv_1483_scale,[256],float32,256,1024,0.000977,20480,514457.60000000003
Mobile-VIT,201,onnx::Conv_1486,"[256, 1, 3, 3]",float32,2304,9216,0.008789,184320,4630118.4
Mobile-VIT,202,onnx::Conv_1486_scale,[256],float32,256,1024,0.000977,20480,514457.60000000003
Mobile-VIT,203,onnx::Conv_1489,"[96, 256, 1, 1]",float32,24576,98304,0.09375,1966080,49387929.6
Mobile-VIT,204,onnx::Conv_1489_scale,[96],float32,96,384,0.000366,7680,192921.6
Mobile-VIT,205,onnx::Conv_1489_zero_point,[96],int8,96,96,9.2e-05,1920,48230.4
Mobile-VIT,206,onnx::Conv_1492,"[96, 96, 3, 3]",float32,82944,331776,0.316406,6635520,166684262.4
Mobile-VIT,207,onnx::Conv_1492_scale,[96],float32,96,384,0.000366,7680,192921.6
Mobile-VIT,208,onnx::Conv_1495,"[96, 144, 1, 1]",float32,13824,55296,0.052734,1105920,27780710.400000002
Mobile-VIT,209,onnx::Conv_1495_scale,[96],float32,96,384,0.000366,7680,192921.6
Mobile-VIT,210,onnx::Conv_1498,"[96, 192, 3, 3]",float32,165888,663552,0.632812,13271040,333368524.8
Mobile-VIT,211,onnx::Conv_1498_scale,[96],float32,96,384,0.000366,7680,192921.6
Mobile-VIT,212,onnx::Conv_1501,"[384, 96, 1, 1]",float32,36864,147456,0.140625,2949120,74081894.4
Mobile-VIT,213,onnx::Conv_1501_scale,[384],float32,384,1536,0.001465,30720,771686.4
Mobile-VIT,214,onnx::Conv_1501_zero_point,[384],int8,384,384,0.000366,7680,192921.6
Mobile-VIT,215,onnx::Conv_1504,"[384, 1, 3, 3]",float32,3456,13824,0.013184,276480,6945177.600000001
Mobile-VIT,216,onnx::Conv_1504_scale,[384],float32,384,1536,0.001465,30720,771686.4
Mobile-VIT,217,onnx::Conv_1507,"[128, 384, 1, 1]",float32,49152,196608,0.1875,3932160,98775859.2
Mobile-VIT,218,onnx::Conv_1507_scale,[128],float32,128,512,0.000488,10240,257228.80000000002
Mobile-VIT,219,onnx::Conv_1510,"[128, 128, 3, 3]",float32,147456,589824,0.5625,11796480,296327577.6
Mobile-VIT,220,onnx::Conv_1510_scale,[128],float32,128,512,0.000488,10240,257228.80000000002
Mobile-VIT,221,onnx::Conv_1513,"[128, 192, 1, 1]",float32,24576,98304,0.09375,1966080,49387929.6
Mobile-VIT,222,onnx::Conv_1513_scale,[128],float32,128,512,0.000488,10240,257228.80000000002
Mobile-VIT,223,onnx::Conv_1516,"[128, 256, 3, 3]",float32,294912,1179648,1.125,23592960,592655155.2
Mobile-VIT,224,onnx::Conv_1516_scale,[128],float32,128,512,0.000488,10240,257228.80000000002
Mobile-VIT,225,onnx::Conv_1519,"[512, 128, 1, 1]",float32,65536,262144,0.25,5242880,131701145.60000001
Mobile-VIT,226,onnx::Conv_1519_scale,[512],float32,512,2048,0.001953,40960,1028915.2000000001
Mobile-VIT,227,onnx::Conv_1519_zero_point,[512],int8,512,512,0.000488,10240,257228.80000000002
Mobile-VIT,228,onnx::Conv_1522,"[512, 1, 3, 3]",float32,4608,18432,0.017578,368640,9260236.8
Mobile-VIT,229,onnx::Conv_1522_scale,[512],float32,512,2048,0.001953,40960,1028915.2000000001
Mobile-VIT,230,onnx::Conv_1525,"[160, 512, 1, 1]",float32,81920,327680,0.3125,6553600,164626432.0
Mobile-VIT,231,onnx::Conv_1525_scale,[160],float32,160,640,0.00061,12800,321536.0
Mobile-VIT,232,onnx::Conv_1525_zero_point,[160],int8,160,160,0.000153,3200,80384.0
Mobile-VIT,233,onnx::Conv_1528,"[160, 160, 3, 3]",float32,230400,921600,0.878906,18432000,463011840.00000006
Mobile-VIT,234,onnx::Conv_1528_scale,[160],float32,160,640,0.00061,12800,321536.0
Mobile-VIT,235,onnx::Conv_1531,"[160, 240, 1, 1]",float32,38400,153600,0.146484,3072000,77168640.0
Mobile-VIT,236,onnx::Conv_1531_scale,[160],float32,160,640,0.00061,12800,321536.0
Mobile-VIT,237,onnx::Conv_1534,"[160, 320, 3, 3]",float32,460800,1843200,1.757812,36864000,926023680.0000001
Mobile-VIT,238,onnx::Conv_1534_scale,[160],float32,160,640,0.00061,12800,321536.0
Mobile-VIT,239,onnx::Conv_1537,"[640, 160, 1, 1]",float32,102400,409600,0.390625,8192000,205783040.0
Mobile-VIT,240,onnx::Conv_1537_scale,[640],float32,640,2560,0.002441,51200,1286144.0
Mobile-VIT,241,onnx::Conv_1537_zero_point,[640],int8,640,640,0.00061,12800,321536.0
Mobile-VIT,242,onnx::MatMul_1559,"[144, 144]",float32,20736,82944,0.079102,1658880,41671065.6
Mobile-VIT,243,onnx::MatMul_1559_scale,[144],float32,144,576,0.000549,11520,289382.4
Mobile-VIT,244,onnx::MatMul_1560,"[144, 288]",float32,41472,165888,0.158203,3317760,83342131.2
Mobile-VIT,245,onnx::MatMul_1560_scale,[288],float32,288,1152,0.001099,23040,578764.8
Mobile-VIT,246,onnx::MatMul_1560_zero_point,[288],int8,288,288,0.000275,5760,144691.2
Mobile-VIT,247,onnx::MatMul_1561,"[288, 144]",float32,41472,165888,0.158203,3317760,83342131.2
Mobile-VIT,248,onnx::MatMul_1561_scale,[144],float32,144,576,0.000549,11520,289382.4
Mobile-VIT,249,onnx::MatMul_1575,"[144, 144]",float32,20736,82944,0.079102,1658880,41671065.6
Mobile-VIT,250,onnx::MatMul_1575_scale,[144],float32,144,576,0.000549,11520,289382.4
Mobile-VIT,251,onnx::MatMul_1576,"[144, 288]",float32,41472,165888,0.158203,3317760,83342131.2
Mobile-VIT,252,onnx::MatMul_1576_scale,[288],float32,288,1152,0.001099,23040,578764.8
Mobile-VIT,253,onnx::MatMul_1577,"[288, 144]",float32,41472,165888,0.158203,3317760,83342131.2
Mobile-VIT,254,onnx::MatMul_1577_scale,[144],float32,144,576,0.000549,11520,289382.4
Mobile-VIT,255,onnx::MatMul_1605,"[192, 192]",float32,36864,147456,0.140625,2949120,74081894.4
Mobile-VIT,256,onnx::MatMul_1605_scale,[192],float32,192,768,0.000732,15360,385843.2
Mobile-VIT,257,onnx::MatMul_1606,"[192, 384]",float32,73728,294912,0.28125,5898240,148163788.8
Mobile-VIT,258,onnx::MatMul_1606_scale,[384],float32,384,1536,0.001465,30720,771686.4
Mobile-VIT,259,onnx::MatMul_1607,"[384, 192]",float32,73728,294912,0.28125,5898240,148163788.8
Mobile-VIT,260,onnx::MatMul_1607_scale,[192],float32,192,768,0.000732,15360,385843.2
Mobile-VIT,261,onnx::MatMul_1621,"[192, 192]",float32,36864,147456,0.140625,2949120,74081894.4
Mobile-VIT,262,onnx::MatMul_1621_scale,[192],float32,192,768,0.000732,15360,385843.2
Mobile-VIT,263,onnx::MatMul_1622,"[192, 384]",float32,73728,294912,0.28125,5898240,148163788.8
Mobile-VIT,264,onnx::MatMul_1622_scale,[384],float32,384,1536,0.001465,30720,771686.4
Mobile-VIT,265,onnx::MatMul_1623,"[384, 192]",float32,73728,294912,0.28125,5898240,148163788.8
Mobile-VIT,266,onnx::MatMul_1623_scale,[192],float32,192,768,0.000732,15360,385843.2
Mobile-VIT,267,onnx::MatMul_1637,"[192, 192]",float32,36864,147456,0.140625,2949120,74081894.4
Mobile-VIT,268,onnx::MatMul_1637_scale,[192],float32,192,768,0.000732,15360,385843.2
Mobile-VIT,269,onnx::MatMul_1638,"[192, 384]",float32,73728,294912,0.28125,5898240,148163788.8
Mobile-VIT,270,onnx::MatMul_1638_scale,[384],float32,384,1536,0.001465,30720,771686.4
Mobile-VIT,271,onnx::MatMul_1639,"[384, 192]",float32,73728,294912,0.28125,5898240,148163788.8
Mobile-VIT,272,onnx::MatMul_1639_scale,[192],float32,192,768,0.000732,15360,385843.2
Mobile-VIT,273,onnx::MatMul_1653,"[192, 192]",float32,36864,147456,0.140625,2949120,74081894.4
Mobile-VIT,274,onnx::MatMul_1653_scale,[192],float32,192,768,0.000732,15360,385843.2
Mobile-VIT,275,onnx::MatMul_1654,"[192, 384]",float32,73728,294912,0.28125,5898240,148163788.8
Mobile-VIT,276,onnx::MatMul_1654_scale,[384],float32,384,1536,0.001465,30720,771686.4
Mobile-VIT,277,onnx::MatMul_1655,"[384, 192]",float32,73728,294912,0.28125,5898240,148163788.8
Mobile-VIT,278,onnx::MatMul_1655_scale,[192],float32,192,768,0.000732,15360,385843.2
Mobile-VIT,279,onnx::MatMul_1683,"[240, 240]",float32,57600,230400,0.219727,4608000,115752960.00000001
Mobile-VIT,280,onnx::MatMul_1683_scale,[240],float32,240,960,0.000916,19200,482304.00000000006
Mobile-VIT,281,onnx::MatMul_1684,"[240, 480]",float32,115200,460800,0.439453,9216000,231505920.00000003
Mobile-VIT,282,onnx::MatMul_1684_scale,[480],float32,480,1920,0.001831,38400,964608.0000000001
Mobile-VIT,283,onnx::MatMul_1684_zero_point,[480],int8,480,480,0.000458,9600,241152.00000000003
Mobile-VIT,284,onnx::MatMul_1685,"[480, 240]",float32,115200,460800,0.439453,9216000,231505920.00000003
Mobile-VIT,285,onnx::MatMul_1685_scale,[240],float32,240,960,0.000916,19200,482304.00000000006
Mobile-VIT,286,onnx::MatMul_1699,"[240, 240]",float32,57600,230400,0.219727,4608000,115752960.00000001
Mobile-VIT,287,onnx::MatMul_1699_scale,[240],float32,240,960,0.000916,19200,482304.00000000006
Mobile-VIT,288,onnx::MatMul_1700,"[240, 480]",float32,115200,460800,0.439453,9216000,231505920.00000003
Mobile-VIT,289,onnx::MatMul_1700_scale,[480],float32,480,1920,0.001831,38400,964608.0000000001
Mobile-VIT,290,onnx::MatMul_1701,"[480, 240]",float32,115200,460800,0.439453,9216000,231505920.00000003
Mobile-VIT,291,onnx::MatMul_1701_scale,[240],float32,240,960,0.000916,19200,482304.00000000006
Mobile-VIT,292,onnx::MatMul_1715,"[240, 240]",float32,57600,230400,0.219727,4608000,115752960.00000001
Mobile-VIT,293,onnx::MatMul_1715_scale,[240],float32,240,960,0.000916,19200,482304.00000000006
Mobile-VIT,294,onnx::MatMul_1716,"[240, 480]",float32,115200,460800,0.439453,9216000,231505920.00000003
Mobile-VIT,295,onnx::MatMul_1716_scale,[480],float32,480,1920,0.001831,38400,964608.0000000001
Mobile-VIT,296,onnx::MatMul_1717,"[480, 240]",float32,115200,460800,0.439453,9216000,231505920.00000003
Mobile-VIT,297,onnx::MatMul_1717_scale,[240],float32,240,960,0.000916,19200,482304.00000000006
Mobile-VIT,298,image_tensor_scale,[],float32,0,4,4e-06,80,2009.6000000000001
Mobile-VIT,299,onnx::Conv_1445,[16],float32,16,64,6.1e-05,1280,32153.600000000002
Mobile-VIT,300,/net/mobilevit/conv_stem/convolution/Conv_output_0_scale,[],float32,0,4,4e-06,80,2009.6000000000001
Mobile-VIT,301,/net/mobilevit/conv_stem/convolution/Conv_output_0_zero_point,[],uint16,0,2,2e-06,40,1004.8000000000001
Mobile-VIT,302,/net/mobilevit/conv_stem/activation/Sigmoid_output_0_scale,[],float32,0,4,4e-06,80,2009.6000000000001
Mobile-VIT,303,/net/mobilevit/conv_stem/activation/Mul_output_0_scale,[],float32,0,4,4e-06,80,2009.6000000000001
Mobile-VIT,304,/net/mobilevit/conv_stem/activation/Mul_output_0_zero_point,[],uint16,0,2,2e-06,40,1004.8000000000001
Mobile-VIT,305,onnx::Conv_1448,[64],float32,64,256,0.000244,5120,128614.40000000001
Mobile-VIT,306,/net/mobilevit/encoder/0/layer.0/expand_1x1/convolution/Conv_output_0_scale,[],float32,0,4,4e-06,80,2009.6000000000001
Mobile-VIT,307,/net/mobilevit/encoder/0/layer.0/expand_1x1/convolution/Conv_output_0_zero_point,[],uint16,0,2,2e-06,40,1004.8000000000001
Mobile-VIT,308,/net/mobilevit/encoder/0/layer.0/expand_1x1/activation/Mul_output_0_scale,[],float32,0,4,4e-06,80,2009.6000000000001
Mobile-VIT,309,/net/mobilevit/encoder/0/layer.0/expand_1x1/activation/Mul_output_0_zero_point,[],uint16,0,2,2e-06,40,1004.8000000000001
Mobile-VIT,310,onnx::Conv_1451,[64],float32,64,256,0.000244,5120,128614.40000000001
Mobile-VIT,311,/net/mobilevit/encoder/0/layer.0/conv_3x3/convolution/Conv_output_0_scale,[],float32,0,4,4e-06,80,2009.6000000000001
Mobile-VIT,312,/net/mobilevit/encoder/0/layer.0/conv_3x3/convolution/Conv_output_0_zero_point,[],uint16,0,2,2e-06,40,1004.8000000000001
Mobile-VIT,313,/net/mobilevit/encoder/0/layer.0/conv_3x3/activation/Mul_output_0_scale,[],float32,0,4,4e-06,80,2009.6000000000001
Mobile-VIT,314,/net/mobilevit/encoder/0/layer.0/conv_3x3/activation/Mul_output_0_zero_point,[],uint16,0,2,2e-06,40,1004.8000000000001
Mobile-VIT,315,onnx::Conv_1454,[32],float32,32,128,0.000122,2560,64307.200000000004
Mobile-VIT,316,/net/mobilevit/encoder/0/layer.0/reduce_1x1/convolution/Conv_output_0_scale,[],float32,0,4,4e-06,80,2009.6000000000001
Mobile-VIT,317,/net/mobilevit/encoder/0/layer.0/reduce_1x1/convolution/Conv_output_0_zero_point,[],uint16,0,2,2e-06,40,1004.8000000000001
Mobile-VIT,318,onnx::Conv_1457,[128],float32,128,512,0.000488,10240,257228.80000000002
Mobile-VIT,319,/net/mobilevit/encoder/1/0/expand_1x1/convolution/Conv_output_0_scale,[],float32,0,4,4e-06,80,2009.6000000000001
Mobile-VIT,320,/net/mobilevit/encoder/1/0/expand_1x1/convolution/Conv_output_0_zero_point,[],uint16,0,2,2e-06,40,1004.8000000000001
Mobile-VIT,321,/net/mobilevit/encoder/1/0/expand_1x1/activation/Mul_output_0_scale,[],float32,0,4,4e-06,80,2009.6000000000001
Mobile-VIT,322,/net/mobilevit/encoder/1/0/expand_1x1/activation/Mul_output_0_zero_point,[],uint16,0,2,2e-06,40,1004.8000000000001
Mobile-VIT,323,onnx::Conv_1460,[128],float32,128,512,0.000488,10240,257228.80000000002
Mobile-VIT,324,/net/mobilevit/encoder/1/0/conv_3x3/convolution/Conv_output_0_scale,[],float32,0,4,4e-06,80,2009.6000000000001
Mobile-VIT,325,/net/mobilevit/encoder/1/0/conv_3x3/convolution/Conv_output_0_zero_point,[],uint16,0,2,2e-06,40,1004.8000000000001
Mobile-VIT,326,/net/mobilevit/encoder/1/0/conv_3x3/activation/Mul_output_0_scale,[],float32,0,4,4e-06,80,2009.6000000000001
Mobile-VIT,327,/net/mobilevit/encoder/1/0/conv_3x3/activation/Mul_output_0_zero_point,[],uint16,0,2,2e-06,40,1004.8000000000001
Mobile-VIT,328,onnx::Conv_1463,[64],float32,64,256,0.000244,5120,128614.40000000001
Mobile-VIT,329,/net/mobilevit/encoder/1/0/reduce_1x1/convolution/Conv_output_0_scale,[],float32,0,4,4e-06,80,2009.6000000000001
Mobile-VIT,330,/net/mobilevit/encoder/1/0/reduce_1x1/convolution/Conv_output_0_zero_point,[],uint16,0,2,2e-06,40,1004.8000000000001
Mobile-VIT,331,onnx::Conv_1466,[256],float32,256,1024,0.000977,20480,514457.60000000003
Mobile-VIT,332,/net/mobilevit/encoder/1/1/expand_1x1/convolution/Conv_output_0_scale,[],float32,0,4,4e-06,80,2009.6000000000001
Mobile-VIT,333,/net/mobilevit/encoder/1/1/expand_1x1/convolution/Conv_output_0_zero_point,[],uint16,0,2,2e-06,40,1004.8000000000001
Mobile-VIT,334,/net/mobilevit/encoder/1/1/expand_1x1/activation/Mul_output_0_scale,[],float32,0,4,4e-06,80,2009.6000000000001
Mobile-VIT,335,/net/mobilevit/encoder/1/1/expand_1x1/activation/Mul_output_0_zero_point,[],uint16,0,2,2e-06,40,1004.8000000000001
Mobile-VIT,336,onnx::Conv_1469,[256],float32,256,1024,0.000977,20480,514457.60000000003
Mobile-VIT,337,/net/mobilevit/encoder/1/1/conv_3x3/convolution/Conv_output_0_scale,[],float32,0,4,4e-06,80,2009.6000000000001
Mobile-VIT,338,/net/mobilevit/encoder/1/1/conv_3x3/convolution/Conv_output_0_zero_point,[],uint16,0,2,2e-06,40,1004.8000000000001
Mobile-VIT,339,/net/mobilevit/encoder/1/1/conv_3x3/activation/Mul_output_0_scale,[],float32,0,4,4e-06,80,2009.6000000000001
Mobile-VIT,340,/net/mobilevit/encoder/1/1/conv_3x3/activation/Mul_output_0_zero_point,[],uint16,0,2,2e-06,40,1004.8000000000001
Mobile-VIT,341,onnx::Conv_1472,[64],float32,64,256,0.000244,5120,128614.40000000001
Mobile-VIT,342,/net/mobilevit/encoder/1/1/reduce_1x1/convolution/Conv_output_0_scale,[],float32,0,4,4e-06,80,2009.6000000000001
Mobile-VIT,343,/net/mobilevit/encoder/1/1/reduce_1x1/convolution/Conv_output_0_zero_point,[],uint16,0,2,2e-06,40,1004.8000000000001
Mobile-VIT,344,/net/mobilevit/encoder/1/1/Add_output_0_scale,[],float32,0,4,4e-06,80,2009.6000000000001
Mobile-VIT,345,/net/mobilevit/encoder/1/1/Add_output_0_zero_point,[],uint16,0,2,2e-06,40,1004.8000000000001
Mobile-VIT,346,onnx::Conv_1475,[256],float32,256,1024,0.000977,20480,514457.60000000003
Mobile-VIT,347,/net/mobilevit/encoder/1/2/expand_1x1/convolution/Conv_output_0_scale,[],float32,0,4,4e-06,80,2009.6000000000001
Mobile-VIT,348,/net/mobilevit/encoder/1/2/expand_1x1/convolution/Conv_output_0_zero_point,[],uint16,0,2,2e-06,40,1004.8000000000001
Mobile-VIT,349,/net/mobilevit/encoder/1/2/expand_1x1/activation/Mul_output_0_scale,[],float32,0,4,4e-06,80,2009.6000000000001
Mobile-VIT,350,/net/mobilevit/encoder/1/2/expand_1x1/activation/Mul_output_0_zero_point,[],uint16,0,2,2e-06,40,1004.8000000000001
Mobile-VIT,351,onnx::Conv_1478,[256],float32,256,1024,0.000977,20480,514457.60000000003
Mobile-VIT,352,/net/mobilevit/encoder/1/2/conv_3x3/convolution/Conv_output_0_scale,[],float32,0,4,4e-06,80,2009.6000000000001
Mobile-VIT,353,/net/mobilevit/encoder/1/2/conv_3x3/convolution/Conv_output_0_zero_point,[],uint16,0,2,2e-06,40,1004.8000000000001
Mobile-VIT,354,/net/mobilevit/encoder/1/2/conv_3x3/activation/Mul_output_0_scale,[],float32,0,4,4e-06,80,2009.6000000000001
Mobile-VIT,355,/net/mobilevit/encoder/1/2/conv_3x3/activation/Mul_output_0_zero_point,[],uint16,0,2,2e-06,40,1004.8000000000001
Mobile-VIT,356,onnx::Conv_1481,[64],float32,64,256,0.000244,5120,128614.40000000001
Mobile-VIT,357,/net/mobilevit/encoder/1/2/reduce_1x1/convolution/Conv_output_0_scale,[],float32,0,4,4e-06,80,2009.6000000000001
Mobile-VIT,358,/net/mobilevit/encoder/1/2/reduce_1x1/convolution/Conv_output_0_zero_point,[],uint16,0,2,2e-06,40,1004.8000000000001
Mobile-VIT,359,/net/mobilevit/encoder/1/2/Add_output_0_scale,[],float32,0,4,4e-06,80,2009.6000000000001
Mobile-VIT,360,/net/mobilevit/encoder/1/2/Add_output_0_zero_point,[],uint16,0,2,2e-06,40,1004.8000000000001
Mobile-VIT,361,onnx::Conv_1484,[256],float32,256,1024,0.000977,20480,514457.60000000003
Mobile-VIT,362,/net/mobilevit/encoder/2/downsampling_layer/expand_1x1/convolution/Conv_output_0_scale,[],float32,0,4,4e-06,80,2009.6000000000001
Mobile-VIT,363,/net/mobilevit/encoder/2/downsampling_layer/expand_1x1/convolution/Conv_output_0_zero_point,[],uint16,0,2,2e-06,40,1004.8000000000001
Mobile-VIT,364,/net/mobilevit/encoder/2/downsampling_layer/expand_1x1/activation/Mul_output_0_scale,[],float32,0,4,4e-06,80,2009.6000000000001
Mobile-VIT,365,/net/mobilevit/encoder/2/downsampling_layer/expand_1x1/activation/Mul_output_0_zero_point,[],uint16,0,2,2e-06,40,1004.8000000000001
Mobile-VIT,366,onnx::Conv_1487,[256],float32,256,1024,0.000977,20480,514457.60000000003
Mobile-VIT,367,/net/mobilevit/encoder/2/downsampling_layer/conv_3x3/convolution/Conv_output_0_scale,[],float32,0,4,4e-06,80,2009.6000000000001
Mobile-VIT,368,/net/mobilevit/encoder/2/downsampling_layer/conv_3x3/convolution/Conv_output_0_zero_point,[],uint16,0,2,2e-06,40,1004.8000000000001
Mobile-VIT,369,/net/mobilevit/encoder/2/downsampling_layer/conv_3x3/activation/Mul_output_0_scale,[],float32,0,4,4e-06,80,2009.6000000000001
Mobile-VIT,370,/net/mobilevit/encoder/2/downsampling_layer/conv_3x3/activation/Mul_output_0_zero_point,[],uint16,0,2,2e-06,40,1004.8000000000001
Mobile-VIT,371,onnx::Conv_1490,[96],float32,96,384,0.000366,7680,192921.6
Mobile-VIT,372,/net/mobilevit/encoder/2/downsampling_layer/reduce_1x1/convolution/Conv_output_0_scale,[],float32,0,4,4e-06,80,2009.6000000000001
Mobile-VIT,373,/net/mobilevit/encoder/2/downsampling_layer/reduce_1x1/convolution/Conv_output_0_zero_point,[],uint16,0,2,2e-06,40,1004.8000000000001
Mobile-VIT,374,onnx::Conv_1493,[96],float32,96,384,0.000366,7680,192921.6
Mobile-VIT,375,/net/mobilevit/encoder/2/conv_kxk/convolution/Conv_output_0_scale,[],float32,0,4,4e-06,80,2009.6000000000001
Mobile-VIT,376,/net/mobilevit/encoder/2/conv_kxk/convolution/Conv_output_0_zero_point,[],uint16,0,2,2e-06,40,1004.8000000000001
Mobile-VIT,377,/net/mobilevit/encoder/2/conv_kxk/activation/Mul_output_0_scale,[],float32,0,4,4e-06,80,2009.6000000000001
Mobile-VIT,378,/net/mobilevit/encoder/2/conv_kxk/activation/Mul_output_0_zero_point,[],uint16,0,2,2e-06,40,1004.8000000000001
Mobile-VIT,379,/net/mobilevit/encoder/2/conv_1x1/convolution/Conv_output_0_scale,[],float32,0,4,4e-06,80,2009.6000000000001
Mobile-VIT,380,/net/mobilevit/encoder/2/conv_1x1/convolution/Conv_output_0_zero_point,[],uint16,0,2,2e-06,40,1004.8000000000001
Mobile-VIT,381,/net/mobilevit/encoder/2/Concat_output_0,[4],int64,4,32,3.1e-05,640,16076.800000000001
Mobile-VIT,382,/net/mobilevit/encoder/2/Concat_1_output_0,[4],int64,4,32,3.1e-05,640,16076.800000000001
Mobile-VIT,383,/net/mobilevit/encoder/2/Concat_2_output_0,[3],int64,3,24,2.3e-05,480,12057.6
Mobile-VIT,384,net.mobilevit.encoder.layer.2.transformer.layer.0.layernorm_before.bias,[144],float32,144,576,0.000549,11520,289382.4
Mobile-VIT,385,/net/mobilevit/encoder/2/transformer/0/layernorm_before/LayerNormalization_output_0_scale,[],float32,0,4,4e-06,80,2009.6000000000001
Mobile-VIT,386,/net/mobilevit/encoder/2/transformer/0/layernorm_before/LayerNormalization_output_0_zero_point,[],uint16,0,2,2e-06,40,1004.8000000000001
Mobile-VIT,387,_v_646_scale,[],float32,0,4,4e-06,80,2009.6000000000001
Mobile-VIT,388,_v_646_zero_point,[],uint16,0,2,2e-06,40,1004.8000000000001
Mobile-VIT,389,_v_650,[3],int64,3,24,2.3e-05,480,12057.6
Mobile-VIT,390,/net/mobilevit/encoder/2/transformer/0/attention/attention/query/Add_output_0_scale,[],float32,0,4,4e-06,80,2009.6000000000001
Mobile-VIT,391,/net/mobilevit/encoder/2/transformer/0/attention/attention/query/Add_output_0_zero_point,[],uint16,0,2,2e-06,40,1004.8000000000001
Mobile-VIT,392,/net/mobilevit/encoder/2/transformer/0/attention/attention/key/Add_output_0_scale,[],float32,0,4,4e-06,80,2009.6000000000001
Mobile-VIT,393,/net/mobilevit/encoder/2/transformer/0/attention/attention/key/Add_output_0_zero_point,[],uint16,0,2,2e-06,40,1004.8000000000001
Mobile-VIT,394,/net/mobilevit/encoder/2/transformer/0/attention/attention/value/Add_output_0_scale,[],float32,0,4,4e-06,80,2009.6000000000001
Mobile-VIT,395,/net/mobilevit/encoder/2/transformer/0/attention/attention/Concat_output_0,[4],int64,4,32,3.1e-05,640,16076.800000000001
Mobile-VIT,396,/net/mobilevit/encoder/2/transformer/0/attention/attention/MatMul_output_0_scale,[],float32,0,4,4e-06,80,2009.6000000000001
Mobile-VIT,397,/net/mobilevit/encoder/2/transformer/0/attention/attention/MatMul_output_0_zero_point,[],uint16,0,2,2e-06,40,1004.8000000000001
Mobile-VIT,398,/net/mobilevit/encoder/2/transformer/0/attention/attention/Div_output_0_scale,[],float32,0,4,4e-06,80,2009.6000000000001
Mobile-VIT,399,/net/mobilevit/encoder/2/transformer/0/attention/attention/MatMul_1_output_0_scale,[],float32,0,4,4e-06,80,2009.6000000000001
Mobile-VIT,400,/net/mobilevit/encoder/2/transformer/0/attention/attention/MatMul_1_output_0_zero_point,[],uint16,0,2,2e-06,40,1004.8000000000001
Mobile-VIT,401,/net/mobilevit/encoder/2/transformer/0/attention/attention/Concat_3_output_0,[3],int64,3,24,2.3e-05,480,12057.6
Mobile-VIT,402,net.mobilevit.encoder.layer.2.transformer.layer.0.attention.output.dense.bias,[144],float32,144,576,0.000549,11520,289382.4
Mobile-VIT,403,/net/mobilevit/encoder/2/transformer/0/attention/output/dense/Add_output_0_scale,[],float32,0,4,4e-06,80,2009.6000000000001
Mobile-VIT,404,/net/mobilevit/encoder/2/transformer/0/attention/output/dense/Add_output_0_zero_point,[],uint16,0,2,2e-06,40,1004.8000000000001
Mobile-VIT,405,/net/mobilevit/encoder/2/transformer/0/Add_output_0_scale,[],float32,0,4,4e-06,80,2009.6000000000001
Mobile-VIT,406,/net/mobilevit/encoder/2/transformer/0/Add_output_0_zero_point,[],uint16,0,2,2e-06,40,1004.8000000000001
Mobile-VIT,407,net.mobilevit.encoder.layer.2.transformer.layer.0.layernorm_after.bias,[144],float32,144,576,0.000549,11520,289382.4
Mobile-VIT,408,/net/mobilevit/encoder/2/transformer/0/layernorm_after/LayerNormalization_output_0_scale,[],float32,0,4,4e-06,80,2009.6000000000001
Mobile-VIT,409,/net/mobilevit/encoder/2/transformer/0/layernorm_after/LayerNormalization_output_0_zero_point,[],uint16,0,2,2e-06,40,1004.8000000000001
Mobile-VIT,410,net.mobilevit.encoder.layer.2.transformer.layer.0.intermediate.dense.bias,[288],float32,288,1152,0.001099,23040,578764.8
Mobile-VIT,411,/net/mobilevit/encoder/2/transformer/0/intermediate/dense/Add_output_0_scale,[],float32,0,4,4e-06,80,2009.6000000000001
Mobile-VIT,412,/net/mobilevit/encoder/2/transformer/0/intermediate/dense/Add_output_0_zero_point,[],uint16,0,2,2e-06,40,1004.8000000000001
Mobile-VIT,413,/net/mobilevit/encoder/2/transformer/0/intermediate/intermediate_act_fn/Mul_output_0_scale,[],float32,0,4,4e-06,80,2009.6000000000001
Mobile-VIT,414,/net/mobilevit/encoder/2/transformer/0/intermediate/intermediate_act_fn/Mul_output_0_zero_point,[],uint16,0,2,2e-06,40,1004.8000000000001
Mobile-VIT,415,net.mobilevit.encoder.layer.2.transformer.layer.0.output.dense.bias,[144],float32,144,576,0.000549,11520,289382.4
Mobile-VIT,416,/net/mobilevit/encoder/2/transformer/0/output/dense/Add_output_0_scale,[],float32,0,4,4e-06,80,2009.6000000000001
Mobile-VIT,417,/net/mobilevit/encoder/2/transformer/0/output/dense/Add_output_0_zero_point,[],uint16,0,2,2e-06,40,1004.8000000000001
Mobile-VIT,418,/net/mobilevit/encoder/2/transformer/0/output/Add_output_0_scale,[],float32,0,4,4e-06,80,2009.6000000000001
Mobile-VIT,419,/net/mobilevit/encoder/2/transformer/0/output/Add_output_0_zero_point,[],uint16,0,2,2e-06,40,1004.8000000000001
Mobile-VIT,420,net.mobilevit.encoder.layer.2.transformer.layer.1.layernorm_before.bias,[144],float32,144,576,0.000549,11520,289382.4
Mobile-VIT,421,/net/mobilevit/encoder/2/transformer/1/layernorm_before/LayerNormalization_output_0_scale,[],float32,0,4,4e-06,80,2009.6000000000001
Mobile-VIT,422,/net/mobilevit/encoder/2/transformer/1/layernorm_before/LayerNormalization_output_0_zero_point,[],uint16,0,2,2e-06,40,1004.8000000000001
Mobile-VIT,423,_v_653_scale,[],float32,0,4,4e-06,80,2009.6000000000001
Mobile-VIT,424,_v_653_zero_point,[],uint16,0,2,2e-06,40,1004.8000000000001
Mobile-VIT,425,/net/mobilevit/encoder/2/transformer/1/attention/attention/query/Add_output_0_scale,[],float32,0,4,4e-06,80,2009.6000000000001
Mobile-VIT,426,/net/mobilevit/encoder/2/transformer/1/attention/attention/query/Add_output_0_zero_point,[],uint16,0,2,2e-06,40,1004.8000000000001
Mobile-VIT,427,/net/mobilevit/encoder/2/transformer/1/attention/attention/key/Add_output_0_scale,[],float32,0,4,4e-06,80,2009.6000000000001
Mobile-VIT,428,/net/mobilevit/encoder/2/transformer/1/attention/attention/value/Add_output_0_scale,[],float32,0,4,4e-06,80,2009.6000000000001
Mobile-VIT,429,/net/mobilevit/encoder/2/transformer/1/attention/attention/MatMul_output_0_scale,[],float32,0,4,4e-06,80,2009.6000000000001
Mobile-VIT,430,/net/mobilevit/encoder/2/transformer/1/attention/attention/MatMul_output_0_zero_point,[],uint16,0,2,2e-06,40,1004.8000000000001
Mobile-VIT,431,/net/mobilevit/encoder/2/transformer/1/attention/attention/Div_output_0_scale,[],float32,0,4,4e-06,80,2009.6000000000001
Mobile-VIT,432,/net/mobilevit/encoder/2/transformer/1/attention/attention/MatMul_1_output_0_scale,[],float32,0,4,4e-06,80,2009.6000000000001
Mobile-VIT,433,/net/mobilevit/encoder/2/transformer/1/attention/attention/MatMul_1_output_0_zero_point,[],uint16,0,2,2e-06,40,1004.8000000000001
Mobile-VIT,434,net.mobilevit.encoder.layer.2.transformer.layer.1.attention.output.dense.bias,[144],float32,144,576,0.000549,11520,289382.4
Mobile-VIT,435,/net/mobilevit/encoder/2/transformer/1/attention/output/dense/Add_output_0_scale,[],float32,0,4,4e-06,80,2009.6000000000001
Mobile-VIT,436,/net/mobilevit/encoder/2/transformer/1/attention/output/dense/Add_output_0_zero_point,[],uint16,0,2,2e-06,40,1004.8000000000001
Mobile-VIT,437,/net/mobilevit/encoder/2/transformer/1/Add_output_0_scale,[],float32,0,4,4e-06,80,2009.6000000000001
Mobile-VIT,438,/net/mobilevit/encoder/2/transformer/1/Add_output_0_zero_point,[],uint16,0,2,2e-06,40,1004.8000000000001
Mobile-VIT,439,net.mobilevit.encoder.layer.2.transformer.layer.1.layernorm_after.bias,[144],float32,144,576,0.000549,11520,289382.4
Mobile-VIT,440,/net/mobilevit/encoder/2/transformer/1/layernorm_after/LayerNormalization_output_0_scale,[],float32,0,4,4e-06,80,2009.6000000000001
Mobile-VIT,441,/net/mobilevit/encoder/2/transformer/1/layernorm_after/LayerNormalization_output_0_zero_point,[],uint16,0,2,2e-06,40,1004.8000000000001
Mobile-VIT,442,net.mobilevit.encoder.layer.2.transformer.layer.1.intermediate.dense.bias,[288],float32,288,1152,0.001099,23040,578764.8
Mobile-VIT,443,/net/mobilevit/encoder/2/transformer/1/intermediate/dense/Add_output_0_scale,[],float32,0,4,4e-06,80,2009.6000000000001
Mobile-VIT,444,/net/mobilevit/encoder/2/transformer/1/intermediate/dense/Add_output_0_zero_point,[],uint16,0,2,2e-06,40,1004.8000000000001
Mobile-VIT,445,/net/mobilevit/encoder/2/transformer/1/intermediate/intermediate_act_fn/Mul_output_0_scale,[],float32,0,4,4e-06,80,2009.6000000000001
Mobile-VIT,446,/net/mobilevit/encoder/2/transformer/1/intermediate/intermediate_act_fn/Mul_output_0_zero_point,[],uint16,0,2,2e-06,40,1004.8000000000001
Mobile-VIT,447,net.mobilevit.encoder.layer.2.transformer.layer.1.output.dense.bias,[144],float32,144,576,0.000549,11520,289382.4
Mobile-VIT,448,/net/mobilevit/encoder/2/transformer/1/output/dense/Add_output_0_scale,[],float32,0,4,4e-06,80,2009.6000000000001
Mobile-VIT,449,/net/mobilevit/encoder/2/transformer/1/output/dense/Add_output_0_zero_point,[],uint16,0,2,2e-06,40,1004.8000000000001
Mobile-VIT,450,/net/mobilevit/encoder/2/transformer/1/output/Add_output_0_scale,[],float32,0,4,4e-06,80,2009.6000000000001
Mobile-VIT,451,/net/mobilevit/encoder/2/transformer/1/output/Add_output_0_zero_point,[],uint16,0,2,2e-06,40,1004.8000000000001
Mobile-VIT,452,net.mobilevit.encoder.layer.2.layernorm.bias,[144],float32,144,576,0.000549,11520,289382.4
Mobile-VIT,453,/net/mobilevit/encoder/2/layernorm/LayerNormalization_output_0_scale,[],float32,0,4,4e-06,80,2009.6000000000001
Mobile-VIT,454,/net/mobilevit/encoder/2/layernorm/LayerNormalization_output_0_zero_point,[],uint16,0,2,2e-06,40,1004.8000000000001
Mobile-VIT,455,/net/mobilevit/encoder/2/Concat_3_output_0,[4],int64,4,32,3.1e-05,640,16076.800000000001
Mobile-VIT,456,/net/mobilevit/encoder/2/Concat_4_output_0,[4],int64,4,32,3.1e-05,640,16076.800000000001
Mobile-VIT,457,/net/mobilevit/encoder/2/Concat_5_output_0,[4],int64,4,32,3.1e-05,640,16076.800000000001
Mobile-VIT,458,onnx::Conv_1496,[96],float32,96,384,0.000366,7680,192921.6
Mobile-VIT,459,/net/mobilevit/encoder/2/conv_projection/convolution/Conv_output_0_scale,[],float32,0,4,4e-06,80,2009.6000000000001
Mobile-VIT,460,/net/mobilevit/encoder/2/conv_projection/convolution/Conv_output_0_zero_point,[],uint16,0,2,2e-06,40,1004.8000000000001
Mobile-VIT,461,/net/mobilevit/encoder/2/conv_projection/activation/Mul_output_0_scale,[],float32,0,4,4e-06,80,2009.6000000000001
Mobile-VIT,462,/net/mobilevit/encoder/2/conv_projection/activation/Mul_output_0_zero_point,[],uint16,0,2,2e-06,40,1004.8000000000001
Mobile-VIT,463,onnx::Conv_1499,[96],float32,96,384,0.000366,7680,192921.6
Mobile-VIT,464,/net/mobilevit/encoder/2/fusion/convolution/Conv_output_0_scale,[],float32,0,4,4e-06,80,2009.6000000000001
Mobile-VIT,465,/net/mobilevit/encoder/2/fusion/convolution/Conv_output_0_zero_point,[],uint16,0,2,2e-06,40,1004.8000000000001
Mobile-VIT,466,/net/mobilevit/encoder/2/fusion/activation/Mul_output_0_scale,[],float32,0,4,4e-06,80,2009.6000000000001
Mobile-VIT,467,/net/mobilevit/encoder/2/fusion/activation/Mul_output_0_zero_point,[],uint16,0,2,2e-06,40,1004.8000000000001
Mobile-VIT,468,onnx::Conv_1502,[384],float32,384,1536,0.001465,30720,771686.4
Mobile-VIT,469,/net/mobilevit/encoder/3/downsampling_layer/expand_1x1/convolution/Conv_output_0_scale,[],float32,0,4,4e-06,80,2009.6000000000001
Mobile-VIT,470,/net/mobilevit/encoder/3/downsampling_layer/expand_1x1/convolution/Conv_output_0_zero_point,[],uint16,0,2,2e-06,40,1004.8000000000001
Mobile-VIT,471,/net/mobilevit/encoder/3/downsampling_layer/expand_1x1/activation/Mul_output_0_scale,[],float32,0,4,4e-06,80,2009.6000000000001
Mobile-VIT,472,/net/mobilevit/encoder/3/downsampling_layer/expand_1x1/activation/Mul_output_0_zero_point,[],uint16,0,2,2e-06,40,1004.8000000000001
Mobile-VIT,473,onnx::Conv_1505,[384],float32,384,1536,0.001465,30720,771686.4
Mobile-VIT,474,/net/mobilevit/encoder/3/downsampling_layer/conv_3x3/convolution/Conv_output_0_scale,[],float32,0,4,4e-06,80,2009.6000000000001
Mobile-VIT,475,/net/mobilevit/encoder/3/downsampling_layer/conv_3x3/convolution/Conv_output_0_zero_point,[],uint16,0,2,2e-06,40,1004.8000000000001
Mobile-VIT,476,/net/mobilevit/encoder/3/downsampling_layer/conv_3x3/activation/Mul_output_0_scale,[],float32,0,4,4e-06,80,2009.6000000000001
Mobile-VIT,477,/net/mobilevit/encoder/3/downsampling_layer/conv_3x3/activation/Mul_output_0_zero_point,[],uint16,0,2,2e-06,40,1004.8000000000001
Mobile-VIT,478,onnx::Conv_1508,[128],float32,128,512,0.000488,10240,257228.80000000002
Mobile-VIT,479,/net/mobilevit/encoder/3/downsampling_layer/reduce_1x1/convolution/Conv_output_0_scale,[],float32,0,4,4e-06,80,2009.6000000000001
Mobile-VIT,480,/net/mobilevit/encoder/3/downsampling_layer/reduce_1x1/convolution/Conv_output_0_zero_point,[],uint16,0,2,2e-06,40,1004.8000000000001
Mobile-VIT,481,onnx::Conv_1511,[128],float32,128,512,0.000488,10240,257228.80000000002
Mobile-VIT,482,/net/mobilevit/encoder/3/conv_kxk/convolution/Conv_output_0_scale,[],float32,0,4,4e-06,80,2009.6000000000001
Mobile-VIT,483,/net/mobilevit/encoder/3/conv_kxk/convolution/Conv_output_0_zero_point,[],uint16,0,2,2e-06,40,1004.8000000000001
Mobile-VIT,484,/net/mobilevit/encoder/3/conv_kxk/activation/Mul_output_0_scale,[],float32,0,4,4e-06,80,2009.6000000000001
Mobile-VIT,485,/net/mobilevit/encoder/3/conv_kxk/activation/Mul_output_0_zero_point,[],uint16,0,2,2e-06,40,1004.8000000000001
Mobile-VIT,486,/net/mobilevit/encoder/3/conv_1x1/convolution/Conv_output_0_scale,[],float32,0,4,4e-06,80,2009.6000000000001
Mobile-VIT,487,/net/mobilevit/encoder/3/conv_1x1/convolution/Conv_output_0_zero_point,[],uint16,0,2,2e-06,40,1004.8000000000001
Mobile-VIT,488,/net/mobilevit/encoder/3/Concat_output_0,[4],int64,4,32,3.1e-05,640,16076.800000000001
Mobile-VIT,489,/net/mobilevit/encoder/3/Concat_1_output_0,[4],int64,4,32,3.1e-05,640,16076.800000000001
Mobile-VIT,490,/net/mobilevit/encoder/3/Concat_2_output_0,[3],int64,3,24,2.3e-05,480,12057.6
Mobile-VIT,491,net.mobilevit.encoder.layer.3.transformer.layer.0.layernorm_before.bias,[192],float32,192,768,0.000732,15360,385843.2
Mobile-VIT,492,/net/mobilevit/encoder/3/transformer/0/layernorm_before/LayerNormalization_output_0_scale,[],float32,0,4,4e-06,80,2009.6000000000001
Mobile-VIT,493,/net/mobilevit/encoder/3/transformer/0/layernorm_before/LayerNormalization_output_0_zero_point,[],uint16,0,2,2e-06,40,1004.8000000000001
Mobile-VIT,494,_v_660_scale,[],float32,0,4,4e-06,80,2009.6000000000001
Mobile-VIT,495,_v_660_zero_point,[],uint16,0,2,2e-06,40,1004.8000000000001
Mobile-VIT,496,_v_664,[3],int64,3,24,2.3e-05,480,12057.6
Mobile-VIT,497,/net/mobilevit/encoder/3/transformer/0/attention/attention/query/Add_output_0_scale,[],float32,0,4,4e-06,80,2009.6000000000001
Mobile-VIT,498,/net/mobilevit/encoder/3/transformer/0/attention/attention/query/Add_output_0_zero_point,[],uint16,0,2,2e-06,40,1004.8000000000001
Mobile-VIT,499,/net/mobilevit/encoder/3/transformer/0/attention/attention/key/Add_output_0_scale,[],float32,0,4,4e-06,80,2009.6000000000001
Mobile-VIT,500,/net/mobilevit/encoder/3/transformer/0/attention/attention/value/Add_output_0_scale,[],float32,0,4,4e-06,80,2009.6000000000001
Mobile-VIT,501,/net/mobilevit/encoder/3/transformer/0/attention/attention/Concat_output_0,[4],int64,4,32,3.1e-05,640,16076.800000000001
Mobile-VIT,502,/net/mobilevit/encoder/3/transformer/0/attention/attention/MatMul_output_0_scale,[],float32,0,4,4e-06,80,2009.6000000000001
Mobile-VIT,503,/net/mobilevit/encoder/3/transformer/0/attention/attention/MatMul_output_0_zero_point,[],uint16,0,2,2e-06,40,1004.8000000000001
Mobile-VIT,504,/net/mobilevit/encoder/3/transformer/0/attention/attention/Div_output_0_scale,[],float32,0,4,4e-06,80,2009.6000000000001
Mobile-VIT,505,/net/mobilevit/encoder/3/transformer/0/attention/attention/MatMul_1_output_0_scale,[],float32,0,4,4e-06,80,2009.6000000000001
Mobile-VIT,506,/net/mobilevit/encoder/3/transformer/0/attention/attention/MatMul_1_output_0_zero_point,[],uint16,0,2,2e-06,40,1004.8000000000001
Mobile-VIT,507,/net/mobilevit/encoder/3/transformer/0/attention/attention/Concat_3_output_0,[3],int64,3,24,2.3e-05,480,12057.6
Mobile-VIT,508,net.mobilevit.encoder.layer.3.transformer.layer.0.attention.output.dense.bias,[192],float32,192,768,0.000732,15360,385843.2
Mobile-VIT,509,/net/mobilevit/encoder/3/transformer/0/attention/output/dense/Add_output_0_scale,[],float32,0,4,4e-06,80,2009.6000000000001
Mobile-VIT,510,/net/mobilevit/encoder/3/transformer/0/attention/output/dense/Add_output_0_zero_point,[],uint16,0,2,2e-06,40,1004.8000000000001
Mobile-VIT,511,/net/mobilevit/encoder/3/transformer/0/Add_output_0_scale,[],float32,0,4,4e-06,80,2009.6000000000001
Mobile-VIT,512,/net/mobilevit/encoder/3/transformer/0/Add_output_0_zero_point,[],uint16,0,2,2e-06,40,1004.8000000000001
Mobile-VIT,513,net.mobilevit.encoder.layer.3.transformer.layer.0.layernorm_after.bias,[192],float32,192,768,0.000732,15360,385843.2
Mobile-VIT,514,/net/mobilevit/encoder/3/transformer/0/layernorm_after/LayerNormalization_output_0_scale,[],float32,0,4,4e-06,80,2009.6000000000001
Mobile-VIT,515,/net/mobilevit/encoder/3/transformer/0/layernorm_after/LayerNormalization_output_0_zero_point,[],uint16,0,2,2e-06,40,1004.8000000000001
Mobile-VIT,516,net.mobilevit.encoder.layer.3.transformer.layer.0.intermediate.dense.bias,[384],float32,384,1536,0.001465,30720,771686.4
Mobile-VIT,517,/net/mobilevit/encoder/3/transformer/0/intermediate/dense/Add_output_0_scale,[],float32,0,4,4e-06,80,2009.6000000000001
Mobile-VIT,518,/net/mobilevit/encoder/3/transformer/0/intermediate/dense/Add_output_0_zero_point,[],uint16,0,2,2e-06,40,1004.8000000000001
Mobile-VIT,519,/net/mobilevit/encoder/3/transformer/0/intermediate/intermediate_act_fn/Mul_output_0_scale,[],float32,0,4,4e-06,80,2009.6000000000001
Mobile-VIT,520,/net/mobilevit/encoder/3/transformer/0/intermediate/intermediate_act_fn/Mul_output_0_zero_point,[],uint16,0,2,2e-06,40,1004.8000000000001
Mobile-VIT,521,net.mobilevit.encoder.layer.3.transformer.layer.0.output.dense.bias,[192],float32,192,768,0.000732,15360,385843.2
Mobile-VIT,522,/net/mobilevit/encoder/3/transformer/0/output/dense/Add_output_0_scale,[],float32,0,4,4e-06,80,2009.6000000000001
Mobile-VIT,523,/net/mobilevit/encoder/3/transformer/0/output/dense/Add_output_0_zero_point,[],uint16,0,2,2e-06,40,1004.8000000000001
Mobile-VIT,524,/net/mobilevit/encoder/3/transformer/0/output/Add_output_0_scale,[],float32,0,4,4e-06,80,2009.6000000000001
Mobile-VIT,525,/net/mobilevit/encoder/3/transformer/0/output/Add_output_0_zero_point,[],uint16,0,2,2e-06,40,1004.8000000000001
Mobile-VIT,526,net.mobilevit.encoder.layer.3.transformer.layer.1.layernorm_before.bias,[192],float32,192,768,0.000732,15360,385843.2
Mobile-VIT,527,/net/mobilevit/encoder/3/transformer/1/layernorm_before/LayerNormalization_output_0_scale,[],float32,0,4,4e-06,80,2009.6000000000001
Mobile-VIT,528,/net/mobilevit/encoder/3/transformer/1/layernorm_before/LayerNormalization_output_0_zero_point,[],uint16,0,2,2e-06,40,1004.8000000000001
Mobile-VIT,529,_v_667_scale,[],float32,0,4,4e-06,80,2009.6000000000001
Mobile-VIT,530,_v_667_zero_point,[],uint16,0,2,2e-06,40,1004.8000000000001
Mobile-VIT,531,/net/mobilevit/encoder/3/transformer/1/attention/attention/query/Add_output_0_scale,[],float32,0,4,4e-06,80,2009.6000000000001
Mobile-VIT,532,/net/mobilevit/encoder/3/transformer/1/attention/attention/query/Add_output_0_zero_point,[],uint16,0,2,2e-06,40,1004.8000000000001
Mobile-VIT,533,/net/mobilevit/encoder/3/transformer/1/attention/attention/key/Add_output_0_scale,[],float32,0,4,4e-06,80,2009.6000000000001
Mobile-VIT,534,/net/mobilevit/encoder/3/transformer/1/attention/attention/value/Add_output_0_scale,[],float32,0,4,4e-06,80,2009.6000000000001
Mobile-VIT,535,/net/mobilevit/encoder/3/transformer/1/attention/attention/MatMul_output_0_scale,[],float32,0,4,4e-06,80,2009.6000000000001
Mobile-VIT,536,/net/mobilevit/encoder/3/transformer/1/attention/attention/MatMul_output_0_zero_point,[],uint16,0,2,2e-06,40,1004.8000000000001
Mobile-VIT,537,/net/mobilevit/encoder/3/transformer/1/attention/attention/Div_output_0_scale,[],float32,0,4,4e-06,80,2009.6000000000001
Mobile-VIT,538,/net/mobilevit/encoder/3/transformer/1/attention/attention/MatMul_1_output_0_scale,[],float32,0,4,4e-06,80,2009.6000000000001
Mobile-VIT,539,/net/mobilevit/encoder/3/transformer/1/attention/attention/MatMul_1_output_0_zero_point,[],uint16,0,2,2e-06,40,1004.8000000000001
Mobile-VIT,540,net.mobilevit.encoder.layer.3.transformer.layer.1.attention.output.dense.bias,[192],float32,192,768,0.000732,15360,385843.2
Mobile-VIT,541,/net/mobilevit/encoder/3/transformer/1/attention/output/dense/Add_output_0_scale,[],float32,0,4,4e-06,80,2009.6000000000001
Mobile-VIT,542,/net/mobilevit/encoder/3/transformer/1/attention/output/dense/Add_output_0_zero_point,[],uint16,0,2,2e-06,40,1004.8000000000001
Mobile-VIT,543,/net/mobilevit/encoder/3/transformer/1/Add_output_0_scale,[],float32,0,4,4e-06,80,2009.6000000000001
Mobile-VIT,544,/net/mobilevit/encoder/3/transformer/1/Add_output_0_zero_point,[],uint16,0,2,2e-06,40,1004.8000000000001
Mobile-VIT,545,net.mobilevit.encoder.layer.3.transformer.layer.1.layernorm_after.bias,[192],float32,192,768,0.000732,15360,385843.2
Mobile-VIT,546,/net/mobilevit/encoder/3/transformer/1/layernorm_after/LayerNormalization_output_0_scale,[],float32,0,4,4e-06,80,2009.6000000000001
Mobile-VIT,547,/net/mobilevit/encoder/3/transformer/1/layernorm_after/LayerNormalization_output_0_zero_point,[],uint16,0,2,2e-06,40,1004.8000000000001
Mobile-VIT,548,net.mobilevit.encoder.layer.3.transformer.layer.1.intermediate.dense.bias,[384],float32,384,1536,0.001465,30720,771686.4
Mobile-VIT,549,/net/mobilevit/encoder/3/transformer/1/intermediate/dense/Add_output_0_scale,[],float32,0,4,4e-06,80,2009.6000000000001
Mobile-VIT,550,/net/mobilevit/encoder/3/transformer/1/intermediate/dense/Add_output_0_zero_point,[],uint16,0,2,2e-06,40,1004.8000000000001
Mobile-VIT,551,/net/mobilevit/encoder/3/transformer/1/intermediate/intermediate_act_fn/Mul_output_0_scale,[],float32,0,4,4e-06,80,2009.6000000000001
Mobile-VIT,552,/net/mobilevit/encoder/3/transformer/1/intermediate/intermediate_act_fn/Mul_output_0_zero_point,[],uint16,0,2,2e-06,40,1004.8000000000001
Mobile-VIT,553,net.mobilevit.encoder.layer.3.transformer.layer.1.output.dense.bias,[192],float32,192,768,0.000732,15360,385843.2
Mobile-VIT,554,/net/mobilevit/encoder/3/transformer/1/output/dense/Add_output_0_scale,[],float32,0,4,4e-06,80,2009.6000000000001
Mobile-VIT,555,/net/mobilevit/encoder/3/transformer/1/output/dense/Add_output_0_zero_point,[],uint16,0,2,2e-06,40,1004.8000000000001
Mobile-VIT,556,/net/mobilevit/encoder/3/transformer/1/output/Add_output_0_scale,[],float32,0,4,4e-06,80,2009.6000000000001
Mobile-VIT,557,/net/mobilevit/encoder/3/transformer/1/output/Add_output_0_zero_point,[],uint16,0,2,2e-06,40,1004.8000000000001
Mobile-VIT,558,net.mobilevit.encoder.layer.3.transformer.layer.2.layernorm_before.bias,[192],float32,192,768,0.000732,15360,385843.2
Mobile-VIT,559,/net/mobilevit/encoder/3/transformer/2/layernorm_before/LayerNormalization_output_0_scale,[],float32,0,4,4e-06,80,2009.6000000000001
Mobile-VIT,560,/net/mobilevit/encoder/3/transformer/2/layernorm_before/LayerNormalization_output_0_zero_point,[],uint16,0,2,2e-06,40,1004.8000000000001
Mobile-VIT,561,_v_674_scale,[],float32,0,4,4e-06,80,2009.6000000000001
Mobile-VIT,562,_v_674_zero_point,[],uint16,0,2,2e-06,40,1004.8000000000001
Mobile-VIT,563,/net/mobilevit/encoder/3/transformer/2/attention/attention/query/Add_output_0_scale,[],float32,0,4,4e-06,80,2009.6000000000001
Mobile-VIT,564,/net/mobilevit/encoder/3/transformer/2/attention/attention/query/Add_output_0_zero_point,[],uint16,0,2,2e-06,40,1004.8000000000001
Mobile-VIT,565,/net/mobilevit/encoder/3/transformer/2/attention/attention/key/Add_output_0_scale,[],float32,0,4,4e-06,80,2009.6000000000001
Mobile-VIT,566,/net/mobilevit/encoder/3/transformer/2/attention/attention/value/Add_output_0_scale,[],float32,0,4,4e-06,80,2009.6000000000001
Mobile-VIT,567,/net/mobilevit/encoder/3/transformer/2/attention/attention/MatMul_output_0_scale,[],float32,0,4,4e-06,80,2009.6000000000001
Mobile-VIT,568,/net/mobilevit/encoder/3/transformer/2/attention/attention/MatMul_output_0_zero_point,[],uint16,0,2,2e-06,40,1004.8000000000001
Mobile-VIT,569,/net/mobilevit/encoder/3/transformer/2/attention/attention/Div_output_0_scale,[],float32,0,4,4e-06,80,2009.6000000000001
Mobile-VIT,570,/net/mobilevit/encoder/3/transformer/2/attention/attention/MatMul_1_output_0_scale,[],float32,0,4,4e-06,80,2009.6000000000001
Mobile-VIT,571,/net/mobilevit/encoder/3/transformer/2/attention/attention/MatMul_1_output_0_zero_point,[],uint16,0,2,2e-06,40,1004.8000000000001
Mobile-VIT,572,net.mobilevit.encoder.layer.3.transformer.layer.2.attention.output.dense.bias,[192],float32,192,768,0.000732,15360,385843.2
Mobile-VIT,573,/net/mobilevit/encoder/3/transformer/2/attention/output/dense/Add_output_0_scale,[],float32,0,4,4e-06,80,2009.6000000000001
Mobile-VIT,574,/net/mobilevit/encoder/3/transformer/2/attention/output/dense/Add_output_0_zero_point,[],uint16,0,2,2e-06,40,1004.8000000000001
Mobile-VIT,575,/net/mobilevit/encoder/3/transformer/2/Add_output_0_scale,[],float32,0,4,4e-06,80,2009.6000000000001
Mobile-VIT,576,/net/mobilevit/encoder/3/transformer/2/Add_output_0_zero_point,[],uint16,0,2,2e-06,40,1004.8000000000001
Mobile-VIT,577,net.mobilevit.encoder.layer.3.transformer.layer.2.layernorm_after.bias,[192],float32,192,768,0.000732,15360,385843.2
Mobile-VIT,578,/net/mobilevit/encoder/3/transformer/2/layernorm_after/LayerNormalization_output_0_scale,[],float32,0,4,4e-06,80,2009.6000000000001
Mobile-VIT,579,/net/mobilevit/encoder/3/transformer/2/layernorm_after/LayerNormalization_output_0_zero_point,[],uint16,0,2,2e-06,40,1004.8000000000001
Mobile-VIT,580,net.mobilevit.encoder.layer.3.transformer.layer.2.intermediate.dense.bias,[384],float32,384,1536,0.001465,30720,771686.4
Mobile-VIT,581,/net/mobilevit/encoder/3/transformer/2/intermediate/dense/Add_output_0_scale,[],float32,0,4,4e-06,80,2009.6000000000001
Mobile-VIT,582,/net/mobilevit/encoder/3/transformer/2/intermediate/dense/Add_output_0_zero_point,[],uint16,0,2,2e-06,40,1004.8000000000001
Mobile-VIT,583,/net/mobilevit/encoder/3/transformer/2/intermediate/intermediate_act_fn/Mul_output_0_scale,[],float32,0,4,4e-06,80,2009.6000000000001
Mobile-VIT,584,/net/mobilevit/encoder/3/transformer/2/intermediate/intermediate_act_fn/Mul_output_0_zero_point,[],uint16,0,2,2e-06,40,1004.8000000000001
Mobile-VIT,585,net.mobilevit.encoder.layer.3.transformer.layer.2.output.dense.bias,[192],float32,192,768,0.000732,15360,385843.2
Mobile-VIT,586,/net/mobilevit/encoder/3/transformer/2/output/dense/Add_output_0_scale,[],float32,0,4,4e-06,80,2009.6000000000001
Mobile-VIT,587,/net/mobilevit/encoder/3/transformer/2/output/dense/Add_output_0_zero_point,[],uint16,0,2,2e-06,40,1004.8000000000001
Mobile-VIT,588,/net/mobilevit/encoder/3/transformer/2/output/Add_output_0_scale,[],float32,0,4,4e-06,80,2009.6000000000001
Mobile-VIT,589,/net/mobilevit/encoder/3/transformer/2/output/Add_output_0_zero_point,[],uint16,0,2,2e-06,40,1004.8000000000001
Mobile-VIT,590,net.mobilevit.encoder.layer.3.transformer.layer.3.layernorm_before.bias,[192],float32,192,768,0.000732,15360,385843.2
Mobile-VIT,591,/net/mobilevit/encoder/3/transformer/3/layernorm_before/LayerNormalization_output_0_scale,[],float32,0,4,4e-06,80,2009.6000000000001
Mobile-VIT,592,/net/mobilevit/encoder/3/transformer/3/layernorm_before/LayerNormalization_output_0_zero_point,[],uint16,0,2,2e-06,40,1004.8000000000001
Mobile-VIT,593,_v_681_scale,[],float32,0,4,4e-06,80,2009.6000000000001
Mobile-VIT,594,_v_681_zero_point,[],uint16,0,2,2e-06,40,1004.8000000000001
Mobile-VIT,595,/net/mobilevit/encoder/3/transformer/3/attention/attention/query/Add_output_0_scale,[],float32,0,4,4e-06,80,2009.6000000000001
Mobile-VIT,596,/net/mobilevit/encoder/3/transformer/3/attention/attention/query/Add_output_0_zero_point,[],uint16,0,2,2e-06,40,1004.8000000000001
Mobile-VIT,597,/net/mobilevit/encoder/3/transformer/3/attention/attention/key/Add_output_0_scale,[],float32,0,4,4e-06,80,2009.6000000000001
Mobile-VIT,598,/net/mobilevit/encoder/3/transformer/3/attention/attention/value/Add_output_0_scale,[],float32,0,4,4e-06,80,2009.6000000000001
Mobile-VIT,599,/net/mobilevit/encoder/3/transformer/3/attention/attention/MatMul_output_0_scale,[],float32,0,4,4e-06,80,2009.6000000000001
Mobile-VIT,600,/net/mobilevit/encoder/3/transformer/3/attention/attention/MatMul_output_0_zero_point,[],uint16,0,2,2e-06,40,1004.8000000000001
Mobile-VIT,601,/net/mobilevit/encoder/3/transformer/3/attention/attention/Div_output_0_scale,[],float32,0,4,4e-06,80,2009.6000000000001
Mobile-VIT,602,/net/mobilevit/encoder/3/transformer/3/attention/attention/MatMul_1_output_0_scale,[],float32,0,4,4e-06,80,2009.6000000000001
Mobile-VIT,603,/net/mobilevit/encoder/3/transformer/3/attention/attention/MatMul_1_output_0_zero_point,[],uint16,0,2,2e-06,40,1004.8000000000001
Mobile-VIT,604,net.mobilevit.encoder.layer.3.transformer.layer.3.attention.output.dense.bias,[192],float32,192,768,0.000732,15360,385843.2
Mobile-VIT,605,/net/mobilevit/encoder/3/transformer/3/attention/output/dense/Add_output_0_scale,[],float32,0,4,4e-06,80,2009.6000000000001
Mobile-VIT,606,/net/mobilevit/encoder/3/transformer/3/attention/output/dense/Add_output_0_zero_point,[],uint16,0,2,2e-06,40,1004.8000000000001
Mobile-VIT,607,/net/mobilevit/encoder/3/transformer/3/Add_output_0_scale,[],float32,0,4,4e-06,80,2009.6000000000001
Mobile-VIT,608,/net/mobilevit/encoder/3/transformer/3/Add_output_0_zero_point,[],uint16,0,2,2e-06,40,1004.8000000000001
Mobile-VIT,609,net.mobilevit.encoder.layer.3.transformer.layer.3.layernorm_after.bias,[192],float32,192,768,0.000732,15360,385843.2
Mobile-VIT,610,/net/mobilevit/encoder/3/transformer/3/layernorm_after/LayerNormalization_output_0_scale,[],float32,0,4,4e-06,80,2009.6000000000001
Mobile-VIT,611,/net/mobilevit/encoder/3/transformer/3/layernorm_after/LayerNormalization_output_0_zero_point,[],uint16,0,2,2e-06,40,1004.8000000000001
Mobile-VIT,612,net.mobilevit.encoder.layer.3.transformer.layer.3.intermediate.dense.bias,[384],float32,384,1536,0.001465,30720,771686.4
Mobile-VIT,613,/net/mobilevit/encoder/3/transformer/3/intermediate/dense/Add_output_0_scale,[],float32,0,4,4e-06,80,2009.6000000000001
Mobile-VIT,614,/net/mobilevit/encoder/3/transformer/3/intermediate/dense/Add_output_0_zero_point,[],uint16,0,2,2e-06,40,1004.8000000000001
Mobile-VIT,615,/net/mobilevit/encoder/3/transformer/3/intermediate/intermediate_act_fn/Mul_output_0_scale,[],float32,0,4,4e-06,80,2009.6000000000001
Mobile-VIT,616,/net/mobilevit/encoder/3/transformer/3/intermediate/intermediate_act_fn/Mul_output_0_zero_point,[],uint16,0,2,2e-06,40,1004.8000000000001
Mobile-VIT,617,net.mobilevit.encoder.layer.3.transformer.layer.3.output.dense.bias,[192],float32,192,768,0.000732,15360,385843.2
Mobile-VIT,618,/net/mobilevit/encoder/3/transformer/3/output/dense/Add_output_0_scale,[],float32,0,4,4e-06,80,2009.6000000000001
Mobile-VIT,619,/net/mobilevit/encoder/3/transformer/3/output/dense/Add_output_0_zero_point,[],uint16,0,2,2e-06,40,1004.8000000000001
Mobile-VIT,620,/net/mobilevit/encoder/3/transformer/3/output/Add_output_0_scale,[],float32,0,4,4e-06,80,2009.6000000000001
Mobile-VIT,621,/net/mobilevit/encoder/3/transformer/3/output/Add_output_0_zero_point,[],uint16,0,2,2e-06,40,1004.8000000000001
Mobile-VIT,622,net.mobilevit.encoder.layer.3.layernorm.bias,[192],float32,192,768,0.000732,15360,385843.2
Mobile-VIT,623,/net/mobilevit/encoder/3/layernorm/LayerNormalization_output_0_scale,[],float32,0,4,4e-06,80,2009.6000000000001
Mobile-VIT,624,/net/mobilevit/encoder/3/layernorm/LayerNormalization_output_0_zero_point,[],uint16,0,2,2e-06,40,1004.8000000000001
Mobile-VIT,625,/net/mobilevit/encoder/3/Concat_3_output_0,[4],int64,4,32,3.1e-05,640,16076.800000000001
Mobile-VIT,626,/net/mobilevit/encoder/3/Concat_4_output_0,[4],int64,4,32,3.1e-05,640,16076.800000000001
Mobile-VIT,627,/net/mobilevit/encoder/3/Concat_5_output_0,[4],int64,4,32,3.1e-05,640,16076.800000000001
Mobile-VIT,628,onnx::Conv_1514,[128],float32,128,512,0.000488,10240,257228.80000000002
Mobile-VIT,629,/net/mobilevit/encoder/3/conv_projection/convolution/Conv_output_0_scale,[],float32,0,4,4e-06,80,2009.6000000000001
Mobile-VIT,630,/net/mobilevit/encoder/3/conv_projection/convolution/Conv_output_0_zero_point,[],uint16,0,2,2e-06,40,1004.8000000000001
Mobile-VIT,631,/net/mobilevit/encoder/3/conv_projection/activation/Mul_output_0_scale,[],float32,0,4,4e-06,80,2009.6000000000001
Mobile-VIT,632,/net/mobilevit/encoder/3/conv_projection/activation/Mul_output_0_zero_point,[],uint16,0,2,2e-06,40,1004.8000000000001
Mobile-VIT,633,onnx::Conv_1517,[128],float32,128,512,0.000488,10240,257228.80000000002
Mobile-VIT,634,/net/mobilevit/encoder/3/fusion/convolution/Conv_output_0_scale,[],float32,0,4,4e-06,80,2009.6000000000001
Mobile-VIT,635,/net/mobilevit/encoder/3/fusion/convolution/Conv_output_0_zero_point,[],uint16,0,2,2e-06,40,1004.8000000000001
Mobile-VIT,636,/net/mobilevit/encoder/3/fusion/activation/Mul_output_0_scale,[],float32,0,4,4e-06,80,2009.6000000000001
Mobile-VIT,637,/net/mobilevit/encoder/3/fusion/activation/Mul_output_0_zero_point,[],uint16,0,2,2e-06,40,1004.8000000000001
Mobile-VIT,638,onnx::Conv_1520,[512],float32,512,2048,0.001953,40960,1028915.2000000001
Mobile-VIT,639,/net/mobilevit/encoder/4/downsampling_layer/expand_1x1/convolution/Conv_output_0_scale,[],float32,0,4,4e-06,80,2009.6000000000001
Mobile-VIT,640,/net/mobilevit/encoder/4/downsampling_layer/expand_1x1/convolution/Conv_output_0_zero_point,[],uint16,0,2,2e-06,40,1004.8000000000001
Mobile-VIT,641,/net/mobilevit/encoder/4/downsampling_layer/expand_1x1/activation/Mul_output_0_scale,[],float32,0,4,4e-06,80,2009.6000000000001
Mobile-VIT,642,/net/mobilevit/encoder/4/downsampling_layer/expand_1x1/activation/Mul_output_0_zero_point,[],uint16,0,2,2e-06,40,1004.8000000000001
Mobile-VIT,643,onnx::Conv_1523,[512],float32,512,2048,0.001953,40960,1028915.2000000001
Mobile-VIT,644,/net/mobilevit/encoder/4/downsampling_layer/conv_3x3/convolution/Conv_output_0_scale,[],float32,0,4,4e-06,80,2009.6000000000001
Mobile-VIT,645,/net/mobilevit/encoder/4/downsampling_layer/conv_3x3/convolution/Conv_output_0_zero_point,[],uint16,0,2,2e-06,40,1004.8000000000001
Mobile-VIT,646,/net/mobilevit/encoder/4/downsampling_layer/conv_3x3/activation/Mul_output_0_scale,[],float32,0,4,4e-06,80,2009.6000000000001
Mobile-VIT,647,/net/mobilevit/encoder/4/downsampling_layer/conv_3x3/activation/Mul_output_0_zero_point,[],uint16,0,2,2e-06,40,1004.8000000000001
Mobile-VIT,648,onnx::Conv_1526,[160],float32,160,640,0.00061,12800,321536.0
Mobile-VIT,649,/net/mobilevit/encoder/4/downsampling_layer/reduce_1x1/convolution/Conv_output_0_scale,[],float32,0,4,4e-06,80,2009.6000000000001
Mobile-VIT,650,/net/mobilevit/encoder/4/downsampling_layer/reduce_1x1/convolution/Conv_output_0_zero_point,[],uint16,0,2,2e-06,40,1004.8000000000001
Mobile-VIT,651,onnx::Conv_1529,[160],float32,160,640,0.00061,12800,321536.0
Mobile-VIT,652,/net/mobilevit/encoder/4/conv_kxk/convolution/Conv_output_0_scale,[],float32,0,4,4e-06,80,2009.6000000000001
Mobile-VIT,653,/net/mobilevit/encoder/4/conv_kxk/convolution/Conv_output_0_zero_point,[],uint16,0,2,2e-06,40,1004.8000000000001
Mobile-VIT,654,/net/mobilevit/encoder/4/conv_kxk/activation/Mul_output_0_scale,[],float32,0,4,4e-06,80,2009.6000000000001
Mobile-VIT,655,/net/mobilevit/encoder/4/conv_kxk/activation/Mul_output_0_zero_point,[],uint16,0,2,2e-06,40,1004.8000000000001
Mobile-VIT,656,/net/mobilevit/encoder/4/conv_1x1/convolution/Conv_output_0_scale,[],float32,0,4,4e-06,80,2009.6000000000001
Mobile-VIT,657,/net/mobilevit/encoder/4/conv_1x1/convolution/Conv_output_0_zero_point,[],uint16,0,2,2e-06,40,1004.8000000000001
Mobile-VIT,658,/net/mobilevit/encoder/4/Concat_output_0,[4],int64,4,32,3.1e-05,640,16076.800000000001
Mobile-VIT,659,/net/mobilevit/encoder/4/Concat_1_output_0,[4],int64,4,32,3.1e-05,640,16076.800000000001
Mobile-VIT,660,/net/mobilevit/encoder/4/Concat_2_output_0,[3],int64,3,24,2.3e-05,480,12057.6
Mobile-VIT,661,net.mobilevit.encoder.layer.4.transformer.layer.0.layernorm_before.bias,[240],float32,240,960,0.000916,19200,482304.00000000006
Mobile-VIT,662,/net/mobilevit/encoder/4/transformer/0/layernorm_before/LayerNormalization_output_0_scale,[],float32,0,4,4e-06,80,2009.6000000000001
Mobile-VIT,663,/net/mobilevit/encoder/4/transformer/0/layernorm_before/LayerNormalization_output_0_zero_point,[],uint16,0,2,2e-06,40,1004.8000000000001
Mobile-VIT,664,_v_688_scale,[],float32,0,4,4e-06,80,2009.6000000000001
Mobile-VIT,665,_v_688_zero_point,[],uint16,0,2,2e-06,40,1004.8000000000001
Mobile-VIT,666,_v_692,[3],int64,3,24,2.3e-05,480,12057.6
Mobile-VIT,667,/net/mobilevit/encoder/4/transformer/0/attention/attention/query/Add_output_0_scale,[],float32,0,4,4e-06,80,2009.6000000000001
Mobile-VIT,668,/net/mobilevit/encoder/4/transformer/0/attention/attention/query/Add_output_0_zero_point,[],uint16,0,2,2e-06,40,1004.8000000000001
Mobile-VIT,669,/net/mobilevit/encoder/4/transformer/0/attention/attention/key/Add_output_0_scale,[],float32,0,4,4e-06,80,2009.6000000000001
Mobile-VIT,670,/net/mobilevit/encoder/4/transformer/0/attention/attention/value/Add_output_0_scale,[],float32,0,4,4e-06,80,2009.6000000000001
Mobile-VIT,671,/net/mobilevit/encoder/4/transformer/0/attention/attention/Concat_output_0,[4],int64,4,32,3.1e-05,640,16076.800000000001
Mobile-VIT,672,/net/mobilevit/encoder/4/transformer/0/attention/attention/MatMul_output_0_scale,[],float32,0,4,4e-06,80,2009.6000000000001
Mobile-VIT,673,/net/mobilevit/encoder/4/transformer/0/attention/attention/MatMul_output_0_zero_point,[],uint16,0,2,2e-06,40,1004.8000000000001
Mobile-VIT,674,/net/mobilevit/encoder/4/transformer/0/attention/attention/Div_output_0_scale,[],float32,0,4,4e-06,80,2009.6000000000001
Mobile-VIT,675,/net/mobilevit/encoder/4/transformer/0/attention/attention/MatMul_1_output_0_scale,[],float32,0,4,4e-06,80,2009.6000000000001
Mobile-VIT,676,/net/mobilevit/encoder/4/transformer/0/attention/attention/MatMul_1_output_0_zero_point,[],uint16,0,2,2e-06,40,1004.8000000000001
Mobile-VIT,677,/net/mobilevit/encoder/4/transformer/0/attention/attention/Concat_3_output_0,[3],int64,3,24,2.3e-05,480,12057.6
Mobile-VIT,678,net.mobilevit.encoder.layer.4.transformer.layer.0.attention.output.dense.bias,[240],float32,240,960,0.000916,19200,482304.00000000006
Mobile-VIT,679,/net/mobilevit/encoder/4/transformer/0/attention/output/dense/Add_output_0_scale,[],float32,0,4,4e-06,80,2009.6000000000001
Mobile-VIT,680,/net/mobilevit/encoder/4/transformer/0/attention/output/dense/Add_output_0_zero_point,[],uint16,0,2,2e-06,40,1004.8000000000001
Mobile-VIT,681,/net/mobilevit/encoder/4/transformer/0/Add_output_0_scale,[],float32,0,4,4e-06,80,2009.6000000000001
Mobile-VIT,682,/net/mobilevit/encoder/4/transformer/0/Add_output_0_zero_point,[],uint16,0,2,2e-06,40,1004.8000000000001
Mobile-VIT,683,net.mobilevit.encoder.layer.4.transformer.layer.0.layernorm_after.bias,[240],float32,240,960,0.000916,19200,482304.00000000006
Mobile-VIT,684,/net/mobilevit/encoder/4/transformer/0/layernorm_after/LayerNormalization_output_0_scale,[],float32,0,4,4e-06,80,2009.6000000000001
Mobile-VIT,685,/net/mobilevit/encoder/4/transformer/0/layernorm_after/LayerNormalization_output_0_zero_point,[],uint16,0,2,2e-06,40,1004.8000000000001
Mobile-VIT,686,net.mobilevit.encoder.layer.4.transformer.layer.0.intermediate.dense.bias,[480],float32,480,1920,0.001831,38400,964608.0000000001
Mobile-VIT,687,/net/mobilevit/encoder/4/transformer/0/intermediate/dense/Add_output_0_scale,[],float32,0,4,4e-06,80,2009.6000000000001
Mobile-VIT,688,/net/mobilevit/encoder/4/transformer/0/intermediate/dense/Add_output_0_zero_point,[],uint16,0,2,2e-06,40,1004.8000000000001
Mobile-VIT,689,/net/mobilevit/encoder/4/transformer/0/intermediate/intermediate_act_fn/Mul_output_0_scale,[],float32,0,4,4e-06,80,2009.6000000000001
Mobile-VIT,690,/net/mobilevit/encoder/4/transformer/0/intermediate/intermediate_act_fn/Mul_output_0_zero_point,[],uint16,0,2,2e-06,40,1004.8000000000001
Mobile-VIT,691,net.mobilevit.encoder.layer.4.transformer.layer.0.output.dense.bias,[240],float32,240,960,0.000916,19200,482304.00000000006
Mobile-VIT,692,/net/mobilevit/encoder/4/transformer/0/output/dense/Add_output_0_scale,[],float32,0,4,4e-06,80,2009.6000000000001
Mobile-VIT,693,/net/mobilevit/encoder/4/transformer/0/output/dense/Add_output_0_zero_point,[],uint16,0,2,2e-06,40,1004.8000000000001
Mobile-VIT,694,/net/mobilevit/encoder/4/transformer/0/output/Add_output_0_scale,[],float32,0,4,4e-06,80,2009.6000000000001
Mobile-VIT,695,/net/mobilevit/encoder/4/transformer/0/output/Add_output_0_zero_point,[],uint16,0,2,2e-06,40,1004.8000000000001
Mobile-VIT,696,net.mobilevit.encoder.layer.4.transformer.layer.1.layernorm_before.bias,[240],float32,240,960,0.000916,19200,482304.00000000006
Mobile-VIT,697,/net/mobilevit/encoder/4/transformer/1/layernorm_before/LayerNormalization_output_0_scale,[],float32,0,4,4e-06,80,2009.6000000000001
Mobile-VIT,698,/net/mobilevit/encoder/4/transformer/1/layernorm_before/LayerNormalization_output_0_zero_point,[],uint16,0,2,2e-06,40,1004.8000000000001
Mobile-VIT,699,_v_695_scale,[],float32,0,4,4e-06,80,2009.6000000000001
Mobile-VIT,700,_v_695_zero_point,[],uint16,0,2,2e-06,40,1004.8000000000001
Mobile-VIT,701,/net/mobilevit/encoder/4/transformer/1/attention/attention/query/Add_output_0_scale,[],float32,0,4,4e-06,80,2009.6000000000001
Mobile-VIT,702,/net/mobilevit/encoder/4/transformer/1/attention/attention/query/Add_output_0_zero_point,[],uint16,0,2,2e-06,40,1004.8000000000001
Mobile-VIT,703,/net/mobilevit/encoder/4/transformer/1/attention/attention/key/Add_output_0_scale,[],float32,0,4,4e-06,80,2009.6000000000001
Mobile-VIT,704,/net/mobilevit/encoder/4/transformer/1/attention/attention/value/Add_output_0_scale,[],float32,0,4,4e-06,80,2009.6000000000001
Mobile-VIT,705,/net/mobilevit/encoder/4/transformer/1/attention/attention/MatMul_output_0_scale,[],float32,0,4,4e-06,80,2009.6000000000001
Mobile-VIT,706,/net/mobilevit/encoder/4/transformer/1/attention/attention/MatMul_output_0_zero_point,[],uint16,0,2,2e-06,40,1004.8000000000001
Mobile-VIT,707,/net/mobilevit/encoder/4/transformer/1/attention/attention/Div_output_0_scale,[],float32,0,4,4e-06,80,2009.6000000000001
Mobile-VIT,708,/net/mobilevit/encoder/4/transformer/1/attention/attention/MatMul_1_output_0_scale,[],float32,0,4,4e-06,80,2009.6000000000001
Mobile-VIT,709,/net/mobilevit/encoder/4/transformer/1/attention/attention/MatMul_1_output_0_zero_point,[],uint16,0,2,2e-06,40,1004.8000000000001
Mobile-VIT,710,net.mobilevit.encoder.layer.4.transformer.layer.1.attention.output.dense.bias,[240],float32,240,960,0.000916,19200,482304.00000000006
Mobile-VIT,711,/net/mobilevit/encoder/4/transformer/1/attention/output/dense/Add_output_0_scale,[],float32,0,4,4e-06,80,2009.6000000000001
Mobile-VIT,712,/net/mobilevit/encoder/4/transformer/1/attention/output/dense/Add_output_0_zero_point,[],uint16,0,2,2e-06,40,1004.8000000000001
Mobile-VIT,713,/net/mobilevit/encoder/4/transformer/1/Add_output_0_scale,[],float32,0,4,4e-06,80,2009.6000000000001
Mobile-VIT,714,/net/mobilevit/encoder/4/transformer/1/Add_output_0_zero_point,[],uint16,0,2,2e-06,40,1004.8000000000001
Mobile-VIT,715,net.mobilevit.encoder.layer.4.transformer.layer.1.layernorm_after.bias,[240],float32,240,960,0.000916,19200,482304.00000000006
Mobile-VIT,716,/net/mobilevit/encoder/4/transformer/1/layernorm_after/LayerNormalization_output_0_scale,[],float32,0,4,4e-06,80,2009.6000000000001
Mobile-VIT,717,/net/mobilevit/encoder/4/transformer/1/layernorm_after/LayerNormalization_output_0_zero_point,[],uint16,0,2,2e-06,40,1004.8000000000001
Mobile-VIT,718,net.mobilevit.encoder.layer.4.transformer.layer.1.intermediate.dense.bias,[480],float32,480,1920,0.001831,38400,964608.0000000001
Mobile-VIT,719,/net/mobilevit/encoder/4/transformer/1/intermediate/dense/Add_output_0_scale,[],float32,0,4,4e-06,80,2009.6000000000001
Mobile-VIT,720,/net/mobilevit/encoder/4/transformer/1/intermediate/dense/Add_output_0_zero_point,[],uint16,0,2,2e-06,40,1004.8000000000001
Mobile-VIT,721,/net/mobilevit/encoder/4/transformer/1/intermediate/intermediate_act_fn/Mul_output_0_scale,[],float32,0,4,4e-06,80,2009.6000000000001
Mobile-VIT,722,/net/mobilevit/encoder/4/transformer/1/intermediate/intermediate_act_fn/Mul_output_0_zero_point,[],uint16,0,2,2e-06,40,1004.8000000000001
Mobile-VIT,723,net.mobilevit.encoder.layer.4.transformer.layer.1.output.dense.bias,[240],float32,240,960,0.000916,19200,482304.00000000006
Mobile-VIT,724,/net/mobilevit/encoder/4/transformer/1/output/dense/Add_output_0_scale,[],float32,0,4,4e-06,80,2009.6000000000001
Mobile-VIT,725,/net/mobilevit/encoder/4/transformer/1/output/dense/Add_output_0_zero_point,[],uint16,0,2,2e-06,40,1004.8000000000001
Mobile-VIT,726,/net/mobilevit/encoder/4/transformer/1/output/Add_output_0_scale,[],float32,0,4,4e-06,80,2009.6000000000001
Mobile-VIT,727,/net/mobilevit/encoder/4/transformer/1/output/Add_output_0_zero_point,[],uint16,0,2,2e-06,40,1004.8000000000001
Mobile-VIT,728,net.mobilevit.encoder.layer.4.transformer.layer.2.layernorm_before.bias,[240],float32,240,960,0.000916,19200,482304.00000000006
Mobile-VIT,729,/net/mobilevit/encoder/4/transformer/2/layernorm_before/LayerNormalization_output_0_scale,[],float32,0,4,4e-06,80,2009.6000000000001
Mobile-VIT,730,/net/mobilevit/encoder/4/transformer/2/layernorm_before/LayerNormalization_output_0_zero_point,[],uint16,0,2,2e-06,40,1004.8000000000001
Mobile-VIT,731,_v_702_scale,[],float32,0,4,4e-06,80,2009.6000000000001
Mobile-VIT,732,_v_702_zero_point,[],uint16,0,2,2e-06,40,1004.8000000000001
Mobile-VIT,733,/net/mobilevit/encoder/4/transformer/2/attention/attention/query/Add_output_0_scale,[],float32,0,4,4e-06,80,2009.6000000000001
Mobile-VIT,734,/net/mobilevit/encoder/4/transformer/2/attention/attention/query/Add_output_0_zero_point,[],uint16,0,2,2e-06,40,1004.8000000000001
Mobile-VIT,735,/net/mobilevit/encoder/4/transformer/2/attention/attention/key/Add_output_0_scale,[],float32,0,4,4e-06,80,2009.6000000000001
Mobile-VIT,736,/net/mobilevit/encoder/4/transformer/2/attention/attention/value/Add_output_0_scale,[],float32,0,4,4e-06,80,2009.6000000000001
Mobile-VIT,737,/net/mobilevit/encoder/4/transformer/2/attention/attention/MatMul_output_0_scale,[],float32,0,4,4e-06,80,2009.6000000000001
Mobile-VIT,738,/net/mobilevit/encoder/4/transformer/2/attention/attention/MatMul_output_0_zero_point,[],uint16,0,2,2e-06,40,1004.8000000000001
Mobile-VIT,739,/net/mobilevit/encoder/4/transformer/2/attention/attention/Div_output_0_scale,[],float32,0,4,4e-06,80,2009.6000000000001
Mobile-VIT,740,/net/mobilevit/encoder/4/transformer/2/attention/attention/MatMul_1_output_0_scale,[],float32,0,4,4e-06,80,2009.6000000000001
Mobile-VIT,741,/net/mobilevit/encoder/4/transformer/2/attention/attention/MatMul_1_output_0_zero_point,[],uint16,0,2,2e-06,40,1004.8000000000001
Mobile-VIT,742,net.mobilevit.encoder.layer.4.transformer.layer.2.attention.output.dense.bias,[240],float32,240,960,0.000916,19200,482304.00000000006
Mobile-VIT,743,/net/mobilevit/encoder/4/transformer/2/attention/output/dense/Add_output_0_scale,[],float32,0,4,4e-06,80,2009.6000000000001
Mobile-VIT,744,/net/mobilevit/encoder/4/transformer/2/attention/output/dense/Add_output_0_zero_point,[],uint16,0,2,2e-06,40,1004.8000000000001
Mobile-VIT,745,/net/mobilevit/encoder/4/transformer/2/Add_output_0_scale,[],float32,0,4,4e-06,80,2009.6000000000001
Mobile-VIT,746,/net/mobilevit/encoder/4/transformer/2/Add_output_0_zero_point,[],uint16,0,2,2e-06,40,1004.8000000000001
Mobile-VIT,747,net.mobilevit.encoder.layer.4.transformer.layer.2.layernorm_after.bias,[240],float32,240,960,0.000916,19200,482304.00000000006
Mobile-VIT,748,/net/mobilevit/encoder/4/transformer/2/layernorm_after/LayerNormalization_output_0_scale,[],float32,0,4,4e-06,80,2009.6000000000001
Mobile-VIT,749,/net/mobilevit/encoder/4/transformer/2/layernorm_after/LayerNormalization_output_0_zero_point,[],uint16,0,2,2e-06,40,1004.8000000000001
Mobile-VIT,750,net.mobilevit.encoder.layer.4.transformer.layer.2.intermediate.dense.bias,[480],float32,480,1920,0.001831,38400,964608.0000000001
Mobile-VIT,751,/net/mobilevit/encoder/4/transformer/2/intermediate/dense/Add_output_0_scale,[],float32,0,4,4e-06,80,2009.6000000000001
Mobile-VIT,752,/net/mobilevit/encoder/4/transformer/2/intermediate/dense/Add_output_0_zero_point,[],uint16,0,2,2e-06,40,1004.8000000000001
Mobile-VIT,753,/net/mobilevit/encoder/4/transformer/2/intermediate/intermediate_act_fn/Mul_output_0_scale,[],float32,0,4,4e-06,80,2009.6000000000001
Mobile-VIT,754,/net/mobilevit/encoder/4/transformer/2/intermediate/intermediate_act_fn/Mul_output_0_zero_point,[],uint16,0,2,2e-06,40,1004.8000000000001
Mobile-VIT,755,net.mobilevit.encoder.layer.4.transformer.layer.2.output.dense.bias,[240],float32,240,960,0.000916,19200,482304.00000000006
Mobile-VIT,756,/net/mobilevit/encoder/4/transformer/2/output/dense/Add_output_0_scale,[],float32,0,4,4e-06,80,2009.6000000000001
Mobile-VIT,757,/net/mobilevit/encoder/4/transformer/2/output/dense/Add_output_0_zero_point,[],uint16,0,2,2e-06,40,1004.8000000000001
Mobile-VIT,758,/net/mobilevit/encoder/4/transformer/2/output/Add_output_0_scale,[],float32,0,4,4e-06,80,2009.6000000000001
Mobile-VIT,759,/net/mobilevit/encoder/4/transformer/2/output/Add_output_0_zero_point,[],uint16,0,2,2e-06,40,1004.8000000000001
Mobile-VIT,760,net.mobilevit.encoder.layer.4.layernorm.bias,[240],float32,240,960,0.000916,19200,482304.00000000006
Mobile-VIT,761,/net/mobilevit/encoder/4/layernorm/LayerNormalization_output_0_scale,[],float32,0,4,4e-06,80,2009.6000000000001
Mobile-VIT,762,/net/mobilevit/encoder/4/layernorm/LayerNormalization_output_0_zero_point,[],uint16,0,2,2e-06,40,1004.8000000000001
Mobile-VIT,763,/net/mobilevit/encoder/4/Concat_3_output_0,[4],int64,4,32,3.1e-05,640,16076.800000000001
Mobile-VIT,764,/net/mobilevit/encoder/4/Concat_4_output_0,[4],int64,4,32,3.1e-05,640,16076.800000000001
Mobile-VIT,765,/net/mobilevit/encoder/4/Concat_5_output_0,[4],int64,4,32,3.1e-05,640,16076.800000000001
Mobile-VIT,766,onnx::Conv_1532,[160],float32,160,640,0.00061,12800,321536.0
Mobile-VIT,767,/net/mobilevit/encoder/4/conv_projection/convolution/Conv_output_0_scale,[],float32,0,4,4e-06,80,2009.6000000000001
Mobile-VIT,768,/net/mobilevit/encoder/4/conv_projection/convolution/Conv_output_0_zero_point,[],uint16,0,2,2e-06,40,1004.8000000000001
Mobile-VIT,769,/net/mobilevit/encoder/4/conv_projection/activation/Mul_output_0_scale,[],float32,0,4,4e-06,80,2009.6000000000001
Mobile-VIT,770,/net/mobilevit/encoder/4/conv_projection/activation/Mul_output_0_zero_point,[],uint16,0,2,2e-06,40,1004.8000000000001
Mobile-VIT,771,onnx::Conv_1535,[160],float32,160,640,0.00061,12800,321536.0
Mobile-VIT,772,/net/mobilevit/encoder/4/fusion/convolution/Conv_output_0_scale,[],float32,0,4,4e-06,80,2009.6000000000001
Mobile-VIT,773,/net/mobilevit/encoder/4/fusion/convolution/Conv_output_0_zero_point,[],uint16,0,2,2e-06,40,1004.8000000000001
Mobile-VIT,774,/net/mobilevit/encoder/4/fusion/activation/Mul_output_0_scale,[],float32,0,4,4e-06,80,2009.6000000000001
Mobile-VIT,775,/net/mobilevit/encoder/4/fusion/activation/Mul_output_0_zero_point,[],uint16,0,2,2e-06,40,1004.8000000000001
Mobile-VIT,776,onnx::Conv_1538,[640],float32,640,2560,0.002441,51200,1286144.0
Mobile-VIT,777,/net/mobilevit/conv_1x1_exp/convolution/Conv_output_0_scale,[],float32,0,4,4e-06,80,2009.6000000000001
Mobile-VIT,778,/net/mobilevit/conv_1x1_exp/convolution/Conv_output_0_zero_point,[],uint16,0,2,2e-06,40,1004.8000000000001
Mobile-VIT,779,/net/mobilevit/conv_1x1_exp/activation/Mul_output_0_scale,[],float32,0,4,4e-06,80,2009.6000000000001
Mobile-VIT,780,/net/mobilevit/conv_1x1_exp/activation/Mul_output_0_zero_point,[],uint16,0,2,2e-06,40,1004.8000000000001
Mobile-VIT,781,/net/mobilevit/Constant_output_0,[2],int64,2,16,1.5e-05,320,8038.400000000001
Mobile-VIT,782,/net/mobilevit/ReduceMean_output_0_scale,[],float32,0,4,4e-06,80,2009.6000000000001
Mobile-VIT,783,/net/mobilevit/ReduceMean_output_0_zero_point,[],uint16,0,2,2e-06,40,1004.8000000000001
Mobile-VIT,784,net.classifier.bias,[1000],float32,1000,4000,0.003815,80000,2009600.0000000002
Mobile-VIT,785,class_logits_scale,[],float32,0,4,4e-06,80,2009.6000000000001
Mobile-VIT,786,class_logits_zero_point,[],uint16,0,2,2e-06,40,1004.8000000000001
Mobile-VIT,787,image_tensor,"[1, 3, 256, 256]",uint16,196608,393216,0.375,7864320,197551718.4
Mobile-VIT,788,class_logits,"[1, 1000]",uint16,1000,2000,0.001907,40000,1004800.0000000001

Mobile-VIT - TOTAL,,TOTAL,,,5794709,22769394,21.71,455387880,11439343545.6

MobileNet-v3-Large,0,/Constant_1_output_0,"[1, 3, 1, 1]",float32,3,12,1.1e-05,240,6028.8
MobileNet-v3-Large,1,/Constant_1_output_0_scale,[],float32,0,4,4e-06,80,2009.6000000000001
MobileNet-v3-Large,2,image_tensor_zero_point,[],uint16,0,2,2e-06,40,1004.8000000000001
MobileNet-v3-Large,3,/Constant_output_0,"[1, 3, 1, 1]",float32,3,12,1.1e-05,240,6028.8
MobileNet-v3-Large,4,/Constant_output_0_scale,[],float32,0,4,4e-06,80,2009.6000000000001
MobileNet-v3-Large,5,net.classifier.0.weight,"[1280, 960]",float32,1228800,4915200,4.6875,98304000,2469396480.0
MobileNet-v3-Large,6,net.classifier.0.weight_scale,[],float32,0,4,4e-06,80,2009.6000000000001
MobileNet-v3-Large,7,net.classifier.0.weight_zero_point,[],int8,0,1,1e-06,20,502.40000000000003
MobileNet-v3-Large,8,net.classifier.3.weight,"[1000, 1280]",float32,1280000,5120000,4.882812,102400000,2572288000.0
MobileNet-v3-Large,9,net.classifier.3.weight_scale,[],float32,0,4,4e-06,80,2009.6000000000001
MobileNet-v3-Large,10,net.features.11.block.2.fc1.weight,"[120, 480, 1, 1]",float32,57600,230400,0.219727,4608000,115752960.00000001
MobileNet-v3-Large,11,net.features.11.block.2.fc1.weight_scale,[120],float32,120,480,0.000458,9600,241152.00000000003
MobileNet-v3-Large,12,onnx::Conv_494_zero_point,[120],int8,120,120,0.000114,2400,60288.00000000001
MobileNet-v3-Large,13,net.features.11.block.2.fc2.weight,"[480, 120, 1, 1]",float32,57600,230400,0.219727,4608000,115752960.00000001
MobileNet-v3-Large,14,net.features.11.block.2.fc2.weight_scale,[480],float32,480,1920,0.001831,38400,964608.0000000001
MobileNet-v3-Large,15,onnx::Conv_548_zero_point,[480],int8,480,480,0.000458,9600,241152.00000000003
MobileNet-v3-Large,16,net.features.12.block.2.fc1.weight,"[168, 672, 1, 1]",float32,112896,451584,0.430664,9031680,226875801.60000002
MobileNet-v3-Large,17,net.features.12.block.2.fc1.weight_scale,[168],float32,168,672,0.000641,13440,337612.80000000005
MobileNet-v3-Large,18,net.features.12.block.2.fc1.weight_zero_point,[168],int8,168,168,0.00016,3360,84403.20000000001
MobileNet-v3-Large,19,net.features.12.block.2.fc2.weight,"[672, 168, 1, 1]",float32,112896,451584,0.430664,9031680,226875801.60000002
MobileNet-v3-Large,20,net.features.12.block.2.fc2.weight_scale,[672],float32,672,2688,0.002563,53760,1350451.2000000002
MobileNet-v3-Large,21,onnx::Conv_557_zero_point,[672],int8,672,672,0.000641,13440,337612.80000000005
MobileNet-v3-Large,22,net.features.13.block.2.fc1.weight,"[168, 672, 1, 1]",float32,112896,451584,0.430664,9031680,226875801.60000002
MobileNet-v3-Large,23,net.features.13.block.2.fc1.weight_scale,[168],float32,168,672,0.000641,13440,337612.80000000005
MobileNet-v3-Large,24,net.features.13.block.2.fc2.weight,"[672, 168, 1, 1]",float32,112896,451584,0.430664,9031680,226875801.60000002
MobileNet-v3-Large,25,net.features.13.block.2.fc2.weight_scale,[672],float32,672,2688,0.002563,53760,1350451.2000000002
MobileNet-v3-Large,26,net.features.14.block.2.fc1.weight,"[240, 960, 1, 1]",float32,230400,921600,0.878906,18432000,463011840.00000006
MobileNet-v3-Large,27,net.features.14.block.2.fc1.weight_scale,[240],float32,240,960,0.000916,19200,482304.00000000006
MobileNet-v3-Large,28,onnx::Conv_512_zero_point,[240],int8,240,240,0.000229,4800,120576.00000000001
MobileNet-v3-Large,29,net.features.14.block.2.fc2.weight,"[960, 240, 1, 1]",float32,230400,921600,0.878906,18432000,463011840.00000006
MobileNet-v3-Large,30,net.features.14.block.2.fc2.weight_scale,[960],float32,960,3840,0.003662,76800,1929216.0000000002
MobileNet-v3-Large,31,onnx::Conv_575_zero_point,[960],int8,960,960,0.000916,19200,482304.00000000006
MobileNet-v3-Large,32,net.features.15.block.2.fc1.weight,"[240, 960, 1, 1]",float32,230400,921600,0.878906,18432000,463011840.00000006
MobileNet-v3-Large,33,net.features.15.block.2.fc1.weight_scale,[240],float32,240,960,0.000916,19200,482304.00000000006
MobileNet-v3-Large,34,net.features.15.block.2.fc2.weight,"[960, 240, 1, 1]",float32,230400,921600,0.878906,18432000,463011840.00000006
MobileNet-v3-Large,35,net.features.15.block.2.fc2.weight_scale,[960],float32,960,3840,0.003662,76800,1929216.0000000002
MobileNet-v3-Large,36,net.features.4.block.2.fc1.weight,"[24, 72, 1, 1]",float32,1728,6912,0.006592,138240,3472588.8000000003
MobileNet-v3-Large,37,net.features.4.block.2.fc1.weight_scale,[24],float32,24,96,9.2e-05,1920,48230.4
MobileNet-v3-Large,38,onnx::Conv_473_zero_point,[24],int8,24,24,2.3e-05,480,12057.6
MobileNet-v3-Large,39,net.features.4.block.2.fc2.weight,"[72, 24, 1, 1]",float32,1728,6912,0.006592,138240,3472588.8000000003
MobileNet-v3-Large,40,net.features.4.block.2.fc2.weight_scale,[72],float32,72,288,0.000275,5760,144691.2
MobileNet-v3-Large,41,onnx::Conv_476_zero_point,[72],int8,72,72,6.9e-05,1440,36172.8
MobileNet-v3-Large,42,net.features.5.block.2.fc1.weight,"[32, 120, 1, 1]",float32,3840,15360,0.014648,307200,7716864.000000001
MobileNet-v3-Large,43,net.features.5.block.2.fc1.weight_scale,[32],float32,32,128,0.000122,2560,64307.200000000004
MobileNet-v3-Large,44,net.features.5.block.2.fc1.weight_zero_point,[32],int8,32,32,3.1e-05,640,16076.800000000001
MobileNet-v3-Large,45,net.features.5.block.2.fc2.weight,"[120, 32, 1, 1]",float32,3840,15360,0.014648,307200,7716864.000000001
MobileNet-v3-Large,46,net.features.5.block.2.fc2.weight_scale,[120],float32,120,480,0.000458,9600,241152.00000000003
MobileNet-v3-Large,47,net.features.6.block.2.fc1.weight,"[32, 120, 1, 1]",float32,3840,15360,0.014648,307200,7716864.000000001
MobileNet-v3-Large,48,net.features.6.block.2.fc1.weight_scale,[32],float32,32,128,0.000122,2560,64307.200000000004
MobileNet-v3-Large,49,net.features.6.block.2.fc2.weight,"[120, 32, 1, 1]",float32,3840,15360,0.014648,307200,7716864.000000001
MobileNet-v3-Large,50,net.features.6.block.2.fc2.weight_scale,[120],float32,120,480,0.000458,9600,241152.00000000003
MobileNet-v3-Large,51,onnx::Conv_458,"[16, 3, 3, 3]",float32,432,1728,0.001648,34560,868147.2000000001
MobileNet-v3-Large,52,onnx::Conv_458_scale,[16],float32,16,64,6.1e-05,1280,32153.600000000002
MobileNet-v3-Large,53,onnx::Conv_458_zero_point,[16],int8,16,16,1.5e-05,320,8038.400000000001
MobileNet-v3-Large,54,onnx::Conv_461,"[16, 1, 3, 3]",float32,144,576,0.000549,11520,289382.4
MobileNet-v3-Large,55,onnx::Conv_461_scale,[16],float32,16,64,6.1e-05,1280,32153.600000000002
MobileNet-v3-Large,56,onnx::Conv_464,"[16, 16, 1, 1]",float32,256,1024,0.000977,20480,514457.60000000003
MobileNet-v3-Large,57,onnx::Conv_464_scale,[16],float32,16,64,6.1e-05,1280,32153.600000000002
MobileNet-v3-Large,58,onnx::Conv_467,"[64, 16, 1, 1]",float32,1024,4096,0.003906,81920,2057830.4000000001
MobileNet-v3-Large,59,onnx::Conv_467_scale,[64],float32,64,256,0.000244,5120,128614.40000000001
MobileNet-v3-Large,60,onnx::Conv_467_zero_point,[64],int8,64,64,6.1e-05,1280,32153.600000000002
MobileNet-v3-Large,61,onnx::Conv_470,"[64, 1, 3, 3]",float32,576,2304,0.002197,46080,1157529.6
MobileNet-v3-Large,62,onnx::Conv_470_scale,[64],float32,64,256,0.000244,5120,128614.40000000001
MobileNet-v3-Large,63,onnx::Conv_473,"[24, 64, 1, 1]",float32,1536,6144,0.005859,122880,3086745.6
MobileNet-v3-Large,64,onnx::Conv_473_scale,[24],float32,24,96,9.2e-05,1920,48230.4
MobileNet-v3-Large,65,onnx::Conv_476,"[72, 24, 1, 1]",float32,1728,6912,0.006592,138240,3472588.8000000003
MobileNet-v3-Large,66,onnx::Conv_476_scale,[72],float32,72,288,0.000275,5760,144691.2
MobileNet-v3-Large,67,onnx::Conv_479,"[72, 1, 3, 3]",float32,648,2592,0.002472,51840,1302220.8
MobileNet-v3-Large,68,onnx::Conv_479_scale,[72],float32,72,288,0.000275,5760,144691.2
MobileNet-v3-Large,69,onnx::Conv_482,"[24, 72, 1, 1]",float32,1728,6912,0.006592,138240,3472588.8000000003
MobileNet-v3-Large,70,onnx::Conv_482_scale,[24],float32,24,96,9.2e-05,1920,48230.4
MobileNet-v3-Large,71,onnx::Conv_485,"[72, 24, 1, 1]",float32,1728,6912,0.006592,138240,3472588.8000000003
MobileNet-v3-Large,72,onnx::Conv_485_scale,[72],float32,72,288,0.000275,5760,144691.2
MobileNet-v3-Large,73,onnx::Conv_488,"[72, 1, 5, 5]",float32,1800,7200,0.006866,144000,3617280.0000000005
MobileNet-v3-Large,74,onnx::Conv_488_scale,[72],float32,72,288,0.000275,5760,144691.2
MobileNet-v3-Large,75,onnx::Conv_491,"[40, 72, 1, 1]",float32,2880,11520,0.010986,230400,5787648.0
MobileNet-v3-Large,76,onnx::Conv_491_scale,[40],float32,40,160,0.000153,3200,80384.0
MobileNet-v3-Large,77,onnx::Conv_491_zero_point,[40],int8,40,40,3.8e-05,800,20096.0
MobileNet-v3-Large,78,onnx::Conv_494,"[120, 40, 1, 1]",float32,4800,19200,0.018311,384000,9646080.0
MobileNet-v3-Large,79,onnx::Conv_494_scale,[120],float32,120,480,0.000458,9600,241152.00000000003
MobileNet-v3-Large,80,onnx::Conv_497,"[120, 1, 5, 5]",float32,3000,12000,0.011444,240000,6028800.0
MobileNet-v3-Large,81,onnx::Conv_497_scale,[120],float32,120,480,0.000458,9600,241152.00000000003
MobileNet-v3-Large,82,onnx::Conv_500,"[40, 120, 1, 1]",float32,4800,19200,0.018311,384000,9646080.0
MobileNet-v3-Large,83,onnx::Conv_500_scale,[40],float32,40,160,0.000153,3200,80384.0
MobileNet-v3-Large,84,onnx::Conv_503,"[120, 40, 1, 1]",float32,4800,19200,0.018311,384000,9646080.0
MobileNet-v3-Large,85,onnx::Conv_503_scale,[120],float32,120,480,0.000458,9600,241152.00000000003
MobileNet-v3-Large,86,onnx::Conv_506,"[120, 1, 5, 5]",float32,3000,12000,0.011444,240000,6028800.0
MobileNet-v3-Large,87,onnx::Conv_506_scale,[120],float32,120,480,0.000458,9600,241152.00000000003
MobileNet-v3-Large,88,onnx::Conv_509,"[40, 120, 1, 1]",float32,4800,19200,0.018311,384000,9646080.0
MobileNet-v3-Large,89,onnx::Conv_509_scale,[40],float32,40,160,0.000153,3200,80384.0
MobileNet-v3-Large,90,onnx::Conv_512,"[240, 40, 1, 1]",float32,9600,38400,0.036621,768000,19292160.0
MobileNet-v3-Large,91,onnx::Conv_512_scale,[240],float32,240,960,0.000916,19200,482304.00000000006
MobileNet-v3-Large,92,onnx::Conv_515,"[240, 1, 3, 3]",float32,2160,8640,0.00824,172800,4340736.0
MobileNet-v3-Large,93,onnx::Conv_515_scale,[240],float32,240,960,0.000916,19200,482304.00000000006
MobileNet-v3-Large,94,onnx::Conv_518,"[80, 240, 1, 1]",float32,19200,76800,0.073242,1536000,38584320.0
MobileNet-v3-Large,95,onnx::Conv_518_scale,[80],float32,80,320,0.000305,6400,160768.0
MobileNet-v3-Large,96,onnx::Conv_518_zero_point,[80],int8,80,80,7.6e-05,1600,40192.0
MobileNet-v3-Large,97,onnx::Conv_521,"[200, 80, 1, 1]",float32,16000,64000,0.061035,1280000,32153600.000000004
MobileNet-v3-Large,98,onnx::Conv_521_scale,[200],float32,200,800,0.000763,16000,401920.0
MobileNet-v3-Large,99,onnx::Conv_521_zero_point,[200],int8,200,200,0.000191,4000,100480.0
MobileNet-v3-Large,100,onnx::Conv_524,"[200, 1, 3, 3]",float32,1800,7200,0.006866,144000,3617280.0000000005
MobileNet-v3-Large,101,onnx::Conv_524_scale,[200],float32,200,800,0.000763,16000,401920.0
MobileNet-v3-Large,102,onnx::Conv_527,"[80, 200, 1, 1]",float32,16000,64000,0.061035,1280000,32153600.000000004
MobileNet-v3-Large,103,onnx::Conv_527_scale,[80],float32,80,320,0.000305,6400,160768.0
MobileNet-v3-Large,104,onnx::Conv_530,"[184, 80, 1, 1]",float32,14720,58880,0.056152,1177600,29581312.000000004
MobileNet-v3-Large,105,onnx::Conv_530_scale,[184],float32,184,736,0.000702,14720,369766.4
MobileNet-v3-Large,106,onnx::Conv_530_zero_point,[184],int8,184,184,0.000175,3680,92441.6
MobileNet-v3-Large,107,onnx::Conv_533,"[184, 1, 3, 3]",float32,1656,6624,0.006317,132480,3327897.6
MobileNet-v3-Large,108,onnx::Conv_533_scale,[184],float32,184,736,0.000702,14720,369766.4
MobileNet-v3-Large,109,onnx::Conv_536,"[80, 184, 1, 1]",float32,14720,58880,0.056152,1177600,29581312.000000004
MobileNet-v3-Large,110,onnx::Conv_536_scale,[80],float32,80,320,0.000305,6400,160768.0
MobileNet-v3-Large,111,onnx::Conv_539,"[184, 80, 1, 1]",float32,14720,58880,0.056152,1177600,29581312.000000004
MobileNet-v3-Large,112,onnx::Conv_539_scale,[184],float32,184,736,0.000702,14720,369766.4
MobileNet-v3-Large,113,onnx::Conv_542,"[184, 1, 3, 3]",float32,1656,6624,0.006317,132480,3327897.6
MobileNet-v3-Large,114,onnx::Conv_542_scale,[184],float32,184,736,0.000702,14720,369766.4
MobileNet-v3-Large,115,onnx::Conv_545,"[80, 184, 1, 1]",float32,14720,58880,0.056152,1177600,29581312.000000004
MobileNet-v3-Large,116,onnx::Conv_545_scale,[80],float32,80,320,0.000305,6400,160768.0
MobileNet-v3-Large,117,onnx::Conv_548,"[480, 80, 1, 1]",float32,38400,153600,0.146484,3072000,77168640.0
MobileNet-v3-Large,118,onnx::Conv_548_scale,[480],float32,480,1920,0.001831,38400,964608.0000000001
MobileNet-v3-Large,119,onnx::Conv_551,"[480, 1, 3, 3]",float32,4320,17280,0.016479,345600,8681472.0
MobileNet-v3-Large,120,onnx::Conv_551_scale,[480],float32,480,1920,0.001831,38400,964608.0000000001
MobileNet-v3-Large,121,onnx::Conv_554,"[112, 480, 1, 1]",float32,53760,215040,0.205078,4300800,108036096.0
MobileNet-v3-Large,122,onnx::Conv_554_scale,[112],float32,112,448,0.000427,8960,225075.2
MobileNet-v3-Large,123,onnx::Conv_554_zero_point,[112],int8,112,112,0.000107,2240,56268.8
MobileNet-v3-Large,124,onnx::Conv_557,"[672, 112, 1, 1]",float32,75264,301056,0.287109,6021120,151250534.4
MobileNet-v3-Large,125,onnx::Conv_557_scale,[672],float32,672,2688,0.002563,53760,1350451.2000000002
MobileNet-v3-Large,126,onnx::Conv_560,"[672, 1, 3, 3]",float32,6048,24192,0.023071,483840,12154060.8
MobileNet-v3-Large,127,onnx::Conv_560_scale,[672],float32,672,2688,0.002563,53760,1350451.2000000002
MobileNet-v3-Large,128,onnx::Conv_563,"[112, 672, 1, 1]",float32,75264,301056,0.287109,6021120,151250534.4
MobileNet-v3-Large,129,onnx::Conv_563_scale,[112],float32,112,448,0.000427,8960,225075.2
MobileNet-v3-Large,130,onnx::Conv_566,"[672, 112, 1, 1]",float32,75264,301056,0.287109,6021120,151250534.4
MobileNet-v3-Large,131,onnx::Conv_566_scale,[672],float32,672,2688,0.002563,53760,1350451.2000000002
MobileNet-v3-Large,132,onnx::Conv_569,"[672, 1, 5, 5]",float32,16800,67200,0.064087,1344000,33761280.0
MobileNet-v3-Large,133,onnx::Conv_569_scale,[672],float32,672,2688,0.002563,53760,1350451.2000000002
MobileNet-v3-Large,134,onnx::Conv_572,"[160, 672, 1, 1]",float32,107520,430080,0.410156,8601600,216072192.0
MobileNet-v3-Large,135,onnx::Conv_572_scale,[160],float32,160,640,0.00061,12800,321536.0
MobileNet-v3-Large,136,onnx::Conv_572_zero_point,[160],int8,160,160,0.000153,3200,80384.0
MobileNet-v3-Large,137,onnx::Conv_575,"[960, 160, 1, 1]",float32,153600,614400,0.585938,12288000,308674560.0
MobileNet-v3-Large,138,onnx::Conv_575_scale,[960],float32,960,3840,0.003662,76800,1929216.0000000002
MobileNet-v3-Large,139,onnx::Conv_578,"[960, 1, 5, 5]",float32,24000,96000,0.091553,1920000,48230400.0
MobileNet-v3-Large,140,onnx::Conv_578_scale,[960],float32,960,3840,0.003662,76800,1929216.0000000002
MobileNet-v3-Large,141,onnx::Conv_581,"[160, 960, 1, 1]",float32,153600,614400,0.585938,12288000,308674560.0
MobileNet-v3-Large,142,onnx::Conv_581_scale,[160],float32,160,640,0.00061,12800,321536.0
MobileNet-v3-Large,143,onnx::Conv_584,"[960, 160, 1, 1]",float32,153600,614400,0.585938,12288000,308674560.0
MobileNet-v3-Large,144,onnx::Conv_584_scale,[960],float32,960,3840,0.003662,76800,1929216.0000000002
MobileNet-v3-Large,145,onnx::Conv_587,"[960, 1, 5, 5]",float32,24000,96000,0.091553,1920000,48230400.0
MobileNet-v3-Large,146,onnx::Conv_587_scale,[960],float32,960,3840,0.003662,76800,1929216.0000000002
MobileNet-v3-Large,147,onnx::Conv_590,"[160, 960, 1, 1]",float32,153600,614400,0.585938,12288000,308674560.0
MobileNet-v3-Large,148,onnx::Conv_590_scale,[160],float32,160,640,0.00061,12800,321536.0
MobileNet-v3-Large,149,onnx::Conv_593,"[960, 160, 1, 1]",float32,153600,614400,0.585938,12288000,308674560.0
MobileNet-v3-Large,150,onnx::Conv_593_scale,[960],float32,960,3840,0.003662,76800,1929216.0000000002
MobileNet-v3-Large,151,image_tensor_scale,[],float32,0,4,4e-06,80,2009.6000000000001
MobileNet-v3-Large,152,/Sub_output_0_scale,[],float32,0,4,4e-06,80,2009.6000000000001
MobileNet-v3-Large,153,/Sub_output_0_zero_point,[],uint16,0,2,2e-06,40,1004.8000000000001
MobileNet-v3-Large,154,/Div_output_0_scale,[],float32,0,4,4e-06,80,2009.6000000000001
MobileNet-v3-Large,155,/Div_output_0_zero_point,[],uint16,0,2,2e-06,40,1004.8000000000001
MobileNet-v3-Large,156,onnx::Conv_459,[16],float32,16,64,6.1e-05,1280,32153.600000000002
MobileNet-v3-Large,157,/net/features/0/0/Conv_output_0_scale,[],float32,0,4,4e-06,80,2009.6000000000001
MobileNet-v3-Large,158,/net/features/0/0/Conv_output_0_zero_point,[],uint16,0,2,2e-06,40,1004.8000000000001
MobileNet-v3-Large,159,/net/features/0/2/HardSwish_output_0_scale,[],float32,0,4,4e-06,80,2009.6000000000001
MobileNet-v3-Large,160,/net/features/0/2/HardSwish_output_0_zero_point,[],uint16,0,2,2e-06,40,1004.8000000000001
MobileNet-v3-Large,161,onnx::Conv_462,[16],float32,16,64,6.1e-05,1280,32153.600000000002
MobileNet-v3-Large,162,/net/features/1/block/0/2/Relu_output_0_scale,[],float32,0,4,4e-06,80,2009.6000000000001
MobileNet-v3-Large,163,onnx::Conv_465,[16],float32,16,64,6.1e-05,1280,32153.600000000002
MobileNet-v3-Large,164,/net/features/1/block/1/0/Conv_output_0_scale,[],float32,0,4,4e-06,80,2009.6000000000001
MobileNet-v3-Large,165,/net/features/1/block/1/0/Conv_output_0_zero_point,[],uint16,0,2,2e-06,40,1004.8000000000001
MobileNet-v3-Large,166,/net/features/1/Add_output_0_scale,[],float32,0,4,4e-06,80,2009.6000000000001
MobileNet-v3-Large,167,/net/features/1/Add_output_0_zero_point,[],uint16,0,2,2e-06,40,1004.8000000000001
MobileNet-v3-Large,168,onnx::Conv_468,[64],float32,64,256,0.000244,5120,128614.40000000001
MobileNet-v3-Large,169,/net/features/2/block/0/2/Relu_output_0_scale,[],float32,0,4,4e-06,80,2009.6000000000001
MobileNet-v3-Large,170,onnx::Conv_471,[64],float32,64,256,0.000244,5120,128614.40000000001
MobileNet-v3-Large,171,/net/features/2/block/1/2/Relu_output_0_scale,[],float32,0,4,4e-06,80,2009.6000000000001
MobileNet-v3-Large,172,onnx::Conv_474,[24],float32,24,96,9.2e-05,1920,48230.4
MobileNet-v3-Large,173,/net/features/2/block/2/0/Conv_output_0_scale,[],float32,0,4,4e-06,80,2009.6000000000001
MobileNet-v3-Large,174,/net/features/2/block/2/0/Conv_output_0_zero_point,[],uint16,0,2,2e-06,40,1004.8000000000001
MobileNet-v3-Large,175,onnx::Conv_477,[72],float32,72,288,0.000275,5760,144691.2
MobileNet-v3-Large,176,/net/features/3/block/0/2/Relu_output_0_scale,[],float32,0,4,4e-06,80,2009.6000000000001
MobileNet-v3-Large,177,onnx::Conv_480,[72],float32,72,288,0.000275,5760,144691.2
MobileNet-v3-Large,178,/net/features/3/block/1/2/Relu_output_0_scale,[],float32,0,4,4e-06,80,2009.6000000000001
MobileNet-v3-Large,179,onnx::Conv_483,[24],float32,24,96,9.2e-05,1920,48230.4
MobileNet-v3-Large,180,/net/features/3/block/2/0/Conv_output_0_scale,[],float32,0,4,4e-06,80,2009.6000000000001
MobileNet-v3-Large,181,/net/features/3/block/2/0/Conv_output_0_zero_point,[],uint16,0,2,2e-06,40,1004.8000000000001
MobileNet-v3-Large,182,/net/features/3/Add_output_0_scale,[],float32,0,4,4e-06,80,2009.6000000000001
MobileNet-v3-Large,183,/net/features/3/Add_output_0_zero_point,[],uint16,0,2,2e-06,40,1004.8000000000001
MobileNet-v3-Large,184,onnx::Conv_486,[72],float32,72,288,0.000275,5760,144691.2
MobileNet-v3-Large,185,/net/features/4/block/0/2/Relu_output_0_scale,[],float32,0,4,4e-06,80,2009.6000000000001
MobileNet-v3-Large,186,onnx::Conv_489,[72],float32,72,288,0.000275,5760,144691.2
MobileNet-v3-Large,187,/net/features/4/block/1/2/Relu_output_0_scale,[],float32,0,4,4e-06,80,2009.6000000000001
MobileNet-v3-Large,188,/net/features/4/block/2/avgpool/GlobalAveragePool_output_0_scale,[],float32,0,4,4e-06,80,2009.6000000000001
MobileNet-v3-Large,189,net.features.4.block.2.fc1.bias,[24],float32,24,96,9.2e-05,1920,48230.4
MobileNet-v3-Large,190,/net/features/4/block/2/activation/Relu_output_0_scale,[],float32,0,4,4e-06,80,2009.6000000000001
MobileNet-v3-Large,191,net.features.4.block.2.fc2.bias,[72],float32,72,288,0.000275,5760,144691.2
MobileNet-v3-Large,192,/net/features/4/block/2/fc2/Conv_output_0_scale,[],float32,0,4,4e-06,80,2009.6000000000001
MobileNet-v3-Large,193,onnx::Conv_492,[40],float32,40,160,0.000153,3200,80384.0
MobileNet-v3-Large,194,/net/features/4/block/3/0/Conv_output_0_scale,[],float32,0,4,4e-06,80,2009.6000000000001
MobileNet-v3-Large,195,/net/features/4/block/3/0/Conv_output_0_zero_point,[],uint16,0,2,2e-06,40,1004.8000000000001
MobileNet-v3-Large,196,onnx::Conv_495,[120],float32,120,480,0.000458,9600,241152.00000000003
MobileNet-v3-Large,197,/net/features/5/block/0/2/Relu_output_0_scale,[],float32,0,4,4e-06,80,2009.6000000000001
MobileNet-v3-Large,198,onnx::Conv_498,[120],float32,120,480,0.000458,9600,241152.00000000003
MobileNet-v3-Large,199,/net/features/5/block/1/2/Relu_output_0_scale,[],float32,0,4,4e-06,80,2009.6000000000001
MobileNet-v3-Large,200,/net/features/5/block/2/avgpool/GlobalAveragePool_output_0_scale,[],float32,0,4,4e-06,80,2009.6000000000001
MobileNet-v3-Large,201,net.features.5.block.2.fc1.bias,[32],float32,32,128,0.000122,2560,64307.200000000004
MobileNet-v3-Large,202,/net/features/5/block/2/activation/Relu_output_0_scale,[],float32,0,4,4e-06,80,2009.6000000000001
MobileNet-v3-Large,203,net.features.5.block.2.fc2.bias,[120],float32,120,480,0.000458,9600,241152.00000000003
MobileNet-v3-Large,204,/net/features/5/block/2/fc2/Conv_output_0_scale,[],float32,0,4,4e-06,80,2009.6000000000001
MobileNet-v3-Large,205,/net/features/5/block/2/fc2/Conv_output_0_zero_point,[],uint16,0,2,2e-06,40,1004.8000000000001
MobileNet-v3-Large,206,/net/features/5/block/2/Mul_output_0_scale,[],float32,0,4,4e-06,80,2009.6000000000001
MobileNet-v3-Large,207,onnx::Conv_501,[40],float32,40,160,0.000153,3200,80384.0
MobileNet-v3-Large,208,/net/features/5/block/3/0/Conv_output_0_scale,[],float32,0,4,4e-06,80,2009.6000000000001
MobileNet-v3-Large,209,/net/features/5/block/3/0/Conv_output_0_zero_point,[],uint16,0,2,2e-06,40,1004.8000000000001
MobileNet-v3-Large,210,/net/features/5/Add_output_0_scale,[],float32,0,4,4e-06,80,2009.6000000000001
MobileNet-v3-Large,211,/net/features/5/Add_output_0_zero_point,[],uint16,0,2,2e-06,40,1004.8000000000001
MobileNet-v3-Large,212,onnx::Conv_504,[120],float32,120,480,0.000458,9600,241152.00000000003
MobileNet-v3-Large,213,/net/features/6/block/0/2/Relu_output_0_scale,[],float32,0,4,4e-06,80,2009.6000000000001
MobileNet-v3-Large,214,onnx::Conv_507,[120],float32,120,480,0.000458,9600,241152.00000000003
MobileNet-v3-Large,215,/net/features/6/block/1/2/Relu_output_0_scale,[],float32,0,4,4e-06,80,2009.6000000000001
MobileNet-v3-Large,216,/net/features/6/block/2/avgpool/GlobalAveragePool_output_0_scale,[],float32,0,4,4e-06,80,2009.6000000000001
MobileNet-v3-Large,217,net.features.6.block.2.fc1.bias,[32],float32,32,128,0.000122,2560,64307.200000000004
MobileNet-v3-Large,218,/net/features/6/block/2/activation/Relu_output_0_scale,[],float32,0,4,4e-06,80,2009.6000000000001
MobileNet-v3-Large,219,net.features.6.block.2.fc2.bias,[120],float32,120,480,0.000458,9600,241152.00000000003
MobileNet-v3-Large,220,/net/features/6/block/2/fc2/Conv_output_0_scale,[],float32,0,4,4e-06,80,2009.6000000000001
MobileNet-v3-Large,221,/net/features/6/block/2/fc2/Conv_output_0_zero_point,[],uint16,0,2,2e-06,40,1004.8000000000001
MobileNet-v3-Large,222,/net/features/6/block/2/Mul_output_0_scale,[],float32,0,4,4e-06,80,2009.6000000000001
MobileNet-v3-Large,223,onnx::Conv_510,[40],float32,40,160,0.000153,3200,80384.0
MobileNet-v3-Large,224,/net/features/6/block/3/0/Conv_output_0_scale,[],float32,0,4,4e-06,80,2009.6000000000001
MobileNet-v3-Large,225,/net/features/6/block/3/0/Conv_output_0_zero_point,[],uint16,0,2,2e-06,40,1004.8000000000001
MobileNet-v3-Large,226,/net/features/6/Add_output_0_scale,[],float32,0,4,4e-06,80,2009.6000000000001
MobileNet-v3-Large,227,/net/features/6/Add_output_0_zero_point,[],uint16,0,2,2e-06,40,1004.8000000000001
MobileNet-v3-Large,228,onnx::Conv_513,[240],float32,240,960,0.000916,19200,482304.00000000006
MobileNet-v3-Large,229,/net/features/7/block/0/0/Conv_output_0_scale,[],float32,0,4,4e-06,80,2009.6000000000001
MobileNet-v3-Large,230,/net/features/7/block/0/0/Conv_output_0_zero_point,[],uint16,0,2,2e-06,40,1004.8000000000001
MobileNet-v3-Large,231,/net/features/7/block/0/2/HardSwish_output_0_scale,[],float32,0,4,4e-06,80,2009.6000000000001
MobileNet-v3-Large,232,/net/features/7/block/0/2/HardSwish_output_0_zero_point,[],uint16,0,2,2e-06,40,1004.8000000000001
MobileNet-v3-Large,233,onnx::Conv_516,[240],float32,240,960,0.000916,19200,482304.00000000006
MobileNet-v3-Large,234,/net/features/7/block/1/0/Conv_output_0_scale,[],float32,0,4,4e-06,80,2009.6000000000001
MobileNet-v3-Large,235,/net/features/7/block/1/0/Conv_output_0_zero_point,[],uint16,0,2,2e-06,40,1004.8000000000001
MobileNet-v3-Large,236,/net/features/7/block/1/2/HardSwish_output_0_scale,[],float32,0,4,4e-06,80,2009.6000000000001
MobileNet-v3-Large,237,/net/features/7/block/1/2/HardSwish_output_0_zero_point,[],uint16,0,2,2e-06,40,1004.8000000000001
MobileNet-v3-Large,238,onnx::Conv_519,[80],float32,80,320,0.000305,6400,160768.0
MobileNet-v3-Large,239,/net/features/7/block/2/0/Conv_output_0_scale,[],float32,0,4,4e-06,80,2009.6000000000001
MobileNet-v3-Large,240,/net/features/7/block/2/0/Conv_output_0_zero_point,[],uint16,0,2,2e-06,40,1004.8000000000001
MobileNet-v3-Large,241,onnx::Conv_522,[200],float32,200,800,0.000763,16000,401920.0
MobileNet-v3-Large,242,/net/features/8/block/0/0/Conv_output_0_scale,[],float32,0,4,4e-06,80,2009.6000000000001
MobileNet-v3-Large,243,/net/features/8/block/0/0/Conv_output_0_zero_point,[],uint16,0,2,2e-06,40,1004.8000000000001
MobileNet-v3-Large,244,/net/features/8/block/0/2/HardSwish_output_0_scale,[],float32,0,4,4e-06,80,2009.6000000000001
MobileNet-v3-Large,245,/net/features/8/block/0/2/HardSwish_output_0_zero_point,[],uint16,0,2,2e-06,40,1004.8000000000001
MobileNet-v3-Large,246,onnx::Conv_525,[200],float32,200,800,0.000763,16000,401920.0
MobileNet-v3-Large,247,/net/features/8/block/1/0/Conv_output_0_scale,[],float32,0,4,4e-06,80,2009.6000000000001
MobileNet-v3-Large,248,/net/features/8/block/1/0/Conv_output_0_zero_point,[],uint16,0,2,2e-06,40,1004.8000000000001
MobileNet-v3-Large,249,/net/features/8/block/1/2/HardSwish_output_0_scale,[],float32,0,4,4e-06,80,2009.6000000000001
MobileNet-v3-Large,250,/net/features/8/block/1/2/HardSwish_output_0_zero_point,[],uint16,0,2,2e-06,40,1004.8000000000001
MobileNet-v3-Large,251,onnx::Conv_528,[80],float32,80,320,0.000305,6400,160768.0
MobileNet-v3-Large,252,/net/features/8/block/2/0/Conv_output_0_scale,[],float32,0,4,4e-06,80,2009.6000000000001
MobileNet-v3-Large,253,/net/features/8/block/2/0/Conv_output_0_zero_point,[],uint16,0,2,2e-06,40,1004.8000000000001
MobileNet-v3-Large,254,/net/features/8/Add_output_0_scale,[],float32,0,4,4e-06,80,2009.6000000000001
MobileNet-v3-Large,255,/net/features/8/Add_output_0_zero_point,[],uint16,0,2,2e-06,40,1004.8000000000001
MobileNet-v3-Large,256,onnx::Conv_531,[184],float32,184,736,0.000702,14720,369766.4
MobileNet-v3-Large,257,/net/features/9/block/0/0/Conv_output_0_scale,[],float32,0,4,4e-06,80,2009.6000000000001
MobileNet-v3-Large,258,/net/features/9/block/0/0/Conv_output_0_zero_point,[],uint16,0,2,2e-06,40,1004.8000000000001
MobileNet-v3-Large,259,/net/features/9/block/0/2/HardSwish_output_0_scale,[],float32,0,4,4e-06,80,2009.6000000000001
MobileNet-v3-Large,260,/net/features/9/block/0/2/HardSwish_output_0_zero_point,[],uint16,0,2,2e-06,40,1004.8000000000001
MobileNet-v3-Large,261,onnx::Conv_534,[184],float32,184,736,0.000702,14720,369766.4
MobileNet-v3-Large,262,/net/features/9/block/1/0/Conv_output_0_scale,[],float32,0,4,4e-06,80,2009.6000000000001
MobileNet-v3-Large,263,/net/features/9/block/1/0/Conv_output_0_zero_point,[],uint16,0,2,2e-06,40,1004.8000000000001
MobileNet-v3-Large,264,/net/features/9/block/1/2/HardSwish_output_0_scale,[],float32,0,4,4e-06,80,2009.6000000000001
MobileNet-v3-Large,265,/net/features/9/block/1/2/HardSwish_output_0_zero_point,[],uint16,0,2,2e-06,40,1004.8000000000001
MobileNet-v3-Large,266,onnx::Conv_537,[80],float32,80,320,0.000305,6400,160768.0
MobileNet-v3-Large,267,/net/features/9/block/2/0/Conv_output_0_scale,[],float32,0,4,4e-06,80,2009.6000000000001
MobileNet-v3-Large,268,/net/features/9/block/2/0/Conv_output_0_zero_point,[],uint16,0,2,2e-06,40,1004.8000000000001
MobileNet-v3-Large,269,/net/features/9/Add_output_0_scale,[],float32,0,4,4e-06,80,2009.6000000000001
MobileNet-v3-Large,270,/net/features/9/Add_output_0_zero_point,[],uint16,0,2,2e-06,40,1004.8000000000001
MobileNet-v3-Large,271,onnx::Conv_540,[184],float32,184,736,0.000702,14720,369766.4
MobileNet-v3-Large,272,/net/features/10/block/0/0/Conv_output_0_scale,[],float32,0,4,4e-06,80,2009.6000000000001
MobileNet-v3-Large,273,/net/features/10/block/0/0/Conv_output_0_zero_point,[],uint16,0,2,2e-06,40,1004.8000000000001
MobileNet-v3-Large,274,/net/features/10/block/0/2/HardSwish_output_0_scale,[],float32,0,4,4e-06,80,2009.6000000000001
MobileNet-v3-Large,275,/net/features/10/block/0/2/HardSwish_output_0_zero_point,[],uint16,0,2,2e-06,40,1004.8000000000001
MobileNet-v3-Large,276,onnx::Conv_543,[184],float32,184,736,0.000702,14720,369766.4
MobileNet-v3-Large,277,/net/features/10/block/1/0/Conv_output_0_scale,[],float32,0,4,4e-06,80,2009.6000000000001
MobileNet-v3-Large,278,/net/features/10/block/1/0/Conv_output_0_zero_point,[],uint16,0,2,2e-06,40,1004.8000000000001
MobileNet-v3-Large,279,/net/features/10/block/1/2/HardSwish_output_0_scale,[],float32,0,4,4e-06,80,2009.6000000000001
MobileNet-v3-Large,280,/net/features/10/block/1/2/HardSwish_output_0_zero_point,[],uint16,0,2,2e-06,40,1004.8000000000001
MobileNet-v3-Large,281,onnx::Conv_546,[80],float32,80,320,0.000305,6400,160768.0
MobileNet-v3-Large,282,/net/features/10/block/2/0/Conv_output_0_scale,[],float32,0,4,4e-06,80,2009.6000000000001
MobileNet-v3-Large,283,/net/features/10/block/2/0/Conv_output_0_zero_point,[],uint16,0,2,2e-06,40,1004.8000000000001
MobileNet-v3-Large,284,/net/features/10/Add_output_0_scale,[],float32,0,4,4e-06,80,2009.6000000000001
MobileNet-v3-Large,285,/net/features/10/Add_output_0_zero_point,[],uint16,0,2,2e-06,40,1004.8000000000001
MobileNet-v3-Large,286,onnx::Conv_549,[480],float32,480,1920,0.001831,38400,964608.0000000001
MobileNet-v3-Large,287,/net/features/11/block/0/0/Conv_output_0_scale,[],float32,0,4,4e-06,80,2009.6000000000001
MobileNet-v3-Large,288,/net/features/11/block/0/0/Conv_output_0_zero_point,[],uint16,0,2,2e-06,40,1004.8000000000001
MobileNet-v3-Large,289,/net/features/11/block/0/2/HardSwish_output_0_scale,[],float32,0,4,4e-06,80,2009.6000000000001
MobileNet-v3-Large,290,/net/features/11/block/0/2/HardSwish_output_0_zero_point,[],uint16,0,2,2e-06,40,1004.8000000000001
MobileNet-v3-Large,291,onnx::Conv_552,[480],float32,480,1920,0.001831,38400,964608.0000000001
MobileNet-v3-Large,292,/net/features/11/block/1/0/Conv_output_0_scale,[],float32,0,4,4e-06,80,2009.6000000000001
MobileNet-v3-Large,293,/net/features/11/block/1/0/Conv_output_0_zero_point,[],uint16,0,2,2e-06,40,1004.8000000000001
MobileNet-v3-Large,294,/net/features/11/block/1/2/HardSwish_output_0_scale,[],float32,0,4,4e-06,80,2009.6000000000001
MobileNet-v3-Large,295,/net/features/11/block/1/2/HardSwish_output_0_zero_point,[],uint16,0,2,2e-06,40,1004.8000000000001
MobileNet-v3-Large,296,/net/features/11/block/2/avgpool/GlobalAveragePool_output_0_scale,[],float32,0,4,4e-06,80,2009.6000000000001
MobileNet-v3-Large,297,/net/features/11/block/2/avgpool/GlobalAveragePool_output_0_zero_point,[],uint16,0,2,2e-06,40,1004.8000000000001
MobileNet-v3-Large,298,net.features.11.block.2.fc1.bias,[120],float32,120,480,0.000458,9600,241152.00000000003
MobileNet-v3-Large,299,/net/features/11/block/2/activation/Relu_output_0_scale,[],float32,0,4,4e-06,80,2009.6000000000001
MobileNet-v3-Large,300,net.features.11.block.2.fc2.bias,[480],float32,480,1920,0.001831,38400,964608.0000000001
MobileNet-v3-Large,301,/net/features/11/block/2/fc2/Conv_output_0_scale,[],float32,0,4,4e-06,80,2009.6000000000001
MobileNet-v3-Large,302,/net/features/11/block/2/fc2/Conv_output_0_zero_point,[],uint16,0,2,2e-06,40,1004.8000000000001
MobileNet-v3-Large,303,/net/features/11/block/2/Mul_output_0_scale,[],float32,0,4,4e-06,80,2009.6000000000001
MobileNet-v3-Large,304,/net/features/11/block/2/Mul_output_0_zero_point,[],uint16,0,2,2e-06,40,1004.8000000000001
MobileNet-v3-Large,305,onnx::Conv_555,[112],float32,112,448,0.000427,8960,225075.2
MobileNet-v3-Large,306,/net/features/11/block/3/0/Conv_output_0_scale,[],float32,0,4,4e-06,80,2009.6000000000001
MobileNet-v3-Large,307,/net/features/11/block/3/0/Conv_output_0_zero_point,[],uint16,0,2,2e-06,40,1004.8000000000001
MobileNet-v3-Large,308,onnx::Conv_558,[672],float32,672,2688,0.002563,53760,1350451.2000000002
MobileNet-v3-Large,309,/net/features/12/block/0/0/Conv_output_0_scale,[],float32,0,4,4e-06,80,2009.6000000000001
MobileNet-v3-Large,310,/net/features/12/block/0/0/Conv_output_0_zero_point,[],uint16,0,2,2e-06,40,1004.8000000000001
MobileNet-v3-Large,311,/net/features/12/block/0/2/HardSwish_output_0_scale,[],float32,0,4,4e-06,80,2009.6000000000001
MobileNet-v3-Large,312,/net/features/12/block/0/2/HardSwish_output_0_zero_point,[],uint16,0,2,2e-06,40,1004.8000000000001
MobileNet-v3-Large,313,onnx::Conv_561,[672],float32,672,2688,0.002563,53760,1350451.2000000002
MobileNet-v3-Large,314,/net/features/12/block/1/0/Conv_output_0_scale,[],float32,0,4,4e-06,80,2009.6000000000001
MobileNet-v3-Large,315,/net/features/12/block/1/0/Conv_output_0_zero_point,[],uint16,0,2,2e-06,40,1004.8000000000001
MobileNet-v3-Large,316,/net/features/12/block/1/2/HardSwish_output_0_scale,[],float32,0,4,4e-06,80,2009.6000000000001
MobileNet-v3-Large,317,/net/features/12/block/1/2/HardSwish_output_0_zero_point,[],uint16,0,2,2e-06,40,1004.8000000000001
MobileNet-v3-Large,318,/net/features/12/block/2/avgpool/GlobalAveragePool_output_0_scale,[],float32,0,4,4e-06,80,2009.6000000000001
MobileNet-v3-Large,319,/net/features/12/block/2/avgpool/GlobalAveragePool_output_0_zero_point,[],uint16,0,2,2e-06,40,1004.8000000000001
MobileNet-v3-Large,320,net.features.12.block.2.fc1.bias,[168],float32,168,672,0.000641,13440,337612.80000000005
MobileNet-v3-Large,321,/net/features/12/block/2/activation/Relu_output_0_scale,[],float32,0,4,4e-06,80,2009.6000000000001
MobileNet-v3-Large,322,net.features.12.block.2.fc2.bias,[672],float32,672,2688,0.002563,53760,1350451.2000000002
MobileNet-v3-Large,323,/net/features/12/block/2/fc2/Conv_output_0_scale,[],float32,0,4,4e-06,80,2009.6000000000001
MobileNet-v3-Large,324,/net/features/12/block/2/fc2/Conv_output_0_zero_point,[],uint16,0,2,2e-06,40,1004.8000000000001
MobileNet-v3-Large,325,/net/features/12/block/2/Mul_output_0_scale,[],float32,0,4,4e-06,80,2009.6000000000001
MobileNet-v3-Large,326,/net/features/12/block/2/Mul_output_0_zero_point,[],uint16,0,2,2e-06,40,1004.8000000000001
MobileNet-v3-Large,327,onnx::Conv_564,[112],float32,112,448,0.000427,8960,225075.2
MobileNet-v3-Large,328,/net/features/12/block/3/0/Conv_output_0_scale,[],float32,0,4,4e-06,80,2009.6000000000001
MobileNet-v3-Large,329,/net/features/12/block/3/0/Conv_output_0_zero_point,[],uint16,0,2,2e-06,40,1004.8000000000001
MobileNet-v3-Large,330,/net/features/12/Add_output_0_scale,[],float32,0,4,4e-06,80,2009.6000000000001
MobileNet-v3-Large,331,/net/features/12/Add_output_0_zero_point,[],uint16,0,2,2e-06,40,1004.8000000000001
MobileNet-v3-Large,332,onnx::Conv_567,[672],float32,672,2688,0.002563,53760,1350451.2000000002
MobileNet-v3-Large,333,/net/features/13/block/0/0/Conv_output_0_scale,[],float32,0,4,4e-06,80,2009.6000000000001
MobileNet-v3-Large,334,/net/features/13/block/0/0/Conv_output_0_zero_point,[],uint16,0,2,2e-06,40,1004.8000000000001
MobileNet-v3-Large,335,/net/features/13/block/0/2/HardSwish_output_0_scale,[],float32,0,4,4e-06,80,2009.6000000000001
MobileNet-v3-Large,336,/net/features/13/block/0/2/HardSwish_output_0_zero_point,[],uint16,0,2,2e-06,40,1004.8000000000001
MobileNet-v3-Large,337,onnx::Conv_570,[672],float32,672,2688,0.002563,53760,1350451.2000000002
MobileNet-v3-Large,338,/net/features/13/block/1/0/Conv_output_0_scale,[],float32,0,4,4e-06,80,2009.6000000000001
MobileNet-v3-Large,339,/net/features/13/block/1/0/Conv_output_0_zero_point,[],uint16,0,2,2e-06,40,1004.8000000000001
MobileNet-v3-Large,340,/net/features/13/block/1/2/HardSwish_output_0_scale,[],float32,0,4,4e-06,80,2009.6000000000001
MobileNet-v3-Large,341,/net/features/13/block/1/2/HardSwish_output_0_zero_point,[],uint16,0,2,2e-06,40,1004.8000000000001
MobileNet-v3-Large,342,/net/features/13/block/2/avgpool/GlobalAveragePool_output_0_scale,[],float32,0,4,4e-06,80,2009.6000000000001
MobileNet-v3-Large,343,/net/features/13/block/2/avgpool/GlobalAveragePool_output_0_zero_point,[],uint16,0,2,2e-06,40,1004.8000000000001
MobileNet-v3-Large,344,net.features.13.block.2.fc1.bias,[168],float32,168,672,0.000641,13440,337612.80000000005
MobileNet-v3-Large,345,/net/features/13/block/2/activation/Relu_output_0_scale,[],float32,0,4,4e-06,80,2009.6000000000001
MobileNet-v3-Large,346,net.features.13.block.2.fc2.bias,[672],float32,672,2688,0.002563,53760,1350451.2000000002
MobileNet-v3-Large,347,/net/features/13/block/2/fc2/Conv_output_0_scale,[],float32,0,4,4e-06,80,2009.6000000000001
MobileNet-v3-Large,348,/net/features/13/block/2/fc2/Conv_output_0_zero_point,[],uint16,0,2,2e-06,40,1004.8000000000001
MobileNet-v3-Large,349,/net/features/13/block/2/Mul_output_0_scale,[],float32,0,4,4e-06,80,2009.6000000000001
MobileNet-v3-Large,350,/net/features/13/block/2/Mul_output_0_zero_point,[],uint16,0,2,2e-06,40,1004.8000000000001
MobileNet-v3-Large,351,onnx::Conv_573,[160],float32,160,640,0.00061,12800,321536.0
MobileNet-v3-Large,352,/net/features/13/block/3/0/Conv_output_0_scale,[],float32,0,4,4e-06,80,2009.6000000000001
MobileNet-v3-Large,353,/net/features/13/block/3/0/Conv_output_0_zero_point,[],uint16,0,2,2e-06,40,1004.8000000000001
MobileNet-v3-Large,354,onnx::Conv_576,[960],float32,960,3840,0.003662,76800,1929216.0000000002
MobileNet-v3-Large,355,/net/features/14/block/0/0/Conv_output_0_scale,[],float32,0,4,4e-06,80,2009.6000000000001
MobileNet-v3-Large,356,/net/features/14/block/0/0/Conv_output_0_zero_point,[],uint16,0,2,2e-06,40,1004.8000000000001
MobileNet-v3-Large,357,/net/features/14/block/0/2/HardSwish_output_0_scale,[],float32,0,4,4e-06,80,2009.6000000000001
MobileNet-v3-Large,358,/net/features/14/block/0/2/HardSwish_output_0_zero_point,[],uint16,0,2,2e-06,40,1004.8000000000001
MobileNet-v3-Large,359,onnx::Conv_579,[960],float32,960,3840,0.003662,76800,1929216.0000000002
MobileNet-v3-Large,360,/net/features/14/block/1/0/Conv_output_0_scale,[],float32,0,4,4e-06,80,2009.6000000000001
MobileNet-v3-Large,361,/net/features/14/block/1/0/Conv_output_0_zero_point,[],uint16,0,2,2e-06,40,1004.8000000000001
MobileNet-v3-Large,362,/net/features/14/block/1/2/HardSwish_output_0_scale,[],float32,0,4,4e-06,80,2009.6000000000001
MobileNet-v3-Large,363,/net/features/14/block/1/2/HardSwish_output_0_zero_point,[],uint16,0,2,2e-06,40,1004.8000000000001
MobileNet-v3-Large,364,/net/features/14/block/2/avgpool/GlobalAveragePool_output_0_scale,[],float32,0,4,4e-06,80,2009.6000000000001
MobileNet-v3-Large,365,/net/features/14/block/2/avgpool/GlobalAveragePool_output_0_zero_point,[],uint16,0,2,2e-06,40,1004.8000000000001
MobileNet-v3-Large,366,net.features.14.block.2.fc1.bias,[240],float32,240,960,0.000916,19200,482304.00000000006
MobileNet-v3-Large,367,/net/features/14/block/2/activation/Relu_output_0_scale,[],float32,0,4,4e-06,80,2009.6000000000001
MobileNet-v3-Large,368,net.features.14.block.2.fc2.bias,[960],float32,960,3840,0.003662,76800,1929216.0000000002
MobileNet-v3-Large,369,/net/features/14/block/2/fc2/Conv_output_0_scale,[],float32,0,4,4e-06,80,2009.6000000000001
MobileNet-v3-Large,370,/net/features/14/block/2/fc2/Conv_output_0_zero_point,[],uint16,0,2,2e-06,40,1004.8000000000001
MobileNet-v3-Large,371,/net/features/14/block/2/Mul_output_0_scale,[],float32,0,4,4e-06,80,2009.6000000000001
MobileNet-v3-Large,372,/net/features/14/block/2/Mul_output_0_zero_point,[],uint16,0,2,2e-06,40,1004.8000000000001
MobileNet-v3-Large,373,onnx::Conv_582,[160],float32,160,640,0.00061,12800,321536.0
MobileNet-v3-Large,374,/net/features/14/block/3/0/Conv_output_0_scale,[],float32,0,4,4e-06,80,2009.6000000000001
MobileNet-v3-Large,375,/net/features/14/block/3/0/Conv_output_0_zero_point,[],uint16,0,2,2e-06,40,1004.8000000000001
MobileNet-v3-Large,376,/net/features/14/Add_output_0_scale,[],float32,0,4,4e-06,80,2009.6000000000001
MobileNet-v3-Large,377,/net/features/14/Add_output_0_zero_point,[],uint16,0,2,2e-06,40,1004.8000000000001
MobileNet-v3-Large,378,onnx::Conv_585,[960],float32,960,3840,0.003662,76800,1929216.0000000002
MobileNet-v3-Large,379,/net/features/15/block/0/0/Conv_output_0_scale,[],float32,0,4,4e-06,80,2009.6000000000001
MobileNet-v3-Large,380,/net/features/15/block/0/0/Conv_output_0_zero_point,[],uint16,0,2,2e-06,40,1004.8000000000001
MobileNet-v3-Large,381,/net/features/15/block/0/2/HardSwish_output_0_scale,[],float32,0,4,4e-06,80,2009.6000000000001
MobileNet-v3-Large,382,/net/features/15/block/0/2/HardSwish_output_0_zero_point,[],uint16,0,2,2e-06,40,1004.8000000000001
MobileNet-v3-Large,383,onnx::Conv_588,[960],float32,960,3840,0.003662,76800,1929216.0000000002
MobileNet-v3-Large,384,/net/features/15/block/1/0/Conv_output_0_scale,[],float32,0,4,4e-06,80,2009.6000000000001
MobileNet-v3-Large,385,/net/features/15/block/1/0/Conv_output_0_zero_point,[],uint16,0,2,2e-06,40,1004.8000000000001
MobileNet-v3-Large,386,/net/features/15/block/1/2/HardSwish_output_0_scale,[],float32,0,4,4e-06,80,2009.6000000000001
MobileNet-v3-Large,387,/net/features/15/block/1/2/HardSwish_output_0_zero_point,[],uint16,0,2,2e-06,40,1004.8000000000001
MobileNet-v3-Large,388,/net/features/15/block/2/avgpool/GlobalAveragePool_output_0_scale,[],float32,0,4,4e-06,80,2009.6000000000001
MobileNet-v3-Large,389,/net/features/15/block/2/avgpool/GlobalAveragePool_output_0_zero_point,[],uint16,0,2,2e-06,40,1004.8000000000001
MobileNet-v3-Large,390,net.features.15.block.2.fc1.bias,[240],float32,240,960,0.000916,19200,482304.00000000006
MobileNet-v3-Large,391,/net/features/15/block/2/activation/Relu_output_0_scale,[],float32,0,4,4e-06,80,2009.6000000000001
MobileNet-v3-Large,392,net.features.15.block.2.fc2.bias,[960],float32,960,3840,0.003662,76800,1929216.0000000002
MobileNet-v3-Large,393,/net/features/15/block/2/fc2/Conv_output_0_scale,[],float32,0,4,4e-06,80,2009.6000000000001
MobileNet-v3-Large,394,/net/features/15/block/2/fc2/Conv_output_0_zero_point,[],uint16,0,2,2e-06,40,1004.8000000000001
MobileNet-v3-Large,395,/net/features/15/block/2/Mul_output_0_scale,[],float32,0,4,4e-06,80,2009.6000000000001
MobileNet-v3-Large,396,/net/features/15/block/2/Mul_output_0_zero_point,[],uint16,0,2,2e-06,40,1004.8000000000001
MobileNet-v3-Large,397,onnx::Conv_591,[160],float32,160,640,0.00061,12800,321536.0
MobileNet-v3-Large,398,/net/features/15/block/3/0/Conv_output_0_scale,[],float32,0,4,4e-06,80,2009.6000000000001
MobileNet-v3-Large,399,/net/features/15/block/3/0/Conv_output_0_zero_point,[],uint16,0,2,2e-06,40,1004.8000000000001
MobileNet-v3-Large,400,/net/features/15/Add_output_0_scale,[],float32,0,4,4e-06,80,2009.6000000000001
MobileNet-v3-Large,401,/net/features/15/Add_output_0_zero_point,[],uint16,0,2,2e-06,40,1004.8000000000001
MobileNet-v3-Large,402,onnx::Conv_594,[960],float32,960,3840,0.003662,76800,1929216.0000000002
MobileNet-v3-Large,403,/net/features/16/0/Conv_output_0_scale,[],float32,0,4,4e-06,80,2009.6000000000001
MobileNet-v3-Large,404,/net/features/16/0/Conv_output_0_zero_point,[],uint16,0,2,2e-06,40,1004.8000000000001
MobileNet-v3-Large,405,/net/features/16/2/HardSwish_output_0_scale,[],float32,0,4,4e-06,80,2009.6000000000001
MobileNet-v3-Large,406,/net/features/16/2/HardSwish_output_0_zero_point,[],uint16,0,2,2e-06,40,1004.8000000000001
MobileNet-v3-Large,407,/net/avgpool/GlobalAveragePool_output_0_scale,[],float32,0,4,4e-06,80,2009.6000000000001
MobileNet-v3-Large,408,/net/avgpool/GlobalAveragePool_output_0_zero_point,[],uint16,0,2,2e-06,40,1004.8000000000001
MobileNet-v3-Large,409,net.classifier.0.bias,[1280],float32,1280,5120,0.004883,102400,2572288.0
MobileNet-v3-Large,410,/net/classifier/0/Gemm_output_0_scale,[],float32,0,4,4e-06,80,2009.6000000000001
MobileNet-v3-Large,411,/net/classifier/0/Gemm_output_0_zero_point,[],uint16,0,2,2e-06,40,1004.8000000000001
MobileNet-v3-Large,412,/net/classifier/1/HardSwish_output_0_scale,[],float32,0,4,4e-06,80,2009.6000000000001
MobileNet-v3-Large,413,/net/classifier/1/HardSwish_output_0_zero_point,[],uint16,0,2,2e-06,40,1004.8000000000001
MobileNet-v3-Large,414,net.classifier.3.bias,[1000],float32,1000,4000,0.003815,80000,2009600.0000000002
MobileNet-v3-Large,415,class_logits_scale,[],float32,0,4,4e-06,80,2009.6000000000001
MobileNet-v3-Large,416,class_logits_zero_point,[],uint16,0,2,2e-06,40,1004.8000000000001
MobileNet-v3-Large,417,image_tensor,"[1, 3, 224, 224]",uint16,150528,301056,0.287109,6021120,151250534.4
MobileNet-v3-Large,418,class_logits,"[1, 1000]",uint16,1000,2000,0.001907,40000,1004800.0000000001

MobileNet-v3-Large - TOTAL,,TOTAL,,,5643270,22259803,21.23,445196060,11183325027.2

ResNet50,0,/Constant_1_output_0,"[1, 3, 1, 1]",float32,3,12,1.1e-05,240,6028.8
ResNet50,1,/Constant_1_output_0_scale,[],float32,0,4,4e-06,80,2009.6000000000001
ResNet50,2,image_tensor_zero_point,[],uint8,0,1,1e-06,20,502.40000000000003
ResNet50,3,/Constant_output_0,"[1, 3, 1, 1]",float32,3,12,1.1e-05,240,6028.8
ResNet50,4,/Constant_output_0_scale,[],float32,0,4,4e-06,80,2009.6000000000001
ResNet50,5,net.fc.weight,"[1000, 2048]",float32,2048000,8192000,7.8125,163840000,4115660800.0000005
ResNet50,6,net.fc.weight_scale,[],float32,0,4,4e-06,80,2009.6000000000001
ResNet50,7,net.fc.weight_zero_point,[],int8,0,1,1e-06,20,502.40000000000003
ResNet50,8,onnx::Conv_448,"[64, 3, 7, 7]",float32,9408,37632,0.035889,752640,18906316.8
ResNet50,9,onnx::Conv_448_scale,[64],float32,64,256,0.000244,5120,128614.40000000001
ResNet50,10,onnx::Conv_448_zero_point,[64],int8,64,64,6.1e-05,1280,32153.600000000002
ResNet50,11,onnx::Conv_451,"[64, 64, 1, 1]",float32,4096,16384,0.015625,327680,8231321.600000001
ResNet50,12,onnx::Conv_451_scale,[64],float32,64,256,0.000244,5120,128614.40000000001
ResNet50,13,onnx::Conv_454,"[64, 64, 3, 3]",float32,36864,147456,0.140625,2949120,74081894.4
ResNet50,14,onnx::Conv_454_scale,[64],float32,64,256,0.000244,5120,128614.40000000001
ResNet50,15,onnx::Conv_457,"[256, 64, 1, 1]",float32,16384,65536,0.0625,1310720,32925286.400000002
ResNet50,16,onnx::Conv_457_scale,[256],float32,256,1024,0.000977,20480,514457.60000000003
ResNet50,17,onnx::Conv_460_zero_point,[256],int8,256,256,0.000244,5120,128614.40000000001
ResNet50,18,onnx::Conv_460,"[256, 64, 1, 1]",float32,16384,65536,0.0625,1310720,32925286.400000002
ResNet50,19,onnx::Conv_460_scale,[256],float32,256,1024,0.000977,20480,514457.60000000003
ResNet50,20,onnx::Conv_463,"[64, 256, 1, 1]",float32,16384,65536,0.0625,1310720,32925286.400000002
ResNet50,21,onnx::Conv_463_scale,[64],float32,64,256,0.000244,5120,128614.40000000001
ResNet50,22,onnx::Conv_466,"[64, 64, 3, 3]",float32,36864,147456,0.140625,2949120,74081894.4
ResNet50,23,onnx::Conv_466_scale,[64],float32,64,256,0.000244,5120,128614.40000000001
ResNet50,24,onnx::Conv_469,"[256, 64, 1, 1]",float32,16384,65536,0.0625,1310720,32925286.400000002
ResNet50,25,onnx::Conv_469_scale,[256],float32,256,1024,0.000977,20480,514457.60000000003
ResNet50,26,onnx::Conv_472,"[64, 256, 1, 1]",float32,16384,65536,0.0625,1310720,32925286.400000002
ResNet50,27,onnx::Conv_472_scale,[64],float32,64,256,0.000244,5120,128614.40000000001
ResNet50,28,onnx::Conv_475,"[64, 64, 3, 3]",float32,36864,147456,0.140625,2949120,74081894.4
ResNet50,29,onnx::Conv_475_scale,[64],float32,64,256,0.000244,5120,128614.40000000001
ResNet50,30,onnx::Conv_478,"[256, 64, 1, 1]",float32,16384,65536,0.0625,1310720,32925286.400000002
ResNet50,31,onnx::Conv_478_scale,[256],float32,256,1024,0.000977,20480,514457.60000000003
ResNet50,32,onnx::Conv_481,"[128, 256, 1, 1]",float32,32768,131072,0.125,2621440,65850572.800000004
ResNet50,33,onnx::Conv_481_scale,[128],float32,128,512,0.000488,10240,257228.80000000002
ResNet50,34,onnx::Conv_481_zero_point,[128],int8,128,128,0.000122,2560,64307.200000000004
ResNet50,35,onnx::Conv_484,"[128, 128, 3, 3]",float32,147456,589824,0.5625,11796480,296327577.6
ResNet50,36,onnx::Conv_484_scale,[128],float32,128,512,0.000488,10240,257228.80000000002
ResNet50,37,onnx::Conv_487,"[512, 128, 1, 1]",float32,65536,262144,0.25,5242880,131701145.60000001
ResNet50,38,onnx::Conv_487_scale,[512],float32,512,2048,0.001953,40960,1028915.2000000001
ResNet50,39,onnx::Conv_490_zero_point,[512],int8,512,512,0.000488,10240,257228.80000000002
ResNet50,40,onnx::Conv_490,"[512, 256, 1, 1]",float32,131072,524288,0.5,10485760,263402291.20000002
ResNet50,41,onnx::Conv_490_scale,[512],float32,512,2048,0.001953,40960,1028915.2000000001
ResNet50,42,onnx::Conv_493,"[128, 512, 1, 1]",float32,65536,262144,0.25,5242880,131701145.60000001
ResNet50,43,onnx::Conv_493_scale,[128],float32,128,512,0.000488,10240,257228.80000000002
ResNet50,44,onnx::Conv_496,"[128, 128, 3, 3]",float32,147456,589824,0.5625,11796480,296327577.6
ResNet50,45,onnx::Conv_496_scale,[128],float32,128,512,0.000488,10240,257228.80000000002
ResNet50,46,onnx::Conv_499,"[512, 128, 1, 1]",float32,65536,262144,0.25,5242880,131701145.60000001
ResNet50,47,onnx::Conv_499_scale,[512],float32,512,2048,0.001953,40960,1028915.2000000001
ResNet50,48,onnx::Conv_502,"[128, 512, 1, 1]",float32,65536,262144,0.25,5242880,131701145.60000001
ResNet50,49,onnx::Conv_502_scale,[128],float32,128,512,0.000488,10240,257228.80000000002
ResNet50,50,onnx::Conv_505,"[128, 128, 3, 3]",float32,147456,589824,0.5625,11796480,296327577.6
ResNet50,51,onnx::Conv_505_scale,[128],float32,128,512,0.000488,10240,257228.80000000002
ResNet50,52,onnx::Conv_508,"[512, 128, 1, 1]",float32,65536,262144,0.25,5242880,131701145.60000001
ResNet50,53,onnx::Conv_508_scale,[512],float32,512,2048,0.001953,40960,1028915.2000000001
ResNet50,54,onnx::Conv_511,"[128, 512, 1, 1]",float32,65536,262144,0.25,5242880,131701145.60000001
ResNet50,55,onnx::Conv_511_scale,[128],float32,128,512,0.000488,10240,257228.80000000002
ResNet50,56,onnx::Conv_514,"[128, 128, 3, 3]",float32,147456,589824,0.5625,11796480,296327577.6
ResNet50,57,onnx::Conv_514_scale,[128],float32,128,512,0.000488,10240,257228.80000000002
ResNet50,58,onnx::Conv_517,"[512, 128, 1, 1]",float32,65536,262144,0.25,5242880,131701145.60000001
ResNet50,59,onnx::Conv_517_scale,[512],float32,512,2048,0.001953,40960,1028915.2000000001
ResNet50,60,onnx::Conv_520,"[256, 512, 1, 1]",float32,131072,524288,0.5,10485760,263402291.20000002
ResNet50,61,onnx::Conv_520_scale,[256],float32,256,1024,0.000977,20480,514457.60000000003
ResNet50,62,onnx::Conv_523,"[256, 256, 3, 3]",float32,589824,2359296,2.25,47185920,1185310310.4
ResNet50,63,onnx::Conv_523_scale,[256],float32,256,1024,0.000977,20480,514457.60000000003
ResNet50,64,onnx::Conv_526,"[1024, 256, 1, 1]",float32,262144,1048576,1.0,20971520,526804582.40000004
ResNet50,65,onnx::Conv_526_scale,[1024],float32,1024,4096,0.003906,81920,2057830.4000000001
ResNet50,66,onnx::Conv_529_zero_point,[1024],int8,1024,1024,0.000977,20480,514457.60000000003
ResNet50,67,onnx::Conv_529,"[1024, 512, 1, 1]",float32,524288,2097152,2.0,41943040,1053609164.8000001
ResNet50,68,onnx::Conv_529_scale,[1024],float32,1024,4096,0.003906,81920,2057830.4000000001
ResNet50,69,onnx::Conv_532,"[256, 1024, 1, 1]",float32,262144,1048576,1.0,20971520,526804582.40000004
ResNet50,70,onnx::Conv_532_scale,[256],float32,256,1024,0.000977,20480,514457.60000000003
ResNet50,71,onnx::Conv_535,"[256, 256, 3, 3]",float32,589824,2359296,2.25,47185920,1185310310.4
ResNet50,72,onnx::Conv_535_scale,[256],float32,256,1024,0.000977,20480,514457.60000000003
ResNet50,73,onnx::Conv_538,"[1024, 256, 1, 1]",float32,262144,1048576,1.0,20971520,526804582.40000004
ResNet50,74,onnx::Conv_538_scale,[1024],float32,1024,4096,0.003906,81920,2057830.4000000001
ResNet50,75,onnx::Conv_541,"[256, 1024, 1, 1]",float32,262144,1048576,1.0,20971520,526804582.40000004
ResNet50,76,onnx::Conv_541_scale,[256],float32,256,1024,0.000977,20480,514457.60000000003
ResNet50,77,onnx::Conv_544,"[256, 256, 3, 3]",float32,589824,2359296,2.25,47185920,1185310310.4
ResNet50,78,onnx::Conv_544_scale,[256],float32,256,1024,0.000977,20480,514457.60000000003
ResNet50,79,onnx::Conv_547,"[1024, 256, 1, 1]",float32,262144,1048576,1.0,20971520,526804582.40000004
ResNet50,80,onnx::Conv_547_scale,[1024],float32,1024,4096,0.003906,81920,2057830.4000000001
ResNet50,81,onnx::Conv_550,"[256, 1024, 1, 1]",float32,262144,1048576,1.0,20971520,526804582.40000004
ResNet50,82,onnx::Conv_550_scale,[256],float32,256,1024,0.000977,20480,514457.60000000003
ResNet50,83,onnx::Conv_553,"[256, 256, 3, 3]",float32,589824,2359296,2.25,47185920,1185310310.4
ResNet50,84,onnx::Conv_553_scale,[256],float32,256,1024,0.000977,20480,514457.60000000003
ResNet50,85,onnx::Conv_556,"[1024, 256, 1, 1]",float32,262144,1048576,1.0,20971520,526804582.40000004
ResNet50,86,onnx::Conv_556_scale,[1024],float32,1024,4096,0.003906,81920,2057830.4000000001
ResNet50,87,onnx::Conv_559,"[256, 1024, 1, 1]",float32,262144,1048576,1.0,20971520,526804582.40000004
ResNet50,88,onnx::Conv_559_scale,[256],float32,256,1024,0.000977,20480,514457.60000000003
ResNet50,89,onnx::Conv_562,"[256, 256, 3, 3]",float32,589824,2359296,2.25,47185920,1185310310.4
ResNet50,90,onnx::Conv_562_scale,[256],float32,256,1024,0.000977,20480,514457.60000000003
ResNet50,91,onnx::Conv_565,"[1024, 256, 1, 1]",float32,262144,1048576,1.0,20971520,526804582.40000004
ResNet50,92,onnx::Conv_565_scale,[1024],float32,1024,4096,0.003906,81920,2057830.4000000001
ResNet50,93,onnx::Conv_568,"[256, 1024, 1, 1]",float32,262144,1048576,1.0,20971520,526804582.40000004
ResNet50,94,onnx::Conv_568_scale,[256],float32,256,1024,0.000977,20480,514457.60000000003
ResNet50,95,onnx::Conv_571,"[256, 256, 3, 3]",float32,589824,2359296,2.25,47185920,1185310310.4
ResNet50,96,onnx::Conv_571_scale,[256],float32,256,1024,0.000977,20480,514457.60000000003
ResNet50,97,onnx::Conv_574,"[1024, 256, 1, 1]",float32,262144,1048576,1.0,20971520,526804582.40000004
ResNet50,98,onnx::Conv_574_scale,[1024],float32,1024,4096,0.003906,81920,2057830.4000000001
ResNet50,99,onnx::Conv_577,"[512, 1024, 1, 1]",float32,524288,2097152,2.0,41943040,1053609164.8000001
ResNet50,100,onnx::Conv_577_scale,[512],float32,512,2048,0.001953,40960,1028915.2000000001
ResNet50,101,onnx::Conv_580,"[512, 512, 3, 3]",float32,2359296,9437184,9.0,188743680,4741241241.6
ResNet50,102,onnx::Conv_580_scale,[512],float32,512,2048,0.001953,40960,1028915.2000000001
ResNet50,103,onnx::Conv_583,"[2048, 512, 1, 1]",float32,1048576,4194304,4.0,83886080,2107218329.6000001
ResNet50,104,onnx::Conv_583_scale,[2048],float32,2048,8192,0.007812,163840,4115660.8000000003
ResNet50,105,onnx::Conv_583_zero_point,[2048],int8,2048,2048,0.001953,40960,1028915.2000000001
ResNet50,106,onnx::Conv_586,"[2048, 1024, 1, 1]",float32,2097152,8388608,8.0,167772160,4214436659.2000003
ResNet50,107,onnx::Conv_586_scale,[2048],float32,2048,8192,0.007812,163840,4115660.8000000003
ResNet50,108,onnx::Conv_586_zero_point,[2048],int8,2048,2048,0.001953,40960,1028915.2000000001
ResNet50,109,onnx::Conv_589,"[512, 2048, 1, 1]",float32,1048576,4194304,4.0,83886080,2107218329.6000001
ResNet50,110,onnx::Conv_589_scale,[512],float32,512,2048,0.001953,40960,1028915.2000000001
ResNet50,111,onnx::Conv_592,"[512, 512, 3, 3]",float32,2359296,9437184,9.0,188743680,4741241241.6
ResNet50,112,onnx::Conv_592_scale,[512],float32,512,2048,0.001953,40960,1028915.2000000001
ResNet50,113,onnx::Conv_595,"[2048, 512, 1, 1]",float32,1048576,4194304,4.0,83886080,2107218329.6000001
ResNet50,114,onnx::Conv_595_scale,[2048],float32,2048,8192,0.007812,163840,4115660.8000000003
ResNet50,115,onnx::Conv_595_zero_point,[2048],int8,2048,2048,0.001953,40960,1028915.2000000001
ResNet50,116,onnx::Conv_598,"[512, 2048, 1, 1]",float32,1048576,4194304,4.0,83886080,2107218329.6000001
ResNet50,117,onnx::Conv_598_scale,[512],float32,512,2048,0.001953,40960,1028915.2000000001
ResNet50,118,onnx::Conv_601,"[512, 512, 3, 3]",float32,2359296,9437184,9.0,188743680,4741241241.6
ResNet50,119,onnx::Conv_601_scale,[512],float32,512,2048,0.001953,40960,1028915.2000000001
ResNet50,120,onnx::Conv_604,"[2048, 512, 1, 1]",float32,1048576,4194304,4.0,83886080,2107218329.6000001
ResNet50,121,onnx::Conv_604_scale,[2048],float32,2048,8192,0.007812,163840,4115660.8000000003
ResNet50,122,onnx::Conv_604_zero_point,[2048],int8,2048,2048,0.001953,40960,1028915.2000000001
ResNet50,123,image_tensor_scale,[],float32,0,4,4e-06,80,2009.6000000000001
ResNet50,124,/Sub_output_0_scale,[],float32,0,4,4e-06,80,2009.6000000000001
ResNet50,125,/Sub_output_0_zero_point,[],uint8,0,1,1e-06,20,502.40000000000003
ResNet50,126,/Div_output_0_scale,[],float32,0,4,4e-06,80,2009.6000000000001
ResNet50,127,/Div_output_0_zero_point,[],uint8,0,1,1e-06,20,502.40000000000003
ResNet50,128,onnx::Conv_449,[64],float32,64,256,0.000244,5120,128614.40000000001
ResNet50,129,/net/relu/Relu_output_0_scale,[],float32,0,4,4e-06,80,2009.6000000000001
ResNet50,130,onnx::Conv_452,[64],float32,64,256,0.000244,5120,128614.40000000001
ResNet50,131,onnx::Conv_461,[256],float32,256,1024,0.000977,20480,514457.60000000003
ResNet50,132,/net/layer1/0/downsample/0/Conv_output_0_scale,[],float32,0,4,4e-06,80,2009.6000000000001
ResNet50,133,/net/layer1/0/downsample/0/Conv_output_0_zero_point,[],uint8,0,1,1e-06,20,502.40000000000003
ResNet50,134,/net/layer1/0/relu/Relu_output_0_scale,[],float32,0,4,4e-06,80,2009.6000000000001
ResNet50,135,onnx::Conv_455,[64],float32,64,256,0.000244,5120,128614.40000000001
ResNet50,136,/net/layer1/0/Relu_output_0_scale,[],float32,0,4,4e-06,80,2009.6000000000001
ResNet50,137,onnx::Conv_458,[256],float32,256,1024,0.000977,20480,514457.60000000003
ResNet50,138,/net/layer1/0/conv3/Conv_output_0_scale,[],float32,0,4,4e-06,80,2009.6000000000001
ResNet50,139,/net/layer1/0/Relu_1_output_0_scale,[],float32,0,4,4e-06,80,2009.6000000000001
ResNet50,140,onnx::Conv_464,[64],float32,64,256,0.000244,5120,128614.40000000001
ResNet50,141,/net/layer1/1/relu/Relu_output_0_scale,[],float32,0,4,4e-06,80,2009.6000000000001
ResNet50,142,onnx::Conv_467,[64],float32,64,256,0.000244,5120,128614.40000000001
ResNet50,143,/net/layer1/1/Relu_output_0_scale,[],float32,0,4,4e-06,80,2009.6000000000001
ResNet50,144,onnx::Conv_470,[256],float32,256,1024,0.000977,20480,514457.60000000003
ResNet50,145,/net/layer1/1/conv3/Conv_output_0_scale,[],float32,0,4,4e-06,80,2009.6000000000001
ResNet50,146,/net/layer1/1/conv3/Conv_output_0_zero_point,[],uint8,0,1,1e-06,20,502.40000000000003
ResNet50,147,/net/layer1/1/Relu_1_output_0_scale,[],float32,0,4,4e-06,80,2009.6000000000001
ResNet50,148,onnx::Conv_473,[64],float32,64,256,0.000244,5120,128614.40000000001
ResNet50,149,/net/layer1/2/relu/Relu_output_0_scale,[],float32,0,4,4e-06,80,2009.6000000000001
ResNet50,150,onnx::Conv_476,[64],float32,64,256,0.000244,5120,128614.40000000001
ResNet50,151,/net/layer1/2/Relu_output_0_scale,[],float32,0,4,4e-06,80,2009.6000000000001
ResNet50,152,onnx::Conv_479,[256],float32,256,1024,0.000977,20480,514457.60000000003
ResNet50,153,/net/layer1/2/conv3/Conv_output_0_scale,[],float32,0,4,4e-06,80,2009.6000000000001
ResNet50,154,/net/layer1/2/conv3/Conv_output_0_zero_point,[],uint8,0,1,1e-06,20,502.40000000000003
ResNet50,155,/net/layer1/2/Relu_1_output_0_scale,[],float32,0,4,4e-06,80,2009.6000000000001
ResNet50,156,onnx::Conv_482,[128],float32,128,512,0.000488,10240,257228.80000000002
ResNet50,157,onnx::Conv_491,[512],float32,512,2048,0.001953,40960,1028915.2000000001
ResNet50,158,/net/layer2/0/downsample/0/Conv_output_0_scale,[],float32,0,4,4e-06,80,2009.6000000000001
ResNet50,159,/net/layer2/0/relu/Relu_output_0_scale,[],float32,0,4,4e-06,80,2009.6000000000001
ResNet50,160,onnx::Conv_485,[128],float32,128,512,0.000488,10240,257228.80000000002
ResNet50,161,/net/layer2/0/Relu_output_0_scale,[],float32,0,4,4e-06,80,2009.6000000000001
ResNet50,162,onnx::Conv_488,[512],float32,512,2048,0.001953,40960,1028915.2000000001
ResNet50,163,/net/layer2/0/conv3/Conv_output_0_scale,[],float32,0,4,4e-06,80,2009.6000000000001
ResNet50,164,/net/layer2/0/Relu_1_output_0_scale,[],float32,0,4,4e-06,80,2009.6000000000001
ResNet50,165,onnx::Conv_494,[128],float32,128,512,0.000488,10240,257228.80000000002
ResNet50,166,/net/layer2/1/relu/Relu_output_0_scale,[],float32,0,4,4e-06,80,2009.6000000000001
ResNet50,167,onnx::Conv_497,[128],float32,128,512,0.000488,10240,257228.80000000002
ResNet50,168,/net/layer2/1/Relu_output_0_scale,[],float32,0,4,4e-06,80,2009.6000000000001
ResNet50,169,onnx::Conv_500,[512],float32,512,2048,0.001953,40960,1028915.2000000001
ResNet50,170,/net/layer2/1/conv3/Conv_output_0_scale,[],float32,0,4,4e-06,80,2009.6000000000001
ResNet50,171,/net/layer2/1/Relu_1_output_0_scale,[],float32,0,4,4e-06,80,2009.6000000000001
ResNet50,172,onnx::Conv_503,[128],float32,128,512,0.000488,10240,257228.80000000002
ResNet50,173,/net/layer2/2/relu/Relu_output_0_scale,[],float32,0,4,4e-06,80,2009.6000000000001
ResNet50,174,onnx::Conv_506,[128],float32,128,512,0.000488,10240,257228.80000000002
ResNet50,175,/net/layer2/2/Relu_output_0_scale,[],float32,0,4,4e-06,80,2009.6000000000001
ResNet50,176,onnx::Conv_509,[512],float32,512,2048,0.001953,40960,1028915.2000000001
ResNet50,177,/net/layer2/2/conv3/Conv_output_0_scale,[],float32,0,4,4e-06,80,2009.6000000000001
ResNet50,178,/net/layer2/2/Relu_1_output_0_scale,[],float32,0,4,4e-06,80,2009.6000000000001
ResNet50,179,onnx::Conv_512,[128],float32,128,512,0.000488,10240,257228.80000000002
ResNet50,180,/net/layer2/3/relu/Relu_output_0_scale,[],float32,0,4,4e-06,80,2009.6000000000001
ResNet50,181,onnx::Conv_515,[128],float32,128,512,0.000488,10240,257228.80000000002
ResNet50,182,/net/layer2/3/Relu_output_0_scale,[],float32,0,4,4e-06,80,2009.6000000000001
ResNet50,183,onnx::Conv_518,[512],float32,512,2048,0.001953,40960,1028915.2000000001
ResNet50,184,/net/layer2/3/conv3/Conv_output_0_scale,[],float32,0,4,4e-06,80,2009.6000000000001
ResNet50,185,/net/layer2/3/Relu_1_output_0_scale,[],float32,0,4,4e-06,80,2009.6000000000001
ResNet50,186,onnx::Conv_521,[256],float32,256,1024,0.000977,20480,514457.60000000003
ResNet50,187,onnx::Conv_530,[1024],float32,1024,4096,0.003906,81920,2057830.4000000001
ResNet50,188,/net/layer3/0/downsample/0/Conv_output_0_scale,[],float32,0,4,4e-06,80,2009.6000000000001
ResNet50,189,/net/layer3/0/relu/Relu_output_0_scale,[],float32,0,4,4e-06,80,2009.6000000000001
ResNet50,190,onnx::Conv_524,[256],float32,256,1024,0.000977,20480,514457.60000000003
ResNet50,191,/net/layer3/0/Relu_output_0_scale,[],float32,0,4,4e-06,80,2009.6000000000001
ResNet50,192,onnx::Conv_527,[1024],float32,1024,4096,0.003906,81920,2057830.4000000001
ResNet50,193,/net/layer3/0/conv3/Conv_output_0_scale,[],float32,0,4,4e-06,80,2009.6000000000001
ResNet50,194,/net/layer3/0/Relu_1_output_0_scale,[],float32,0,4,4e-06,80,2009.6000000000001
ResNet50,195,onnx::Conv_533,[256],float32,256,1024,0.000977,20480,514457.60000000003
ResNet50,196,/net/layer3/1/relu/Relu_output_0_scale,[],float32,0,4,4e-06,80,2009.6000000000001
ResNet50,197,onnx::Conv_536,[256],float32,256,1024,0.000977,20480,514457.60000000003
ResNet50,198,/net/layer3/1/Relu_output_0_scale,[],float32,0,4,4e-06,80,2009.6000000000001
ResNet50,199,onnx::Conv_539,[1024],float32,1024,4096,0.003906,81920,2057830.4000000001
ResNet50,200,/net/layer3/1/conv3/Conv_output_0_scale,[],float32,0,4,4e-06,80,2009.6000000000001
ResNet50,201,/net/layer3/1/Relu_1_output_0_scale,[],float32,0,4,4e-06,80,2009.6000000000001
ResNet50,202,onnx::Conv_542,[256],float32,256,1024,0.000977,20480,514457.60000000003
ResNet50,203,/net/layer3/2/relu/Relu_output_0_scale,[],float32,0,4,4e-06,80,2009.6000000000001
ResNet50,204,onnx::Conv_545,[256],float32,256,1024,0.000977,20480,514457.60000000003
ResNet50,205,/net/layer3/2/Relu_output_0_scale,[],float32,0,4,4e-06,80,2009.6000000000001
ResNet50,206,onnx::Conv_548,[1024],float32,1024,4096,0.003906,81920,2057830.4000000001
ResNet50,207,/net/layer3/2/conv3/Conv_output_0_scale,[],float32,0,4,4e-06,80,2009.6000000000001
ResNet50,208,/net/layer3/2/Relu_1_output_0_scale,[],float32,0,4,4e-06,80,2009.6000000000001
ResNet50,209,onnx::Conv_551,[256],float32,256,1024,0.000977,20480,514457.60000000003
ResNet50,210,/net/layer3/3/relu/Relu_output_0_scale,[],float32,0,4,4e-06,80,2009.6000000000001
ResNet50,211,onnx::Conv_554,[256],float32,256,1024,0.000977,20480,514457.60000000003
ResNet50,212,/net/layer3/3/Relu_output_0_scale,[],float32,0,4,4e-06,80,2009.6000000000001
ResNet50,213,onnx::Conv_557,[1024],float32,1024,4096,0.003906,81920,2057830.4000000001
ResNet50,214,/net/layer3/3/conv3/Conv_output_0_scale,[],float32,0,4,4e-06,80,2009.6000000000001
ResNet50,215,/net/layer3/3/Relu_1_output_0_scale,[],float32,0,4,4e-06,80,2009.6000000000001
ResNet50,216,onnx::Conv_560,[256],float32,256,1024,0.000977,20480,514457.60000000003
ResNet50,217,/net/layer3/4/relu/Relu_output_0_scale,[],float32,0,4,4e-06,80,2009.6000000000001
ResNet50,218,onnx::Conv_563,[256],float32,256,1024,0.000977,20480,514457.60000000003
ResNet50,219,/net/layer3/4/Relu_output_0_scale,[],float32,0,4,4e-06,80,2009.6000000000001
ResNet50,220,onnx::Conv_566,[1024],float32,1024,4096,0.003906,81920,2057830.4000000001
ResNet50,221,/net/layer3/4/conv3/Conv_output_0_scale,[],float32,0,4,4e-06,80,2009.6000000000001
ResNet50,222,/net/layer3/4/Relu_1_output_0_scale,[],float32,0,4,4e-06,80,2009.6000000000001
ResNet50,223,onnx::Conv_569,[256],float32,256,1024,0.000977,20480,514457.60000000003
ResNet50,224,/net/layer3/5/relu/Relu_output_0_scale,[],float32,0,4,4e-06,80,2009.6000000000001
ResNet50,225,onnx::Conv_572,[256],float32,256,1024,0.000977,20480,514457.60000000003
ResNet50,226,/net/layer3/5/Relu_output_0_scale,[],float32,0,4,4e-06,80,2009.6000000000001
ResNet50,227,onnx::Conv_575,[1024],float32,1024,4096,0.003906,81920,2057830.4000000001
ResNet50,228,/net/layer3/5/conv3/Conv_output_0_scale,[],float32,0,4,4e-06,80,2009.6000000000001
ResNet50,229,/net/layer3/5/Relu_1_output_0_scale,[],float32,0,4,4e-06,80,2009.6000000000001
ResNet50,230,onnx::Conv_578,[512],float32,512,2048,0.001953,40960,1028915.2000000001
ResNet50,231,onnx::Conv_587,[2048],float32,2048,8192,0.007812,163840,4115660.8000000003
ResNet50,232,/net/layer4/0/downsample/0/Conv_output_0_scale,[],float32,0,4,4e-06,80,2009.6000000000001
ResNet50,233,/net/layer4/0/relu/Relu_output_0_scale,[],float32,0,4,4e-06,80,2009.6000000000001
ResNet50,234,onnx::Conv_581,[512],float32,512,2048,0.001953,40960,1028915.2000000001
ResNet50,235,/net/layer4/0/Relu_output_0_scale,[],float32,0,4,4e-06,80,2009.6000000000001
ResNet50,236,onnx::Conv_584,[2048],float32,2048,8192,0.007812,163840,4115660.8000000003
ResNet50,237,/net/layer4/0/conv3/Conv_output_0_scale,[],float32,0,4,4e-06,80,2009.6000000000001
ResNet50,238,/net/layer4/0/conv3/Conv_output_0_zero_point,[],uint8,0,1,1e-06,20,502.40000000000003
ResNet50,239,/net/layer4/0/Relu_1_output_0_scale,[],float32,0,4,4e-06,80,2009.6000000000001
ResNet50,240,onnx::Conv_590,[512],float32,512,2048,0.001953,40960,1028915.2000000001
ResNet50,241,/net/layer4/1/relu/Relu_output_0_scale,[],float32,0,4,4e-06,80,2009.6000000000001
ResNet50,242,onnx::Conv_593,[512],float32,512,2048,0.001953,40960,1028915.2000000001
ResNet50,243,/net/layer4/1/Relu_output_0_scale,[],float32,0,4,4e-06,80,2009.6000000000001
ResNet50,244,onnx::Conv_596,[2048],float32,2048,8192,0.007812,163840,4115660.8000000003
ResNet50,245,/net/layer4/1/conv3/Conv_output_0_scale,[],float32,0,4,4e-06,80,2009.6000000000001
ResNet50,246,/net/layer4/1/Relu_1_output_0_scale,[],float32,0,4,4e-06,80,2009.6000000000001
ResNet50,247,onnx::Conv_599,[512],float32,512,2048,0.001953,40960,1028915.2000000001
ResNet50,248,/net/layer4/2/relu/Relu_output_0_scale,[],float32,0,4,4e-06,80,2009.6000000000001
ResNet50,249,onnx::Conv_602,[512],float32,512,2048,0.001953,40960,1028915.2000000001
ResNet50,250,/net/layer4/2/Relu_output_0_scale,[],float32,0,4,4e-06,80,2009.6000000000001
ResNet50,251,onnx::Conv_605,[2048],float32,2048,8192,0.007812,163840,4115660.8000000003
ResNet50,252,/net/layer4/2/conv3/Conv_output_0_scale,[],float32,0,4,4e-06,80,2009.6000000000001
ResNet50,253,/net/layer4/2/conv3/Conv_output_0_zero_point,[],uint8,0,1,1e-06,20,502.40000000000003
ResNet50,254,/net/layer4/2/Relu_1_output_0_scale,[],float32,0,4,4e-06,80,2009.6000000000001
ResNet50,255,/net/avgpool/GlobalAveragePool_output_0_scale,[],float32,0,4,4e-06,80,2009.6000000000001
ResNet50,256,net.fc.bias,[1000],float32,1000,4000,0.003815,80000,2009600.0000000002
ResNet50,257,class_logits_scale,[],float32,0,4,4e-06,80,2009.6000000000001
ResNet50,258,class_logits_zero_point,[],uint8,0,1,1e-06,20,502.40000000000003
ResNet50,259,image_tensor,"[1, 3, 224, 224]",uint8,150528,150528,0.143555,3010560,75625267.2
ResNet50,260,class_logits,"[1, 1000]",uint8,1000,1000,0.000954,20000,502400.00000000006

ResNet50 - TOTAL,,TOTAL,,,25718742,102390174,97.65,2047803480,51440823417.600006

Whisper-Small-Decoder,0,attention_mask_scale,[],float32,0,0,0.0,0,0.0
Whisper-Small-Decoder,1,attention_mask_zp,[],uint16,0,0,0.0,0,0.0
Whisper-Small-Decoder,2,k_cache_self_0_in_scale,[],float32,0,0,0.0,0,0.0
Whisper-Small-Decoder,3,k_cache_self_0_in_zp,[],uint8,0,0,0.0,0,0.0
Whisper-Small-Decoder,4,v_cache_self_0_in_scale,[],float32,0,0,0.0,0,0.0
Whisper-Small-Decoder,5,v_cache_self_0_in_zp,[],uint8,0,0,0.0,0,0.0
Whisper-Small-Decoder,6,k_cache_self_1_in_scale,[],float32,0,0,0.0,0,0.0
Whisper-Small-Decoder,7,k_cache_self_1_in_zp,[],uint8,0,0,0.0,0,0.0
Whisper-Small-Decoder,8,v_cache_self_1_in_scale,[],float32,0,0,0.0,0,0.0
Whisper-Small-Decoder,9,v_cache_self_1_in_zp,[],uint8,0,0,0.0,0,0.0
Whisper-Small-Decoder,10,k_cache_self_2_in_scale,[],float32,0,0,0.0,0,0.0
Whisper-Small-Decoder,11,k_cache_self_2_in_zp,[],uint8,0,0,0.0,0,0.0
Whisper-Small-Decoder,12,v_cache_self_2_in_scale,[],float32,0,0,0.0,0,0.0
Whisper-Small-Decoder,13,v_cache_self_2_in_zp,[],uint8,0,0,0.0,0,0.0
Whisper-Small-Decoder,14,k_cache_self_3_in_scale,[],float32,0,0,0.0,0,0.0
Whisper-Small-Decoder,15,k_cache_self_3_in_zp,[],uint8,0,0,0.0,0,0.0
Whisper-Small-Decoder,16,v_cache_self_3_in_scale,[],float32,0,0,0.0,0,0.0
Whisper-Small-Decoder,17,v_cache_self_3_in_zp,[],uint8,0,0,0.0,0,0.0
Whisper-Small-Decoder,18,k_cache_self_4_in_scale,[],float32,0,0,0.0,0,0.0
Whisper-Small-Decoder,19,k_cache_self_4_in_zp,[],uint8,0,0,0.0,0,0.0
Whisper-Small-Decoder,20,v_cache_self_4_in_scale,[],float32,0,0,0.0,0,0.0
Whisper-Small-Decoder,21,v_cache_self_4_in_zp,[],uint8,0,0,0.0,0,0.0
Whisper-Small-Decoder,22,k_cache_self_5_in_scale,[],float32,0,0,0.0,0,0.0
Whisper-Small-Decoder,23,k_cache_self_5_in_zp,[],uint8,0,0,0.0,0,0.0
Whisper-Small-Decoder,24,v_cache_self_5_in_scale,[],float32,0,0,0.0,0,0.0
Whisper-Small-Decoder,25,v_cache_self_5_in_zp,[],uint8,0,0,0.0,0,0.0
Whisper-Small-Decoder,26,k_cache_self_6_in_scale,[],float32,0,0,0.0,0,0.0
Whisper-Small-Decoder,27,k_cache_self_6_in_zp,[],uint8,0,0,0.0,0,0.0
Whisper-Small-Decoder,28,v_cache_self_6_in_scale,[],float32,0,0,0.0,0,0.0
Whisper-Small-Decoder,29,v_cache_self_6_in_zp,[],uint8,0,0,0.0,0,0.0
Whisper-Small-Decoder,30,k_cache_self_7_in_scale,[],float32,0,0,0.0,0,0.0
Whisper-Small-Decoder,31,k_cache_self_7_in_zp,[],uint8,0,0,0.0,0,0.0
Whisper-Small-Decoder,32,v_cache_self_7_in_scale,[],float32,0,0,0.0,0,0.0
Whisper-Small-Decoder,33,v_cache_self_7_in_zp,[],uint8,0,0,0.0,0,0.0
Whisper-Small-Decoder,34,k_cache_self_8_in_scale,[],float32,0,0,0.0,0,0.0
Whisper-Small-Decoder,35,k_cache_self_8_in_zp,[],uint8,0,0,0.0,0,0.0
Whisper-Small-Decoder,36,v_cache_self_8_in_scale,[],float32,0,0,0.0,0,0.0
Whisper-Small-Decoder,37,v_cache_self_8_in_zp,[],uint8,0,0,0.0,0,0.0
Whisper-Small-Decoder,38,k_cache_self_9_in_scale,[],float32,0,0,0.0,0,0.0
Whisper-Small-Decoder,39,k_cache_self_9_in_zp,[],uint8,0,0,0.0,0,0.0
Whisper-Small-Decoder,40,v_cache_self_9_in_scale,[],float32,0,0,0.0,0,0.0
Whisper-Small-Decoder,41,v_cache_self_9_in_zp,[],uint8,0,0,0.0,0,0.0
Whisper-Small-Decoder,42,k_cache_self_10_in_scale,[],float32,0,0,0.0,0,0.0
Whisper-Small-Decoder,43,k_cache_self_10_in_zp,[],uint8,0,0,0.0,0,0.0
Whisper-Small-Decoder,44,v_cache_self_10_in_scale,[],float32,0,0,0.0,0,0.0
Whisper-Small-Decoder,45,v_cache_self_10_in_zp,[],uint8,0,0,0.0,0,0.0
Whisper-Small-Decoder,46,k_cache_self_11_in_scale,[],float32,0,0,0.0,0,0.0
Whisper-Small-Decoder,47,k_cache_self_11_in_zp,[],uint8,0,0,0.0,0,0.0
Whisper-Small-Decoder,48,v_cache_self_11_in_scale,[],float32,0,0,0.0,0,0.0
Whisper-Small-Decoder,49,v_cache_self_11_in_zp,[],uint8,0,0,0.0,0,0.0
Whisper-Small-Decoder,50,k_cache_cross_0_scale,[],float32,0,0,0.0,0,0.0
Whisper-Small-Decoder,51,k_cache_cross_0_zp,[],uint8,0,0,0.0,0,0.0
Whisper-Small-Decoder,52,v_cache_cross_0_scale,[],float32,0,0,0.0,0,0.0
Whisper-Small-Decoder,53,v_cache_cross_0_zp,[],uint8,0,0,0.0,0,0.0
Whisper-Small-Decoder,54,k_cache_cross_1_scale,[],float32,0,0,0.0,0,0.0
Whisper-Small-Decoder,55,k_cache_cross_1_zp,[],uint8,0,0,0.0,0,0.0
Whisper-Small-Decoder,56,v_cache_cross_1_scale,[],float32,0,0,0.0,0,0.0
Whisper-Small-Decoder,57,v_cache_cross_1_zp,[],uint8,0,0,0.0,0,0.0
Whisper-Small-Decoder,58,k_cache_cross_2_scale,[],float32,0,0,0.0,0,0.0
Whisper-Small-Decoder,59,k_cache_cross_2_zp,[],uint8,0,0,0.0,0,0.0
Whisper-Small-Decoder,60,v_cache_cross_2_scale,[],float32,0,0,0.0,0,0.0
Whisper-Small-Decoder,61,v_cache_cross_2_zp,[],uint8,0,0,0.0,0,0.0
Whisper-Small-Decoder,62,k_cache_cross_3_scale,[],float32,0,0,0.0,0,0.0
Whisper-Small-Decoder,63,k_cache_cross_3_zp,[],uint8,0,0,0.0,0,0.0
Whisper-Small-Decoder,64,v_cache_cross_3_scale,[],float32,0,0,0.0,0,0.0
Whisper-Small-Decoder,65,v_cache_cross_3_zp,[],uint8,0,0,0.0,0,0.0
Whisper-Small-Decoder,66,k_cache_cross_4_scale,[],float32,0,0,0.0,0,0.0
Whisper-Small-Decoder,67,k_cache_cross_4_zp,[],uint8,0,0,0.0,0,0.0
Whisper-Small-Decoder,68,v_cache_cross_4_scale,[],float32,0,0,0.0,0,0.0
Whisper-Small-Decoder,69,v_cache_cross_4_zp,[],uint8,0,0,0.0,0,0.0
Whisper-Small-Decoder,70,k_cache_cross_5_scale,[],float32,0,0,0.0,0,0.0
Whisper-Small-Decoder,71,k_cache_cross_5_zp,[],uint8,0,0,0.0,0,0.0
Whisper-Small-Decoder,72,v_cache_cross_5_scale,[],float32,0,0,0.0,0,0.0
Whisper-Small-Decoder,73,v_cache_cross_5_zp,[],uint8,0,0,0.0,0,0.0
Whisper-Small-Decoder,74,k_cache_cross_6_scale,[],float32,0,0,0.0,0,0.0
Whisper-Small-Decoder,75,k_cache_cross_6_zp,[],uint8,0,0,0.0,0,0.0
Whisper-Small-Decoder,76,v_cache_cross_6_scale,[],float32,0,0,0.0,0,0.0
Whisper-Small-Decoder,77,v_cache_cross_6_zp,[],uint8,0,0,0.0,0,0.0
Whisper-Small-Decoder,78,k_cache_cross_7_scale,[],float32,0,0,0.0,0,0.0
Whisper-Small-Decoder,79,k_cache_cross_7_zp,[],uint8,0,0,0.0,0,0.0
Whisper-Small-Decoder,80,v_cache_cross_7_scale,[],float32,0,0,0.0,0,0.0
Whisper-Small-Decoder,81,v_cache_cross_7_zp,[],uint8,0,0,0.0,0,0.0
Whisper-Small-Decoder,82,k_cache_cross_8_scale,[],float32,0,0,0.0,0,0.0
Whisper-Small-Decoder,83,k_cache_cross_8_zp,[],uint8,0,0,0.0,0,0.0
Whisper-Small-Decoder,84,v_cache_cross_8_scale,[],float32,0,0,0.0,0,0.0
Whisper-Small-Decoder,85,v_cache_cross_8_zp,[],uint8,0,0,0.0,0,0.0
Whisper-Small-Decoder,86,k_cache_cross_9_scale,[],float32,0,0,0.0,0,0.0
Whisper-Small-Decoder,87,k_cache_cross_9_zp,[],uint8,0,0,0.0,0,0.0
Whisper-Small-Decoder,88,v_cache_cross_9_scale,[],float32,0,0,0.0,0,0.0
Whisper-Small-Decoder,89,v_cache_cross_9_zp,[],uint8,0,0,0.0,0,0.0
Whisper-Small-Decoder,90,k_cache_cross_10_scale,[],float32,0,0,0.0,0,0.0
Whisper-Small-Decoder,91,k_cache_cross_10_zp,[],uint8,0,0,0.0,0,0.0
Whisper-Small-Decoder,92,v_cache_cross_10_scale,[],float32,0,0,0.0,0,0.0
Whisper-Small-Decoder,93,v_cache_cross_10_zp,[],uint8,0,0,0.0,0,0.0
Whisper-Small-Decoder,94,k_cache_cross_11_scale,[],float32,0,0,0.0,0,0.0
Whisper-Small-Decoder,95,k_cache_cross_11_zp,[],uint8,0,0,0.0,0,0.0
Whisper-Small-Decoder,96,v_cache_cross_11_scale,[],float32,0,0,0.0,0,0.0
Whisper-Small-Decoder,97,v_cache_cross_11_zp,[],uint8,0,0,0.0,0,0.0
Whisper-Small-Decoder,98,logits_scale,[],float32,0,0,0.0,0,0.0
Whisper-Small-Decoder,99,logits_zp,[],uint16,0,0,0.0,0,0.0
Whisper-Small-Decoder,100,k_cache_self_0_out_scale,[],float32,0,0,0.0,0,0.0
Whisper-Small-Decoder,101,k_cache_self_0_out_zp,[],uint8,0,0,0.0,0,0.0
Whisper-Small-Decoder,102,v_cache_self_0_out_scale,[],float32,0,0,0.0,0,0.0
Whisper-Small-Decoder,103,v_cache_self_0_out_zp,[],uint8,0,0,0.0,0,0.0
Whisper-Small-Decoder,104,k_cache_self_1_out_scale,[],float32,0,0,0.0,0,0.0
Whisper-Small-Decoder,105,k_cache_self_1_out_zp,[],uint8,0,0,0.0,0,0.0
Whisper-Small-Decoder,106,v_cache_self_1_out_scale,[],float32,0,0,0.0,0,0.0
Whisper-Small-Decoder,107,v_cache_self_1_out_zp,[],uint8,0,0,0.0,0,0.0
Whisper-Small-Decoder,108,k_cache_self_2_out_scale,[],float32,0,0,0.0,0,0.0
Whisper-Small-Decoder,109,k_cache_self_2_out_zp,[],uint8,0,0,0.0,0,0.0
Whisper-Small-Decoder,110,v_cache_self_2_out_scale,[],float32,0,0,0.0,0,0.0
Whisper-Small-Decoder,111,v_cache_self_2_out_zp,[],uint8,0,0,0.0,0,0.0
Whisper-Small-Decoder,112,k_cache_self_3_out_scale,[],float32,0,0,0.0,0,0.0
Whisper-Small-Decoder,113,k_cache_self_3_out_zp,[],uint8,0,0,0.0,0,0.0
Whisper-Small-Decoder,114,v_cache_self_3_out_scale,[],float32,0,0,0.0,0,0.0
Whisper-Small-Decoder,115,v_cache_self_3_out_zp,[],uint8,0,0,0.0,0,0.0
Whisper-Small-Decoder,116,k_cache_self_4_out_scale,[],float32,0,0,0.0,0,0.0
Whisper-Small-Decoder,117,k_cache_self_4_out_zp,[],uint8,0,0,0.0,0,0.0
Whisper-Small-Decoder,118,v_cache_self_4_out_scale,[],float32,0,0,0.0,0,0.0
Whisper-Small-Decoder,119,v_cache_self_4_out_zp,[],uint8,0,0,0.0,0,0.0
Whisper-Small-Decoder,120,k_cache_self_5_out_scale,[],float32,0,0,0.0,0,0.0
Whisper-Small-Decoder,121,k_cache_self_5_out_zp,[],uint8,0,0,0.0,0,0.0
Whisper-Small-Decoder,122,v_cache_self_5_out_scale,[],float32,0,0,0.0,0,0.0
Whisper-Small-Decoder,123,v_cache_self_5_out_zp,[],uint8,0,0,0.0,0,0.0
Whisper-Small-Decoder,124,k_cache_self_6_out_scale,[],float32,0,0,0.0,0,0.0
Whisper-Small-Decoder,125,k_cache_self_6_out_zp,[],uint8,0,0,0.0,0,0.0
Whisper-Small-Decoder,126,v_cache_self_6_out_scale,[],float32,0,0,0.0,0,0.0
Whisper-Small-Decoder,127,v_cache_self_6_out_zp,[],uint8,0,0,0.0,0,0.0
Whisper-Small-Decoder,128,k_cache_self_7_out_scale,[],float32,0,0,0.0,0,0.0
Whisper-Small-Decoder,129,k_cache_self_7_out_zp,[],uint8,0,0,0.0,0,0.0
Whisper-Small-Decoder,130,v_cache_self_7_out_scale,[],float32,0,0,0.0,0,0.0
Whisper-Small-Decoder,131,v_cache_self_7_out_zp,[],uint8,0,0,0.0,0,0.0
Whisper-Small-Decoder,132,k_cache_self_8_out_scale,[],float32,0,0,0.0,0,0.0
Whisper-Small-Decoder,133,k_cache_self_8_out_zp,[],uint8,0,0,0.0,0,0.0
Whisper-Small-Decoder,134,v_cache_self_8_out_scale,[],float32,0,0,0.0,0,0.0
Whisper-Small-Decoder,135,v_cache_self_8_out_zp,[],uint8,0,0,0.0,0,0.0
Whisper-Small-Decoder,136,k_cache_self_9_out_scale,[],float32,0,0,0.0,0,0.0
Whisper-Small-Decoder,137,k_cache_self_9_out_zp,[],uint8,0,0,0.0,0,0.0
Whisper-Small-Decoder,138,v_cache_self_9_out_scale,[],float32,0,0,0.0,0,0.0
Whisper-Small-Decoder,139,v_cache_self_9_out_zp,[],uint8,0,0,0.0,0,0.0
Whisper-Small-Decoder,140,k_cache_self_10_out_scale,[],float32,0,0,0.0,0,0.0
Whisper-Small-Decoder,141,k_cache_self_10_out_zp,[],uint8,0,0,0.0,0,0.0
Whisper-Small-Decoder,142,v_cache_self_10_out_scale,[],float32,0,0,0.0,0,0.0
Whisper-Small-Decoder,143,v_cache_self_10_out_zp,[],uint8,0,0,0.0,0,0.0
Whisper-Small-Decoder,144,k_cache_self_11_out_scale,[],float32,0,0,0.0,0,0.0
Whisper-Small-Decoder,145,k_cache_self_11_out_zp,[],uint8,0,0,0.0,0,0.0
Whisper-Small-Decoder,146,v_cache_self_11_out_scale,[],float32,0,0,0.0,0,0.0
Whisper-Small-Decoder,147,v_cache_self_11_out_zp,[],uint8,0,0,0.0,0,0.0
Whisper-Small-Decoder,148,input_ids,"[1, 1]",int32,1,4,4e-06,80,2009.6000000000001
Whisper-Small-Decoder,149,attention_mask,"[1, 1, 1, 200]",uint16,200,400,0.000381,8000,200960.0
Whisper-Small-Decoder,150,k_cache_self_0_in,"[12, 1, 64, 199]",uint8,152832,152832,0.145752,3056640,76782796.80000001
Whisper-Small-Decoder,151,v_cache_self_0_in,"[12, 1, 199, 64]",uint8,152832,152832,0.145752,3056640,76782796.80000001
Whisper-Small-Decoder,152,k_cache_self_1_in,"[12, 1, 64, 199]",uint8,152832,152832,0.145752,3056640,76782796.80000001
Whisper-Small-Decoder,153,v_cache_self_1_in,"[12, 1, 199, 64]",uint8,152832,152832,0.145752,3056640,76782796.80000001
Whisper-Small-Decoder,154,k_cache_self_2_in,"[12, 1, 64, 199]",uint8,152832,152832,0.145752,3056640,76782796.80000001
Whisper-Small-Decoder,155,v_cache_self_2_in,"[12, 1, 199, 64]",uint8,152832,152832,0.145752,3056640,76782796.80000001
Whisper-Small-Decoder,156,k_cache_self_3_in,"[12, 1, 64, 199]",uint8,152832,152832,0.145752,3056640,76782796.80000001
Whisper-Small-Decoder,157,v_cache_self_3_in,"[12, 1, 199, 64]",uint8,152832,152832,0.145752,3056640,76782796.80000001
Whisper-Small-Decoder,158,k_cache_self_4_in,"[12, 1, 64, 199]",uint8,152832,152832,0.145752,3056640,76782796.80000001
Whisper-Small-Decoder,159,v_cache_self_4_in,"[12, 1, 199, 64]",uint8,152832,152832,0.145752,3056640,76782796.80000001
Whisper-Small-Decoder,160,k_cache_self_5_in,"[12, 1, 64, 199]",uint8,152832,152832,0.145752,3056640,76782796.80000001
Whisper-Small-Decoder,161,v_cache_self_5_in,"[12, 1, 199, 64]",uint8,152832,152832,0.145752,3056640,76782796.80000001
Whisper-Small-Decoder,162,k_cache_self_6_in,"[12, 1, 64, 199]",uint8,152832,152832,0.145752,3056640,76782796.80000001
Whisper-Small-Decoder,163,v_cache_self_6_in,"[12, 1, 199, 64]",uint8,152832,152832,0.145752,3056640,76782796.80000001
Whisper-Small-Decoder,164,k_cache_self_7_in,"[12, 1, 64, 199]",uint8,152832,152832,0.145752,3056640,76782796.80000001
Whisper-Small-Decoder,165,v_cache_self_7_in,"[12, 1, 199, 64]",uint8,152832,152832,0.145752,3056640,76782796.80000001
Whisper-Small-Decoder,166,k_cache_self_8_in,"[12, 1, 64, 199]",uint8,152832,152832,0.145752,3056640,76782796.80000001
Whisper-Small-Decoder,167,v_cache_self_8_in,"[12, 1, 199, 64]",uint8,152832,152832,0.145752,3056640,76782796.80000001
Whisper-Small-Decoder,168,k_cache_self_9_in,"[12, 1, 64, 199]",uint8,152832,152832,0.145752,3056640,76782796.80000001
Whisper-Small-Decoder,169,v_cache_self_9_in,"[12, 1, 199, 64]",uint8,152832,152832,0.145752,3056640,76782796.80000001
Whisper-Small-Decoder,170,k_cache_self_10_in,"[12, 1, 64, 199]",uint8,152832,152832,0.145752,3056640,76782796.80000001
Whisper-Small-Decoder,171,v_cache_self_10_in,"[12, 1, 199, 64]",uint8,152832,152832,0.145752,3056640,76782796.80000001
Whisper-Small-Decoder,172,k_cache_self_11_in,"[12, 1, 64, 199]",uint8,152832,152832,0.145752,3056640,76782796.80000001
Whisper-Small-Decoder,173,v_cache_self_11_in,"[12, 1, 199, 64]",uint8,152832,152832,0.145752,3056640,76782796.80000001
Whisper-Small-Decoder,174,k_cache_cross_0,"[12, 1, 64, 1500]",uint8,1152000,1152000,1.098633,23040000,578764800.0
Whisper-Small-Decoder,175,v_cache_cross_0,"[12, 1, 1500, 64]",uint8,1152000,1152000,1.098633,23040000,578764800.0
Whisper-Small-Decoder,176,k_cache_cross_1,"[12, 1, 64, 1500]",uint8,1152000,1152000,1.098633,23040000,578764800.0
Whisper-Small-Decoder,177,v_cache_cross_1,"[12, 1, 1500, 64]",uint8,1152000,1152000,1.098633,23040000,578764800.0
Whisper-Small-Decoder,178,k_cache_cross_2,"[12, 1, 64, 1500]",uint8,1152000,1152000,1.098633,23040000,578764800.0
Whisper-Small-Decoder,179,v_cache_cross_2,"[12, 1, 1500, 64]",uint8,1152000,1152000,1.098633,23040000,578764800.0
Whisper-Small-Decoder,180,k_cache_cross_3,"[12, 1, 64, 1500]",uint8,1152000,1152000,1.098633,23040000,578764800.0
Whisper-Small-Decoder,181,v_cache_cross_3,"[12, 1, 1500, 64]",uint8,1152000,1152000,1.098633,23040000,578764800.0
Whisper-Small-Decoder,182,k_cache_cross_4,"[12, 1, 64, 1500]",uint8,1152000,1152000,1.098633,23040000,578764800.0
Whisper-Small-Decoder,183,v_cache_cross_4,"[12, 1, 1500, 64]",uint8,1152000,1152000,1.098633,23040000,578764800.0
Whisper-Small-Decoder,184,k_cache_cross_5,"[12, 1, 64, 1500]",uint8,1152000,1152000,1.098633,23040000,578764800.0
Whisper-Small-Decoder,185,v_cache_cross_5,"[12, 1, 1500, 64]",uint8,1152000,1152000,1.098633,23040000,578764800.0
Whisper-Small-Decoder,186,k_cache_cross_6,"[12, 1, 64, 1500]",uint8,1152000,1152000,1.098633,23040000,578764800.0
Whisper-Small-Decoder,187,v_cache_cross_6,"[12, 1, 1500, 64]",uint8,1152000,1152000,1.098633,23040000,578764800.0
Whisper-Small-Decoder,188,k_cache_cross_7,"[12, 1, 64, 1500]",uint8,1152000,1152000,1.098633,23040000,578764800.0
Whisper-Small-Decoder,189,v_cache_cross_7,"[12, 1, 1500, 64]",uint8,1152000,1152000,1.098633,23040000,578764800.0
Whisper-Small-Decoder,190,k_cache_cross_8,"[12, 1, 64, 1500]",uint8,1152000,1152000,1.098633,23040000,578764800.0
Whisper-Small-Decoder,191,v_cache_cross_8,"[12, 1, 1500, 64]",uint8,1152000,1152000,1.098633,23040000,578764800.0
Whisper-Small-Decoder,192,k_cache_cross_9,"[12, 1, 64, 1500]",uint8,1152000,1152000,1.098633,23040000,578764800.0
Whisper-Small-Decoder,193,v_cache_cross_9,"[12, 1, 1500, 64]",uint8,1152000,1152000,1.098633,23040000,578764800.0
Whisper-Small-Decoder,194,k_cache_cross_10,"[12, 1, 64, 1500]",uint8,1152000,1152000,1.098633,23040000,578764800.0
Whisper-Small-Decoder,195,v_cache_cross_10,"[12, 1, 1500, 64]",uint8,1152000,1152000,1.098633,23040000,578764800.0
Whisper-Small-Decoder,196,k_cache_cross_11,"[12, 1, 64, 1500]",uint8,1152000,1152000,1.098633,23040000,578764800.0
Whisper-Small-Decoder,197,v_cache_cross_11,"[12, 1, 1500, 64]",uint8,1152000,1152000,1.098633,23040000,578764800.0
Whisper-Small-Decoder,198,position_ids,[1],int32,1,4,4e-06,80,2009.6000000000001
Whisper-Small-Decoder,199,logits,"[1, 51865, 1, 1]",uint16,51865,103730,0.098925,2074600,52113952.0
Whisper-Small-Decoder,200,k_cache_self_0_out,"[12, 1, 64, 199]",uint8,152832,152832,0.145752,3056640,76782796.80000001
Whisper-Small-Decoder,201,v_cache_self_0_out,"[12, 1, 199, 64]",uint8,152832,152832,0.145752,3056640,76782796.80000001
Whisper-Small-Decoder,202,k_cache_self_1_out,"[12, 1, 64, 199]",uint8,152832,152832,0.145752,3056640,76782796.80000001
Whisper-Small-Decoder,203,v_cache_self_1_out,"[12, 1, 199, 64]",uint8,152832,152832,0.145752,3056640,76782796.80000001
Whisper-Small-Decoder,204,k_cache_self_2_out,"[12, 1, 64, 199]",uint8,152832,152832,0.145752,3056640,76782796.80000001
Whisper-Small-Decoder,205,v_cache_self_2_out,"[12, 1, 199, 64]",uint8,152832,152832,0.145752,3056640,76782796.80000001
Whisper-Small-Decoder,206,k_cache_self_3_out,"[12, 1, 64, 199]",uint8,152832,152832,0.145752,3056640,76782796.80000001
Whisper-Small-Decoder,207,v_cache_self_3_out,"[12, 1, 199, 64]",uint8,152832,152832,0.145752,3056640,76782796.80000001
Whisper-Small-Decoder,208,k_cache_self_4_out,"[12, 1, 64, 199]",uint8,152832,152832,0.145752,3056640,76782796.80000001
Whisper-Small-Decoder,209,v_cache_self_4_out,"[12, 1, 199, 64]",uint8,152832,152832,0.145752,3056640,76782796.80000001
Whisper-Small-Decoder,210,k_cache_self_5_out,"[12, 1, 64, 199]",uint8,152832,152832,0.145752,3056640,76782796.80000001
Whisper-Small-Decoder,211,v_cache_self_5_out,"[12, 1, 199, 64]",uint8,152832,152832,0.145752,3056640,76782796.80000001
Whisper-Small-Decoder,212,k_cache_self_6_out,"[12, 1, 64, 199]",uint8,152832,152832,0.145752,3056640,76782796.80000001
Whisper-Small-Decoder,213,v_cache_self_6_out,"[12, 1, 199, 64]",uint8,152832,152832,0.145752,3056640,76782796.80000001
Whisper-Small-Decoder,214,k_cache_self_7_out,"[12, 1, 64, 199]",uint8,152832,152832,0.145752,3056640,76782796.80000001
Whisper-Small-Decoder,215,v_cache_self_7_out,"[12, 1, 199, 64]",uint8,152832,152832,0.145752,3056640,76782796.80000001
Whisper-Small-Decoder,216,k_cache_self_8_out,"[12, 1, 64, 199]",uint8,152832,152832,0.145752,3056640,76782796.80000001
Whisper-Small-Decoder,217,v_cache_self_8_out,"[12, 1, 199, 64]",uint8,152832,152832,0.145752,3056640,76782796.80000001
Whisper-Small-Decoder,218,k_cache_self_9_out,"[12, 1, 64, 199]",uint8,152832,152832,0.145752,3056640,76782796.80000001
Whisper-Small-Decoder,219,v_cache_self_9_out,"[12, 1, 199, 64]",uint8,152832,152832,0.145752,3056640,76782796.80000001
Whisper-Small-Decoder,220,k_cache_self_10_out,"[12, 1, 64, 199]",uint8,152832,152832,0.145752,3056640,76782796.80000001
Whisper-Small-Decoder,221,v_cache_self_10_out,"[12, 1, 199, 64]",uint8,152832,152832,0.145752,3056640,76782796.80000001
Whisper-Small-Decoder,222,k_cache_self_11_out,"[12, 1, 64, 199]",uint8,152832,152832,0.145752,3056640,76782796.80000001
Whisper-Small-Decoder,223,v_cache_self_11_out,"[12, 1, 199, 64]",uint8,152832,152832,0.145752,3056640,76782796.80000001

Whisper-Small-Decoder - TOTAL,,TOTAL,,,35036003,35088074,33.46,701761480,17628248377.600002

Whisper-Small-Encoder,0,input_features_scale,[],float32,0,0,0.0,0,0.0
Whisper-Small-Encoder,1,input_features_zp,[],uint16,0,0,0.0,0,0.0
Whisper-Small-Encoder,2,k_cache_cross_0_scale,[],float32,0,0,0.0,0,0.0
Whisper-Small-Encoder,3,k_cache_cross_0_zp,[],uint8,0,0,0.0,0,0.0
Whisper-Small-Encoder,4,v_cache_cross_0_scale,[],float32,0,0,0.0,0,0.0
Whisper-Small-Encoder,5,v_cache_cross_0_zp,[],uint8,0,0,0.0,0,0.0
Whisper-Small-Encoder,6,k_cache_cross_1_scale,[],float32,0,0,0.0,0,0.0
Whisper-Small-Encoder,7,k_cache_cross_1_zp,[],uint8,0,0,0.0,0,0.0
Whisper-Small-Encoder,8,v_cache_cross_1_scale,[],float32,0,0,0.0,0,0.0
Whisper-Small-Encoder,9,v_cache_cross_1_zp,[],uint8,0,0,0.0,0,0.0
Whisper-Small-Encoder,10,k_cache_cross_2_scale,[],float32,0,0,0.0,0,0.0
Whisper-Small-Encoder,11,k_cache_cross_2_zp,[],uint8,0,0,0.0,0,0.0
Whisper-Small-Encoder,12,v_cache_cross_2_scale,[],float32,0,0,0.0,0,0.0
Whisper-Small-Encoder,13,v_cache_cross_2_zp,[],uint8,0,0,0.0,0,0.0
Whisper-Small-Encoder,14,k_cache_cross_3_scale,[],float32,0,0,0.0,0,0.0
Whisper-Small-Encoder,15,k_cache_cross_3_zp,[],uint8,0,0,0.0,0,0.0
Whisper-Small-Encoder,16,v_cache_cross_3_scale,[],float32,0,0,0.0,0,0.0
Whisper-Small-Encoder,17,v_cache_cross_3_zp,[],uint8,0,0,0.0,0,0.0
Whisper-Small-Encoder,18,k_cache_cross_4_scale,[],float32,0,0,0.0,0,0.0
Whisper-Small-Encoder,19,k_cache_cross_4_zp,[],uint8,0,0,0.0,0,0.0
Whisper-Small-Encoder,20,v_cache_cross_4_scale,[],float32,0,0,0.0,0,0.0
Whisper-Small-Encoder,21,v_cache_cross_4_zp,[],uint8,0,0,0.0,0,0.0
Whisper-Small-Encoder,22,k_cache_cross_5_scale,[],float32,0,0,0.0,0,0.0
Whisper-Small-Encoder,23,k_cache_cross_5_zp,[],uint8,0,0,0.0,0,0.0
Whisper-Small-Encoder,24,v_cache_cross_5_scale,[],float32,0,0,0.0,0,0.0
Whisper-Small-Encoder,25,v_cache_cross_5_zp,[],uint8,0,0,0.0,0,0.0
Whisper-Small-Encoder,26,k_cache_cross_6_scale,[],float32,0,0,0.0,0,0.0
Whisper-Small-Encoder,27,k_cache_cross_6_zp,[],uint8,0,0,0.0,0,0.0
Whisper-Small-Encoder,28,v_cache_cross_6_scale,[],float32,0,0,0.0,0,0.0
Whisper-Small-Encoder,29,v_cache_cross_6_zp,[],uint8,0,0,0.0,0,0.0
Whisper-Small-Encoder,30,k_cache_cross_7_scale,[],float32,0,0,0.0,0,0.0
Whisper-Small-Encoder,31,k_cache_cross_7_zp,[],uint8,0,0,0.0,0,0.0
Whisper-Small-Encoder,32,v_cache_cross_7_scale,[],float32,0,0,0.0,0,0.0
Whisper-Small-Encoder,33,v_cache_cross_7_zp,[],uint8,0,0,0.0,0,0.0
Whisper-Small-Encoder,34,k_cache_cross_8_scale,[],float32,0,0,0.0,0,0.0
Whisper-Small-Encoder,35,k_cache_cross_8_zp,[],uint8,0,0,0.0,0,0.0
Whisper-Small-Encoder,36,v_cache_cross_8_scale,[],float32,0,0,0.0,0,0.0
Whisper-Small-Encoder,37,v_cache_cross_8_zp,[],uint8,0,0,0.0,0,0.0
Whisper-Small-Encoder,38,k_cache_cross_9_scale,[],float32,0,0,0.0,0,0.0
Whisper-Small-Encoder,39,k_cache_cross_9_zp,[],uint8,0,0,0.0,0,0.0
Whisper-Small-Encoder,40,v_cache_cross_9_scale,[],float32,0,0,0.0,0,0.0
Whisper-Small-Encoder,41,v_cache_cross_9_zp,[],uint8,0,0,0.0,0,0.0
Whisper-Small-Encoder,42,k_cache_cross_10_scale,[],float32,0,0,0.0,0,0.0
Whisper-Small-Encoder,43,k_cache_cross_10_zp,[],uint8,0,0,0.0,0,0.0
Whisper-Small-Encoder,44,v_cache_cross_10_scale,[],float32,0,0,0.0,0,0.0
Whisper-Small-Encoder,45,v_cache_cross_10_zp,[],uint8,0,0,0.0,0,0.0
Whisper-Small-Encoder,46,k_cache_cross_11_scale,[],float32,0,0,0.0,0,0.0
Whisper-Small-Encoder,47,k_cache_cross_11_zp,[],uint8,0,0,0.0,0,0.0
Whisper-Small-Encoder,48,v_cache_cross_11_scale,[],float32,0,0,0.0,0,0.0
Whisper-Small-Encoder,49,v_cache_cross_11_zp,[],uint8,0,0,0.0,0,0.0
Whisper-Small-Encoder,50,input_features,"[1, 80, 3000]",uint16,240000,480000,0.457764,9600000,241152000.00000003
Whisper-Small-Encoder,51,k_cache_cross_0,"[12, 1, 64, 1500]",uint8,1152000,1152000,1.098633,23040000,578764800.0
Whisper-Small-Encoder,52,v_cache_cross_0,"[12, 1, 1500, 64]",uint8,1152000,1152000,1.098633,23040000,578764800.0
Whisper-Small-Encoder,53,k_cache_cross_1,"[12, 1, 64, 1500]",uint8,1152000,1152000,1.098633,23040000,578764800.0
Whisper-Small-Encoder,54,v_cache_cross_1,"[12, 1, 1500, 64]",uint8,1152000,1152000,1.098633,23040000,578764800.0
Whisper-Small-Encoder,55,k_cache_cross_2,"[12, 1, 64, 1500]",uint8,1152000,1152000,1.098633,23040000,578764800.0
Whisper-Small-Encoder,56,v_cache_cross_2,"[12, 1, 1500, 64]",uint8,1152000,1152000,1.098633,23040000,578764800.0
Whisper-Small-Encoder,57,k_cache_cross_3,"[12, 1, 64, 1500]",uint8,1152000,1152000,1.098633,23040000,578764800.0
Whisper-Small-Encoder,58,v_cache_cross_3,"[12, 1, 1500, 64]",uint8,1152000,1152000,1.098633,23040000,578764800.0
Whisper-Small-Encoder,59,k_cache_cross_4,"[12, 1, 64, 1500]",uint8,1152000,1152000,1.098633,23040000,578764800.0
Whisper-Small-Encoder,60,v_cache_cross_4,"[12, 1, 1500, 64]",uint8,1152000,1152000,1.098633,23040000,578764800.0
Whisper-Small-Encoder,61,k_cache_cross_5,"[12, 1, 64, 1500]",uint8,1152000,1152000,1.098633,23040000,578764800.0
Whisper-Small-Encoder,62,v_cache_cross_5,"[12, 1, 1500, 64]",uint8,1152000,1152000,1.098633,23040000,578764800.0
Whisper-Small-Encoder,63,k_cache_cross_6,"[12, 1, 64, 1500]",uint8,1152000,1152000,1.098633,23040000,578764800.0
Whisper-Small-Encoder,64,v_cache_cross_6,"[12, 1, 1500, 64]",uint8,1152000,1152000,1.098633,23040000,578764800.0
Whisper-Small-Encoder,65,k_cache_cross_7,"[12, 1, 64, 1500]",uint8,1152000,1152000,1.098633,23040000,578764800.0
Whisper-Small-Encoder,66,v_cache_cross_7,"[12, 1, 1500, 64]",uint8,1152000,1152000,1.098633,23040000,578764800.0
Whisper-Small-Encoder,67,k_cache_cross_8,"[12, 1, 64, 1500]",uint8,1152000,1152000,1.098633,23040000,578764800.0
Whisper-Small-Encoder,68,v_cache_cross_8,"[12, 1, 1500, 64]",uint8,1152000,1152000,1.098633,23040000,578764800.0
Whisper-Small-Encoder,69,k_cache_cross_9,"[12, 1, 64, 1500]",uint8,1152000,1152000,1.098633,23040000,578764800.0
Whisper-Small-Encoder,70,v_cache_cross_9,"[12, 1, 1500, 64]",uint8,1152000,1152000,1.098633,23040000,578764800.0
Whisper-Small-Encoder,71,k_cache_cross_10,"[12, 1, 64, 1500]",uint8,1152000,1152000,1.098633,23040000,578764800.0
Whisper-Small-Encoder,72,v_cache_cross_10,"[12, 1, 1500, 64]",uint8,1152000,1152000,1.098633,23040000,578764800.0
Whisper-Small-Encoder,73,k_cache_cross_11,"[12, 1, 64, 1500]",uint8,1152000,1152000,1.098633,23040000,578764800.0
Whisper-Small-Encoder,74,v_cache_cross_11,"[12, 1, 1500, 64]",uint8,1152000,1152000,1.098633,23040000,578764800.0

Whisper-Small-Encoder - TOTAL,,TOTAL,,,27888000,28128000,26.82,562560000,14131507200.000002

YamNet,0,model.classifier.weight,"[521, 1024]",float32,533504,2134016,2.035156,42680320,1072129638.4000001
YamNet,1,model.classifier.weight_scale,[],float32,0,4,4e-06,80,2009.6000000000001
YamNet,2,model.classifier.weight_zero_point,[],int8,0,1,1e-06,20,502.40000000000003
YamNet,3,onnx::Conv_241,"[32, 1, 3, 3]",float32,288,1152,0.001099,23040,578764.8
YamNet,4,onnx::Conv_241_scale,[32],float32,32,128,0.000122,2560,64307.200000000004
YamNet,5,onnx::Conv_241_zero_point,[32],int8,32,32,3.1e-05,640,16076.800000000001
YamNet,6,onnx::Conv_244,"[32, 1, 3, 3]",float32,288,1152,0.001099,23040,578764.8
YamNet,7,onnx::Conv_244_scale,[32],float32,32,128,0.000122,2560,64307.200000000004
YamNet,8,onnx::Conv_247,"[64, 32, 1, 1]",float32,2048,8192,0.007812,163840,4115660.8000000003
YamNet,9,onnx::Conv_247_scale,[64],float32,64,256,0.000244,5120,128614.40000000001
YamNet,10,onnx::Conv_247_zero_point,[64],int8,64,64,6.1e-05,1280,32153.600000000002
YamNet,11,onnx::Conv_250,"[64, 1, 3, 3]",float32,576,2304,0.002197,46080,1157529.6
YamNet,12,onnx::Conv_250_scale,[64],float32,64,256,0.000244,5120,128614.40000000001
YamNet,13,onnx::Conv_253,"[128, 64, 1, 1]",float32,8192,32768,0.03125,655360,16462643.200000001
YamNet,14,onnx::Conv_253_scale,[128],float32,128,512,0.000488,10240,257228.80000000002
YamNet,15,onnx::Conv_253_zero_point,[128],int8,128,128,0.000122,2560,64307.200000000004
YamNet,16,onnx::Conv_256,"[128, 1, 3, 3]",float32,1152,4608,0.004395,92160,2315059.2
YamNet,17,onnx::Conv_256_scale,[128],float32,128,512,0.000488,10240,257228.80000000002
YamNet,18,onnx::Conv_259,"[128, 128, 1, 1]",float32,16384,65536,0.0625,1310720,32925286.400000002
YamNet,19,onnx::Conv_259_scale,[128],float32,128,512,0.000488,10240,257228.80000000002
YamNet,20,onnx::Conv_262,"[128, 1, 3, 3]",float32,1152,4608,0.004395,92160,2315059.2
YamNet,21,onnx::Conv_262_scale,[128],float32,128,512,0.000488,10240,257228.80000000002
YamNet,22,onnx::Conv_265,"[256, 128, 1, 1]",float32,32768,131072,0.125,2621440,65850572.800000004
YamNet,23,onnx::Conv_265_scale,[256],float32,256,1024,0.000977,20480,514457.60000000003
YamNet,24,onnx::Conv_265_zero_point,[256],int8,256,256,0.000244,5120,128614.40000000001
YamNet,25,onnx::Conv_268,"[256, 1, 3, 3]",float32,2304,9216,0.008789,184320,4630118.4
YamNet,26,onnx::Conv_268_scale,[256],float32,256,1024,0.000977,20480,514457.60000000003
YamNet,27,onnx::Conv_271,"[256, 256, 1, 1]",float32,65536,262144,0.25,5242880,131701145.60000001
YamNet,28,onnx::Conv_271_scale,[256],float32,256,1024,0.000977,20480,514457.60000000003
YamNet,29,onnx::Conv_274,"[256, 1, 3, 3]",float32,2304,9216,0.008789,184320,4630118.4
YamNet,30,onnx::Conv_274_scale,[256],float32,256,1024,0.000977,20480,514457.60000000003
YamNet,31,onnx::Conv_277,"[512, 256, 1, 1]",float32,131072,524288,0.5,10485760,263402291.20000002
YamNet,32,onnx::Conv_277_scale,[512],float32,512,2048,0.001953,40960,1028915.2000000001
YamNet,33,onnx::Conv_277_zero_point,[512],int8,512,512,0.000488,10240,257228.80000000002
YamNet,34,onnx::Conv_280,"[512, 1, 3, 3]",float32,4608,18432,0.017578,368640,9260236.8
YamNet,35,onnx::Conv_280_scale,[512],float32,512,2048,0.001953,40960,1028915.2000000001
YamNet,36,onnx::Conv_283,"[512, 512, 1, 1]",float32,262144,1048576,1.0,20971520,526804582.40000004
YamNet,37,onnx::Conv_283_scale,[512],float32,512,2048,0.001953,40960,1028915.2000000001
YamNet,38,onnx::Conv_286,"[512, 1, 3, 3]",float32,4608,18432,0.017578,368640,9260236.8
YamNet,39,onnx::Conv_286_scale,[512],float32,512,2048,0.001953,40960,1028915.2000000001
YamNet,40,onnx::Conv_289,"[512, 512, 1, 1]",float32,262144,1048576,1.0,20971520,526804582.40000004
YamNet,41,onnx::Conv_289_scale,[512],float32,512,2048,0.001953,40960,1028915.2000000001
YamNet,42,onnx::Conv_292,"[512, 1, 3, 3]",float32,4608,18432,0.017578,368640,9260236.8
YamNet,43,onnx::Conv_292_scale,[512],float32,512,2048,0.001953,40960,1028915.2000000001
YamNet,44,onnx::Conv_295,"[512, 512, 1, 1]",float32,262144,1048576,1.0,20971520,526804582.40000004
YamNet,45,onnx::Conv_295_scale,[512],float32,512,2048,0.001953,40960,1028915.2000000001
YamNet,46,onnx::Conv_298,"[512, 1, 3, 3]",float32,4608,18432,0.017578,368640,9260236.8
YamNet,47,onnx::Conv_298_scale,[512],float32,512,2048,0.001953,40960,1028915.2000000001
YamNet,48,onnx::Conv_301,"[512, 512, 1, 1]",float32,262144,1048576,1.0,20971520,526804582.40000004
YamNet,49,onnx::Conv_301_scale,[512],float32,512,2048,0.001953,40960,1028915.2000000001
YamNet,50,onnx::Conv_304,"[512, 1, 3, 3]",float32,4608,18432,0.017578,368640,9260236.8
YamNet,51,onnx::Conv_304_scale,[512],float32,512,2048,0.001953,40960,1028915.2000000001
YamNet,52,onnx::Conv_307,"[512, 512, 1, 1]",float32,262144,1048576,1.0,20971520,526804582.40000004
YamNet,53,onnx::Conv_307_scale,[512],float32,512,2048,0.001953,40960,1028915.2000000001
YamNet,54,onnx::Conv_310,"[512, 1, 3, 3]",float32,4608,18432,0.017578,368640,9260236.8
YamNet,55,onnx::Conv_310_scale,[512],float32,512,2048,0.001953,40960,1028915.2000000001
YamNet,56,onnx::Conv_313,"[1024, 512, 1, 1]",float32,524288,2097152,2.0,41943040,1053609164.8000001
YamNet,57,onnx::Conv_313_scale,[1024],float32,1024,4096,0.003906,81920,2057830.4000000001
YamNet,58,onnx::Conv_313_zero_point,[1024],int8,1024,1024,0.000977,20480,514457.60000000003
YamNet,59,onnx::Conv_316,"[1024, 1, 3, 3]",float32,9216,36864,0.035156,737280,18520473.6
YamNet,60,onnx::Conv_316_scale,[1024],float32,1024,4096,0.003906,81920,2057830.4000000001
YamNet,61,onnx::Conv_319,"[1024, 1024, 1, 1]",float32,1048576,4194304,4.0,83886080,2107218329.6000001
YamNet,62,onnx::Conv_319_scale,[1024],float32,1024,4096,0.003906,81920,2057830.4000000001
YamNet,63,audio_scale,[],float32,0,4,4e-06,80,2009.6000000000001
YamNet,64,audio_zero_point,[],uint8,0,1,1e-06,20,502.40000000000003
YamNet,65,onnx::Conv_242,[32],float32,32,128,0.000122,2560,64307.200000000004
YamNet,66,/model/layer1/fused/relu/Relu_output_0_scale,[],float32,0,4,4e-06,80,2009.6000000000001
YamNet,67,/model/layer1/fused/relu/Relu_output_0_zero_point,[],uint8,0,1,1e-06,20,502.40000000000003
YamNet,68,onnx::Conv_245,[32],float32,32,128,0.000122,2560,64307.200000000004
YamNet,69,/model/layer2/depthwise_conv/relu/Relu_output_0_scale,[],float32,0,4,4e-06,80,2009.6000000000001
YamNet,70,onnx::Conv_248,[64],float32,64,256,0.000244,5120,128614.40000000001
YamNet,71,/model/layer2/pointwise_conv/relu/Relu_output_0_scale,[],float32,0,4,4e-06,80,2009.6000000000001
YamNet,72,onnx::Conv_251,[64],float32,64,256,0.000244,5120,128614.40000000001
YamNet,73,/model/layer3/depthwise_conv/relu/Relu_output_0_scale,[],float32,0,4,4e-06,80,2009.6000000000001
YamNet,74,onnx::Conv_254,[128],float32,128,512,0.000488,10240,257228.80000000002
YamNet,75,/model/layer3/pointwise_conv/relu/Relu_output_0_scale,[],float32,0,4,4e-06,80,2009.6000000000001
YamNet,76,onnx::Conv_257,[128],float32,128,512,0.000488,10240,257228.80000000002
YamNet,77,/model/layer4/depthwise_conv/relu/Relu_output_0_scale,[],float32,0,4,4e-06,80,2009.6000000000001
YamNet,78,onnx::Conv_260,[128],float32,128,512,0.000488,10240,257228.80000000002
YamNet,79,/model/layer4/pointwise_conv/relu/Relu_output_0_scale,[],float32,0,4,4e-06,80,2009.6000000000001
YamNet,80,onnx::Conv_263,[128],float32,128,512,0.000488,10240,257228.80000000002
YamNet,81,/model/layer5/depthwise_conv/relu/Relu_output_0_scale,[],float32,0,4,4e-06,80,2009.6000000000001
YamNet,82,onnx::Conv_266,[256],float32,256,1024,0.000977,20480,514457.60000000003
YamNet,83,/model/layer5/pointwise_conv/relu/Relu_output_0_scale,[],float32,0,4,4e-06,80,2009.6000000000001
YamNet,84,onnx::Conv_269,[256],float32,256,1024,0.000977,20480,514457.60000000003
YamNet,85,/model/layer6/depthwise_conv/relu/Relu_output_0_scale,[],float32,0,4,4e-06,80,2009.6000000000001
YamNet,86,onnx::Conv_272,[256],float32,256,1024,0.000977,20480,514457.60000000003
YamNet,87,/model/layer6/pointwise_conv/relu/Relu_output_0_scale,[],float32,0,4,4e-06,80,2009.6000000000001
YamNet,88,onnx::Conv_275,[256],float32,256,1024,0.000977,20480,514457.60000000003
YamNet,89,/model/layer7/depthwise_conv/relu/Relu_output_0_scale,[],float32,0,4,4e-06,80,2009.6000000000001
YamNet,90,onnx::Conv_278,[512],float32,512,2048,0.001953,40960,1028915.2000000001
YamNet,91,/model/layer7/pointwise_conv/relu/Relu_output_0_scale,[],float32,0,4,4e-06,80,2009.6000000000001
YamNet,92,onnx::Conv_281,[512],float32,512,2048,0.001953,40960,1028915.2000000001
YamNet,93,/model/layer8/depthwise_conv/relu/Relu_output_0_scale,[],float32,0,4,4e-06,80,2009.6000000000001
YamNet,94,onnx::Conv_284,[512],float32,512,2048,0.001953,40960,1028915.2000000001
YamNet,95,/model/layer8/pointwise_conv/relu/Relu_output_0_scale,[],float32,0,4,4e-06,80,2009.6000000000001
YamNet,96,onnx::Conv_287,[512],float32,512,2048,0.001953,40960,1028915.2000000001
YamNet,97,/model/layer9/depthwise_conv/relu/Relu_output_0_scale,[],float32,0,4,4e-06,80,2009.6000000000001
YamNet,98,onnx::Conv_290,[512],float32,512,2048,0.001953,40960,1028915.2000000001
YamNet,99,/model/layer9/pointwise_conv/relu/Relu_output_0_scale,[],float32,0,4,4e-06,80,2009.6000000000001
YamNet,100,onnx::Conv_293,[512],float32,512,2048,0.001953,40960,1028915.2000000001
YamNet,101,/model/layer10/depthwise_conv/relu/Relu_output_0_scale,[],float32,0,4,4e-06,80,2009.6000000000001
YamNet,102,onnx::Conv_296,[512],float32,512,2048,0.001953,40960,1028915.2000000001
YamNet,103,/model/layer10/pointwise_conv/relu/Relu_output_0_scale,[],float32,0,4,4e-06,80,2009.6000000000001
YamNet,104,onnx::Conv_299,[512],float32,512,2048,0.001953,40960,1028915.2000000001
YamNet,105,/model/layer11/depthwise_conv/relu/Relu_output_0_scale,[],float32,0,4,4e-06,80,2009.6000000000001
YamNet,106,onnx::Conv_302,[512],float32,512,2048,0.001953,40960,1028915.2000000001
YamNet,107,/model/layer11/pointwise_conv/relu/Relu_output_0_scale,[],float32,0,4,4e-06,80,2009.6000000000001
YamNet,108,onnx::Conv_305,[512],float32,512,2048,0.001953,40960,1028915.2000000001
YamNet,109,/model/layer12/depthwise_conv/relu/Relu_output_0_scale,[],float32,0,4,4e-06,80,2009.6000000000001
YamNet,110,onnx::Conv_308,[512],float32,512,2048,0.001953,40960,1028915.2000000001
YamNet,111,/model/layer12/pointwise_conv/relu/Relu_output_0_scale,[],float32,0,4,4e-06,80,2009.6000000000001
YamNet,112,onnx::Conv_311,[512],float32,512,2048,0.001953,40960,1028915.2000000001
YamNet,113,/model/layer13/depthwise_conv/relu/Relu_output_0_scale,[],float32,0,4,4e-06,80,2009.6000000000001
YamNet,114,onnx::Conv_314,[1024],float32,1024,4096,0.003906,81920,2057830.4000000001
YamNet,115,/model/layer13/pointwise_conv/relu/Relu_output_0_scale,[],float32,0,4,4e-06,80,2009.6000000000001
YamNet,116,onnx::Conv_317,[1024],float32,1024,4096,0.003906,81920,2057830.4000000001
YamNet,117,/model/layer14/depthwise_conv/relu/Relu_output_0_scale,[],float32,0,4,4e-06,80,2009.6000000000001
YamNet,118,onnx::Conv_320,[1024],float32,1024,4096,0.003906,81920,2057830.4000000001
YamNet,119,/model/layer14/pointwise_conv/relu/Relu_output_0_scale,[],float32,0,4,4e-06,80,2009.6000000000001
YamNet,120,/model/GlobalAveragePool_output_0_scale,[],float32,0,4,4e-06,80,2009.6000000000001
YamNet,121,/model/Constant_output_0,[2],int64,2,16,1.5e-05,320,8038.400000000001
YamNet,122,model.classifier.bias,[521],float32,521,2084,0.001987,41680,1047001.6000000001
YamNet,123,class_scores_scale,[],float32,0,4,4e-06,80,2009.6000000000001
YamNet,124,class_scores_zero_point,[],uint8,0,1,1e-06,20,502.40000000000003
YamNet,125,audio,"[1, 1, 96, 64]",uint8,6144,6144,0.005859,122880,3086745.6
YamNet,126,class_scores,"[1, 521]",uint8,521,521,0.000497,10420,261750.40000000002

YamNet - TOTAL,,TOTAL,,,3749108,14970525,14.28,299410500,7521191760.000001

